Article ID,Generated 1,Reference keywords,Generated 2,Match % (Generated 1),Match % (Generated 2)
Adaskina_IMS_2014,"слов, релевантных слов, слова, алгоритма, семантических классов, связи, релевантных, пополнения, алгоритм, пополнения семантических","полуавтоматическое пополнение словарей, семантические классы, синтаксические связи, словари для предметных областей, анализ клиентских отзывов, машинное обучение, алгоритм svm, итеративный алгоритм, термины персонала, неразмеченные данные","такая алгоритм,синтаксические связи,семантические классы,представленные результаты,предложенное подход,полуавтоматическое пополнение,коммерческие приложения,клиентские отзывы,автоматическое анализ,эффективность",0.0,20.0
Adaskina_IMS_2015,"документов, классификации, выборки, параметров, просмотренных документов, задачи классификации, классификации текстов, связи, полноты, синтаксические связи","text classification, bootstrapping, machine learning.","эффективность использования,сторона эксперта,синтаксические связи,предлагаемое метод,полуавтоматическое метод,показатели эффективности,оцениваемые эксперт,основа обучения,опыт применения,наше эксперимент",0.0,0.0
Adaskina_IMS_2015,"документов, классификации, выборки, параметров, просмотренных документов, задачи классификации, классификации текстов, связи, полноты, синтаксические связи","классификация, машинное обучение, обучение с
частичным привлечением учителя.","эффективность использования,сторона эксперта,синтаксические связи,предлагаемое метод,полуавтоматическое метод,показатели эффективности,оцениваемые эксперт,основа обучения,опыт применения,наше эксперимент",0.0,0.0
Adrova_IMS_2013,,,"оптимальное количество,настоящая статья,наихороший вариант,значительное сужение,внешние раунды,алгоритмы gost,алгоритм scrypt,работа,параметры,замедление",,
Akatkin_IMS_2014,,,"информация,обмен,техногенные катастрофы,такие направления,перспективы ит-импортозамещения,основа применения,налоговая информация,международный обмен,международное сотрудничество,конкретные направления",,
Aksarin_IMS_2013,,,"поведение,существенное влияние,стиль поведения,современные театры,пример проектов,привлечение зрителей,новое явление,новая сцена,настоящая статья,молодое поколение",,
Alexeeva_IMS_2015,"слов, словаря, текстов, вероятностных слов, документов, окрашенных слов, слова, социально-политической, словарь, коллекции","sentiment lexicon, web interface, crowdsourcing sentiment mark up, russian blogosphere, livejournal, test collection, topic modeling","разметка,эмоциональная оценка,такое анализ,социальные науки,социально-политическая направленность,сами тексты,ресурс http://linis-crowd.org,разметка тональности,прототип словаря,отобранные слова",0.0,0.0
Alexeeva_IMS_2015,"слов, словаря, текстов, вероятностных слов, документов, окрашенных слов, слова, социально-политической, словарь, коллекции","словарь тональной лексики, веб-интерфейс, краудсорсинг тональной разметки, российская блогосфера, «живой
журнал», размеченная коллекция, тематическое моделирование","разметка,эмоциональная оценка,такое анализ,социальные науки,социально-политическая направленность,сами тексты,ресурс http://linis-crowd.org,разметка тональности,прототип словаря,отобранные слова",0.0,0.0
Antipenko_IMS_2019,"русского языка, рас, языка, слов, слова, рдт, сети facebook, facebook, данных, русского","distributional semantics, corpus linguistics, social networks, associative
experiment, language consciousness, russian","языковой сознание,социальные сети,сопоставительный анализ,современные пользователи,русскоязычные тексты,результаты эксперимента,помощь алгоритмов,полученные результаты,полученные данные,лингвистический анализ",0.0,0.0
Antipenko_IMS_2019,"русского языка, рас, языка, слов, слова, рдт, сети facebook, facebook, данных, русского","дистрибутивная семантика, корпусная лингвистика, социальные
сети, ассоциативный эксперимент, языковое сознание, русский язык","языковой сознание,социальные сети,сопоставительный анализ,современные пользователи,русскоязычные тексты,результаты эксперимента,помощь алгоритмов,полученные результаты,полученные данные,лингвистический анализ",0.0,0.0
Antopolskii_IMS_2021,"лир, clarin, российских лир, данных, области лир, количество лир, например, использование лир, лингвистические, созданию лир","linguistic information resources, infrastructure, clarin. development program, services, llod","лир,поддержка,языковые ресурсы,программа развития,опыт clarin,облако llod,наихороший решение,информационная поддержка,финансирование,участие",0.0,0.0
Antopolskii_IMS_2021,"лир, clarin, российских лир, данных, области лир, количество лир, например, использование лир, лингвистические, созданию лир","лингвистические информационные ресурсы, инфраструктура, clarin. программа развития, сервисы, llod","лир,поддержка,языковые ресурсы,программа развития,опыт clarin,облако llod,наихороший решение,информационная поддержка,финансирование,участие",0.0,0.0
Artemova_IMS_2015,"паруса, латинские паруса, российской федерации, университет итмо, предметной области, слова, текстов, таким образом, латинские, терминов","ontology, parsing, semantic classifier","отдельные термины,электронное обучение,частота встречаемости,толкование терминов,текстовые источники,смысл онтологии,семантический классификатор,семантические классификатор,разработка онтологий,пример материалов",0.0,0.0
Artemova_IMS_2015,"паруса, латинские паруса, российской федерации, университет итмо, предметной области, слова, текстов, таким образом, латинские, терминов","онтологии, парсинг, семантический классификатор","отдельные термины,электронное обучение,частота встречаемости,толкование терминов,текстовые источники,смысл онтологии,семантический классификатор,семантические классификатор,разработка онтологий,пример материалов",0.0,33.33
Arzumanyan_IMS_2013,,,"целесообразность применения,роль мета-описаний,научные стати,концептуальные карты,информационные взаимодействия,гуманитарная область,статья,содержание,скорость,возрастание",,
Azarova_IMS_2016,"pwn, русского языка, языка, yarn, ресурсов, тыс, данных, russnet, тезаурус, проекта","lexical statistics, thesaurus, linguistic ontology, wordnet, dictionary
integration.","русский язык,30 тыс,синсеты,сочетание подходов,словарные единицы,семантические связи,сегодняшний день,свободная лицензия,результат проекта,работа экспертов",0.0,0.0
Azarova_IMS_2016,"pwn, русского языка, языка, yarn, ресурсов, тыс, данных, russnet, тезаурус, проекта","лексическая статистика, тезаурус, лингвистическая
онтология, wordnet, интеграция словарных данных.","русский язык,30 тыс,синсеты,сочетание подходов,словарные единицы,семантические связи,сегодняшний день,свободная лицензия,результат проекта,работа экспертов",20.0,0.0
Azarova_IMS_2018,"предложных конструкций, предлогов, сквозь, ipm, конструкций, предложных, предлог, производных предлогов, производный предлог, предлога","corpus lexical statistics, semantic domain, russian prepositional constructions, transitive prepositional constructions, temporal constructions, mediative constructions","структура предложений,статистические характеристики,смысловой рубрика,русский язык,производные предлогов,предложные конструкции,медиативные значения,корпусная реализация,зависимые слова,типы",0.0,0.0
Azarova_IMS_2018,"предложных конструкций, предлогов, сквозь, ipm, конструкций, предложных, предлог, производных предлогов, производный предлог, предлога","russian prepositions ‧ prepositional constructions ‧ preosition
meaning ‧ transitive constructions‧ temporal constructions ‧ mediative constructions","структура предложений,статистические характеристики,смысловой рубрика,русский язык,производные предлогов,предложные конструкции,медиативные значения,корпусная реализация,зависимые слова,типы",0.0,0.0
Bakhvalov_IMS_2020,"ошибок, данных, правил, генерации правил, правила, набора данных, правило, ошибки, генерации, набора","grammar check, automatic error correction, rule generation, rule-based, error detection","подход,существующая система,причина ошибки,привлечение лингвистов,полученные правила,новые языки,настоящая работа,написанное текст,машинное обучение,количество людей",0.0,0.0
Bakhvalov_IMS_2020,"ошибок, данных, правил, генерации правил, правила, набора данных, правило, ошибки, генерации, набора","проверка правописания, автоматическое исправление ошибок, генерация правил, детектирование ошибок","подход,существующая система,причина ошибки,привлечение лингвистов,полученные правила,новые языки,настоящая работа,написанное текст,машинное обучение,количество людей",0.0,0.0
Balakshina_IMS_2014,,,"электронные документы,кредитные организации,эксплуатационная модель,часть обмена,финансовые документы,федеральное казначейство,схема осуществления,система обмена,российская федерация,процесс приемапередачи",,
Baranov_IMS_2014,,,"электронный регион,электронное правительство,существенные барьеры,ростовская область,российская федерация,региональное сегмент,информационно-аналитическая система,данный процесс,статья,внедрение",,
Belinskaya_IMS_2014,"бан, академии наук, российской академии, академии, наук, российской, системы бан, ран, фонд бан, сайте бан","электронный каталог, оцифровка, фактографические базы данных, ирбис64, консервация документов, сохранность документов, мониторинг, биомониторинг, анализ данных","бан,электронное каталог,фактографические бд,оцифровка фондов,опыт автоматизации,библиотечные фонды,библиотечно-библиографические процессы,сохранность,создание,разработка",0.0,0.0
Belkin_IMS_2015,"области знаний, знаний, области, историческая демография, сети, элементарных знаний, историческая, сети области, предметной области, сетей","semantic network, knowledge domain, knowledge space, generating
principle, subject knowledge, professional knowledge, cognitive structure.","результаты развития,помощь системы,область знаний,историческая демография,формализм,применение,знания",0.0,0.0
Belkin_IMS_2015,"области знаний, знаний, области, историческая демография, сети, элементарных знаний, историческая, сети области, предметной области, сетей","семантическая сеть, область знаний, пространство
знаний, порождающий принцип, предметное знание, профессиональное
знание, когнитивная структура.","результаты развития,помощь системы,область знаний,историческая демография,формализм,применение,знания",0.0,14.29
Belkin_IMS_2024,"данных, отзывов, данные, отзывы, анализа тональности, набор данных, пользователей, тональности, количество, отзывах","отзывы пациентов поликлиник, открытые данные, яндекс карты, веб-скрапинг, естественная обработка языка, анализ тональности, тематическое моделирование","пользовательские отзывы,процесс сбора,медицинские учреждения,учреждение здравоохранения,требующие внимание,тематический моделирование,стилистическое разнообразие,сравнительное анализ,сбор данных,сайты поликлиник",0.0,0.0
Belov_IMS_2018,"текстов, русского языка, документов, корпус, документы, правила, локальных документов, языка, правила поведения, например","legal corpora, official texts, corpus of russian internal documents, socially
important domains","русский язык,локальные документы,число,разметка,языковые черты,языковой сложность,формирование корпуса,точка зрения,типы текстов,существующие корпусы",0.0,0.0
Belov_IMS_2018,"текстов, русского языка, документов, корпус, документы, правила, локальных документов, языка, правила поведения, например","корпус русских локальных документов, официально-деловые
тексты, типы текстов, социально-значимые домены (здравоохранение, образование, культура)","русский язык,локальные документы,число,разметка,языковые черты,языковой сложность,формирование корпуса,точка зрения,типы текстов,существующие корпусы",0.0,16.67
Belova_IMS_2014,,,"нижегородская область,электронный гражданин,формирование кампании,социальные проекты,реализуемые правительство,пример проекта,популяризация проекта,использование интернета,использование интернет-инструментов,информационное общество",,
Bershadskaya_IMS_2013,,,"электронное правительство,статья,электронные услуги,сервис мониторинга,качество инструмента,имеющая ретроспектива,2013 года,развитие,апрель,анализ",,
Bikkulov_IMS_2013,,,"подростковые самоубийства,данная тема,статья,российская блогосфера,последующая динамика,динамика обсуждаемости,явление,россия,проблематика,помощь",,
Bikova_IMS_2023,"эмо, текст, дзи, лемматизированный текст, пунктуацией, logistic regression, текста, пунктуации, bow, лемматизированный","анализ эмоций, эмоциональная окраска текста, эмо́дзи, машинное обучение, нейронные сети","мягкий голосование,f1-мера weighted,f1-мера macro,текст постов,социальная сеть,содержащие эмо́дзь,наихороший результат,модель bow,мешок слов,данная работа",0.0,0.0
Blinova_IMS_2017,"типа, pl.pej, именных групп, форм, множественного пейоративного, формы, сидоровых, множественного, групп, форм pl.pej","russian, webcorpus, rutenten, query parameters, semantics, secondary meanings of plural, proper names, pejorative
plural, noun phrase, co-occurrence, quantifiers, sentiment analysis","именные группы,конструкция,компоненты,элективные конструкция,счётные существительные,русский язык,результаты исследования,пятьсот сидоровых,применение cql,наречия типа",0.0,0.0
Blinova_IMS_2017,"типа, pl.pej, именных групп, форм, множественного пейоративного, формы, сидоровых, множественного, групп, форм pl.pej","русский язык, веб-корпус, rutenten, параметры поиска, семантика, частные значения числа, имена собственные, пейоративное множественное, сочетаемость, кванторные
слова, отрицательное мнение о людях, анализ тональности.","именные группы,конструкция,компоненты,элективные конструкция,счётные существительные,русский язык,результаты исследования,пятьсот сидоровых,применение cql,наречия типа",0.0,8.33
Bogomolova_IMS_2013,,,"государственное управление,предметная область,россия,коллекции,формирование онтологии,тематические публикации,статистические данные,сквозной поиск,разработка онтологии,помощь онтологии",,
Bogoraz_IMS_2013,,,"различные показатели,межсетевые экраны,информационные системы,статья,сравнение,приложение,анализ",,
Bogoraz_IMS_2014,"социальные сети, социальной сети, сети, социальных сетей, социальных сетях, социальных, социальная сеть, пользователя, социальные, социальной","социальные сети, распределенные социальные сети, децентрализованные социальные сети, анализ, безопасность, персональные данные, приватность","социальные сети,типовая архитектура,социальная сеть,прямые угроза,повышение сохранности,основные проблемы,косвенные угроза,данная работа,безопасное взаимодействие,анализ угроз",14.29,14.29
Boikov_IMS_2018,"стихового текста, рифмующихся слов, согласных, рифмы, рифма, слов, текста, кортежей согласных, гласных, стихового","automated rhyme search, information-analytical system, phonetic word model, verse mark up, specification of verse text, thesaurus of poetics, accuracy and richness of rhyme, formal language of verse description","стиховой текст,рифмующиеся слова,рифмы,формально-языковой модель,полученная классификация,очевидная процедура,классификационный код,богатство созвучия,атрибут спецификации,автоматическое поиск",0.0,0.0
Boikov_IMS_2018,"стихового текста, рифмующихся слов, согласных, рифмы, рифма, слов, текста, кортежей согласных, гласных, стихового","автоматический поиск рифмы, информационно-аналитическая
система, модель фонетического слова, разметка стиха, созвучие, спецификация
стихового текста, тезаурус по поэтологии, точность и богатство рифмы, формальный
язык стиха.","стиховой текст,рифмующиеся слова,рифмы,формально-языковой модель,полученная классификация,очевидная процедура,классификационный код,богатство созвучия,атрибут спецификации,автоматическое поиск",0.0,0.0
Boikov_IMS_2019,"имеет место, слоговым объемом, min, max, икте, объемные показатели, междуиктовых интервалов, стих, место ударение, слова","verse, verse segmentation, syllabic volume of a verse segment, inter-ictic interval, meter-generating verse period, verse meter, verse meter regulatives","стиховой текст,русский стих,метр,формально-языковая модель,фонетичское слово,такие явления,схемный ударение,слоговой представление,ритм стиха,репертуар метров",0.0,0.0
Boikov_IMS_2019,"имеет место, слоговым объемом, min, max, икте, объемные показатели, междуиктовых интервалов, стих, место ударение, слова","стих, сегментация стиха, слоговой объем сегмента стиха, междуиктовый интервал, метрообразующий период стиха, метр стиха, регулятивы
стихового метра.","стиховой текст,русский стих,метр,формально-языковая модель,фонетичское слово,такие явления,схемный ударение,слоговой представление,ритм стиха,репертуар метров",14.29,0.0
Bolgov_IMS_2013,,,"электронное участие,электронная демократия,сравнительное анализ,разные страны,пять опросов,проведённое авторы,восточная европа,важные сектор,швейцария,угроза",,
Borisov_IMS_2014,,,"ряд,театральные проекты,театральные представления,театральные постановки,российская федерация,прототип системы,программа развития,новая сцена,мультимедиа технологий,многопотоковая интернет-трансляция",,
Borisov_Shustrova_IMS,,,"точка зрения,средство коммуникации,современные технологии,новые технологии,текст,театр,пространство,использование,интернет,аудитория",,
Borisov_Zakharkina_IMS,,,"театральный коллективы,творческая деятельность,новая сцена,многопотоковое онлайн-вещание,виртуальная лаборатория,александринский театр,проблемы,портал,инструмент",,
Boyarsky_IMS_2013,,,"использование,фразеологические словосочетания,синтаксический анализ,процедура токенизации,принципы работы,предсинтаксический модуль,отдельные слова,морфологический разбор,ближайшее контекст,неоднозначность",,
Boyarsky_IMS_2015,"следует сущ, сущ, стоит сущ, словосочетанием следует, прил, предлог, словосочетания стоит, словосочетанием, следует, стоит","sentence analysis, collocations, parts of speech","эквивалентные слово,точность порядка,такие словосочетания,семантические значения,свободные словосочетания,русский язык,проведённая оценка,правое контекст,подобные словосочетания,некоторые случаи",0.0,0.0
Boyarsky_IMS_2015,"следует сущ, сущ, стоит сущ, словосочетанием следует, прил, предлог, словосочетания стоит, словосочетанием, следует, стоит","анализ предложения, обороты, словосочетания, части речи","эквивалентные слово,точность порядка,такие словосочетания,семантические значения,свободные словосочетания,русский язык,проведённая оценка,правое контекст,подобные словосочетания,некоторые случаи",0.0,0.0
Boyarsky_IMS_2015,,"анализ предложения, обороты, словосочетания, части речи","эквивалентные слово,точность порядка,такие словосочетания,семантические значения,свободные словосочетания,русский язык,проведённая оценка,правое контекст,подобные словосочетания,некоторые случаи",,0.0
Boyarsky_IMS_2017,"словосочетание, ближайшем контексте, предлога, следует слово, сочетанием предлога, слово, является словосочетание, контексте, ним следует, наречные обороты","sentence analysis, collocations, morphological analysis, parts of speech, lemmas, semantic classes.","удалённый контекст,ближайшее контекст,существительное,словосочетания,эквивалентные слово,устойчивый оборот,снятие омонимии,семантические классы,русскоязычное текст,решение вопроса",0.0,0.0
Boyarsky_IMS_2017,"словосочетание, ближайшем контексте, предлога, следует слово, сочетанием предлога, слово, является словосочетание, контексте, ним следует, наречные обороты","анализ предложения, словосочетания, лексические обороты, морфологический анализ, части речи, леммы, семантические классы.","удалённый контекст,ближайшее контекст,существительное,словосочетания,эквивалентные слово,устойчивый оборот,снятие омонимии,семантические классы,русскоязычное текст,решение вопроса",0.0,14.29
Boyarsky_IMS_2019,"слово, прописной буквы, слова, словаре, слов, некоторых случаях, случаях, целевое слово, топонимов, название","toponyms, ambiguity, text analysis, parser, marker words","топонимы,словарь,частотные словосочетания,узкоспециальный характер,сопутствующие слова,соответствующее класс,семантико-синтаксический анализ,ряд случаев,русскоязычные тексты,полученные результаты",0.0,0.0
Boyarsky_IMS_2019,"слово, прописной буквы, слова, словаре, слов, некоторых случаях, случаях, целевое слово, топонимов, название","топонимы, омонимия, анализ текста, парсер, маркерные слова","топонимы,словарь,частотные словосочетания,узкоспециальный характер,сопутствующие слова,соответствующее класс,семантико-синтаксический анализ,ряд случаев,русскоязычные тексты,полученные результаты",0.0,20.0
Boyarsky_IMS_2021,"предложные обороты, слов, обороты, фраземы, оборотов, например, сочетанием слов, предложных оборотов, является, предложные","automatic text analysis, homonymy, lexical phrases, prepositional groups","фраземы,частотные фразем,частеречная омонимия,функции предлогов,удалённый контекст,третья группа,такие обороты,снятие омонимии,сложность анализа,семантическая неоднозначность",0.0,0.0
Boyarsky_IMS_2021,"предложные обороты, слов, обороты, фраземы, оборотов, например, сочетанием слов, предложных оборотов, является, предложные","автоматический анализ текста, омонимия, словосочетания, лексические обороты, предложные группы","фраземы,частотные фразем,частеречная омонимия,функции предлогов,удалённый контекст,третья группа,такие обороты,снятие омонимии,сложность анализа,семантическая неоднозначность",0.0,0.0
Boykov_IMS_2013,,,"системообразующее ядро,русская поэзия,поэтические тексты,логико-семантическая модель,данный тезаурус,аналитическая обработка,требования,тезаурус,поэтология,модель",,
Brodovskaya_IMS_2013,,,"статья,современная россия,российские пользователи,политические функции,политическая субъектность,особенности восприятия,глобальная сеть,шолохов,пространство,интернет",,
Brodovskaya_IMS_2014,"школа великих, великих книг, книг, великих, школа, исследования, участников, клубе, сообщений, участников исследования","самообразование, кибернетический анализ, россия, великие книги, эффективность, россия, язык, социальные медиа, контент-анализ, сообщения","такое метод,оценка работы,киберметрический анализ,великие книги,школа,статья,совершенствование,рекомендации,результаты,реализация",0.0,11.11
Brodovskaya_Karzubov_IMS,,,"электронное голосование,электронная демократия,характер изменений,социальные сети,сетевые имиджи,проправительственные структуры,политологический сообщество,политические системы,политические партия,политические лидеры",,
Brodovskaya_Siniakov_IMS,,,"ценностный выбор,ценностные стереотипы,ценностные предпочтения,ценностные ориентации,ценностная структура,ценностная иерархия,тип интернет-культуры,результат исследования,одна сторона,инструментарий исследования",,
Chekmeneva_IMS_2018,"цвет, сочетания, цвета, красный, метафоры, частотными оказались, белый, синий, фиолетовый, слово","corpus linguistics, frequency of lexical units, russian national corpus, colors, berlin and kay theory, basic color terms, synesthetic metaphors","русский язык,проблема употребления,обозначающие цвет,метафорические цветообозначения,корпусные исследования,данная работа,абстрактные существительные,прилагательные-цветообозначения,основа,корреляция",0.0,0.0
Chekmeneva_IMS_2018,"цвет, сочетания, цвета, красный, метафоры, частотными оказались, белый, синий, фиолетовый, слово","корпусы текстов, частотность лексических единиц, поэтический
корпус нкря, прилагательные обозначающие цвета, теория базовых обозначений
цвета берлина и кэя, синестетическая метафора","русский язык,проблема употребления,обозначающие цвет,метафорические цветообозначения,корпусные исследования,данная работа,абстрактные существительные,прилагательные-цветообозначения,основа,корреляция",0.0,0.0
Chekmeneva_IMS_2019,"области цели, метафора, области, метафоры, музыка, слова, является, области источника, цели, метафора является","corpus linguistics, metaphor, conceptual metaphor, cognitive metaphor, corpus of
texts","автор,различные теория,процесс исследования,описывающие метафора,музыковедческий дискурс,музыковедческая тематика,корпус текстов,концептуальная метафоры,исследование феномена,данная работа",0.0,0.0
Chekmeneva_IMS_2019,"области цели, метафора, области, метафоры, музыка, слова, является, области источника, цели, метафора является","корпусная лингвистика, корпус текстов, метафора, концептуальная метафора, музыковедческий дискурс","автор,различные теория,процесс исследования,описывающие метафора,музыковедческий дискурс,музыковедческая тематика,корпус текстов,концептуальная метафоры,исследование феномена,данная работа",20.0,40.0
Chirkin_IMS_2013,,,"частые проблемы,data mining,data extraction,статья,сеть,решения,описание,интернет",,
ChizhikEgorov_IMS_2022,"симптомов, пользователя, егоров введение, мультимодальные интеллектуальные, интеллектуальные ассистенты, данных, данные, задачи, взаимодействия, пациента","чат-бот, человеко-машинный диалог, векторизация текста, интента","эмпатичная беседа,экспериментальная реализация,такие приложения,методы построения,медицинские цели,логистическая регрессия,конкретная цель,данная статья,функциональность,удовлетворение",0.0,0.0
ChizhikEgorov_IMS_2023,"рис, данных, симптомов, пациентов, поэтому, симптома, модель, модели, является, логистической регрессии","здравоохранение, разговорный ии, языковые модели, человеко-машинный диалог","разработанный модуль,предупреждение заболеваний,предварительный диагноз,превентивная медицина,поддержка модели,особенности моделей,общий алгоритм,модуль обработки,метрики качества,машинное обучение",0.0,0.0
ChizhikMelnikovaZakharov_IMS_2022,"социального настроения, данных, тональности комментариев, настроения, настроение, тональности, комментариев, социальное настроение, рис, является","эмоциональное картирование, тематическое моделирование, оценка тональности, векторизация текста","цель выделения,тематические паблики,социальная сеть,случайный лес,отражающая индекс,опорные векторы,описание эксперимента,несколько алгоритмов,машинное обучение,логистическая регрессия",0.0,0.0
ChizhikMelnikova_IMS_2022,"данных, данные, текстовых данных, медицинских данных, медицинских, датасет, информации, симптомов, обработка текстовой, естественном языке","датасет, ner, анализ текста","собственный эксперимент,слабоструктурированные тексты,проведённое исследование,последующее анализ,опубликованный датасет,описание проблем,медицинская сфера,именованные сущности,диалоговый агент,данная статья",33.33,0.0
Chizhik_IMS_2013,,,"случай рекламы,рекламные кампании,возможные технологии,статья,сеть,интернет,анализ,автор",,
Chizhik_IMS_2014,"сми, массовой информации, информации, сети интернет, традиционных сми, читательской аудитории, аудитории, сети, аудитории сми, интернет","медиа, медиакоммуникация, традиционные сми, интернет-сми, twitter-аудитория, пост, сетевой анализ, гражданская журналистика, информеры, агрегатов, социальные сети","традиционные сми,данный исследование,статья,рамки,интернет,анализ",0.0,9.09
Chizhik_IMS_2021,"слов, данных, lda, lsa, количество слов, набор данных, тематического моделирования, темы, количество, набор","topic modeling, text embeddings, lda, lsa","тематическое моделирование,тематический моделирование,тематические кластеры,такой образ,социальные сети,репрезентативность выводов,прикладная метод,первый план,общественное настроение,обсуждения пользователей",50.0,0.0
Chizhik_IMS_2021,"слов, данных, lda, lsa, количество слов, набор данных, тематического моделирования, темы, количество, набор","тематическое моделирование, векторная модель, латентный
семантический анализ, латентное размещение дирихле, lda, lsa","тематическое моделирование,тематический моделирование,тематические кластеры,такой образ,социальные сети,репрезентативность выводов,прикладная метод,первый план,общественное настроение,обсуждения пользователей",33.33,16.67
Chizhik_IMS_2023,"точки зрения, текстов, таким образом, векторизации, анализа тональности, анализа, данных, тональности, социальных, слов","векторизация текстов, анализ тональности, социальные медиа","использование,целые предложения,социальные сети,метрики качества,машинное обучение,короткие сообщения,задача методов,дистрибутивная семантика,дизайн исследования,данная статья",0.0,0.0
Chugunov_IMS_2014,,,"электронное правительство,тематика,повестка дня,электронные услуги,цель анализа,тематика услуг,специфика формирования,санктпетербургский кампус,публикуемые сообщения,отдельные темы",,
Danilina_IMS_2014,"произведения, правовые положения, правовые, автора, авторских текстов, целях, согласия автора, положения, учебных целях, учебных","авторское право, учебник, книга для чтения","учебные цели,вопросы,учебная литература,применение сети,правовое функционирование,оцифрованные учебники,особое внимание,авторское право,авторские тексты,интернет",0.0,33.33
Dmitrieva_IMS_2014,,,"российская практика,публичная власть,исполнительная власть,вопросы создания,работа,авторы",,
Dubovik_IMS_2017,"текстов, стиля, стилей, тексты, стиль, делового стиля, значение, существительное, текста, текстах","style, classification, corpus linguistics, stylomet","статистические параметры,принадлежность текста,основание методов,определение стилей,используемые параметры,эксперименты,предположение,материал,корпусы,исследование",0.0,0.0
Dubovik_IMS_2017,"текстов, стиля, стилей, тексты, стиль, делового стиля, значение, существительное, текста, текстах","стиль, классификация, корпусная лингвистика, стилеметрия, типология.","статистические параметры,принадлежность текста,основание методов,определение стилей,используемые параметры,эксперименты,предположение,материал,корпусы,исследование",20.0,0.0
Dyakova_IMS_2013,,,"электронное правительство,управленческие приоритеты,специфика перехода,модные тренды,какой образ,имеющаяся система,статья,китай",,
Dyakova_IMS_2014,,,"коррупция,электронное правительство,информационные технологии,статья,борьба,условия существования,усиление контроля,социальное знание,совместный проекты,рамки программы",,
Erkimbaev_IMS_2015,"uds, онтологии, классов, свойств, рис, например, наноматериалов, области, chebi, описания","ontology, information model.

nanomaterials, nano-object, hierarchy

of

classes","свойства,российская онтология,разработанные онтологии,объёмный наноматериалы,область материаловедения,новые объекты,новая онтология,информационная модель,главные достоинство,возможность расширения",0.0,0.0
Erkimbaev_IMS_2015,"uds, онтологии, классов, свойств, рис, например, наноматериалов, области, chebi, описания","онтология, наноматериалы, нано-объекты, иерархия
классов, информационная модель.","свойства,российская онтология,разработанные онтологии,объёмный наноматериалы,область материаловедения,новые объекты,новая онтология,информационная модель,главные достоинство,возможность расширения",0.0,0.0
Evtushenko_IMS_2013,,,"прозрачность,планирование,сегодняшний день,реалии глобализации,отсутствие ответственности,основные предпосылки,обоснование необходимости,единая система,государственное управление,архитектурный подход",,
Filchenkov_IMS_2014,"социальных медиа, социальных, выборов, предсказания, медиа, протестов, результатов выборов, задача предсказания, является, протесты","прогнозирование исходов выборов, прогнозирование протестов, цифровые следы, анализ социальных медиа","широкий доступ,теоретическая предсказуемость,сравнительный анализ,социальные медиа,сии поры,протестная активность,научные стати,задача прогнозирования,доступность данных,данная статья",0.0,0.0
Filippova_IMS_2014,,,"сми,уровень дохода,социальные сети,современные медиасистемы,правящие классы,первое уровень,основные характеристики,новые медиа,называемые сми,массовая коммуникация",,
Gavrilkina_IMS_2023,"отношений, ролей, роль, сущностей, роли, идентификации ролей, ролей сущностей, причина, определена роль, сущности","семантические роли, информационный поиск, автоматическая обработка текста, полнотекстовое индексирование","оценка качества,назначение ролей,контекст задачи,эксперимент,условие,статья,соответствие,причина,подходы,подход",0.0,0.0
Godgildieva_IMS_2016,"русского языка, языка, verbalex, русского, глагола, чешского языка, словаря, словаря валентностей, валентности, семантических ролей","valency, valency dictionary, russian, verbalex.","русский язык,цель работы,русский глагол,проект verbalex,принимаемые глагол,полуавтоматический образ,модель описания,качество эксперимента,данный момент,аргументная структура",0.0,0.0
Godgildieva_IMS_2016,"русского языка, языка, verbalex, русского, глагола, чешского языка, словаря, словаря валентностей, валентности, семантических ролей","валентность, словарь валентностей, русский язык, verbalex.","русский язык,цель работы,русский глагол,проект verbalex,принимаемые глагол,полуавтоматический образ,модель описания,качество эксперимента,данный момент,аргументная структура",0.0,25.0
Golitsina_IMS_2021,"элементарных фактов, определений понятий, отношений, поискового образа, например, определение понятия, определений, элементарных, связь, текста","text processing, fact extraction, ontology, taxonomy of relationships, definition of
concepts","определение понятия,отношения,элементарные факты,типы отношений,таксономия отношений,сопоставимость смыслов,соответствующие триплеты,содержание текста,ситуативные отношения,результаты эксперимента",0.0,0.0
Golitsina_IMS_2021,"элементарных фактов, определений понятий, отношений, поискового образа, например, определение понятия, определений, элементарных, связь, текста","обработка текста, извлечение фактов, онтология, таксономия
отношений, определение понятий","определение понятия,отношения,элементарные факты,типы отношений,таксономия отношений,сопоставимость смыслов,соответствующие триплеты,содержание текста,ситуативные отношения,результаты эксперимента",0.0,0.0
Gorelik_IMS_2013,,,"электронная услуги,электронная регистрация,такая регистрация,состав профиля,результат регистрации,процедура регистрации,профиль пользователя,поставщик услуг,основной акцент,общегражданский паспорт",,
Goryunova_IMS_2017,"предметной области, предметной, специализированной предметной, области, языка uml, онтологий, использование языка, связана, модели предметной, классификации онтологий","оntologies, subject areas, modeling, classes, attributes, queries, dictionaries
scientific degree, position, organization – country.","предметная область,формальные экземпляры,формальные таксономия,онтологическая модель,экземпляры,функции,тезаурус,статья,свойства,представление",0.0,0.0
Goryunova_IMS_2017,"предметной области, предметной, специализированной предметной, области, языка uml, онтологий, использование языка, связана, модели предметной, классификации онтологий","онтологии, предметные области, моделирование, классы, атрибуты, запросы, словари","предметная область,формальные экземпляры,формальные таксономия,онтологическая модель,экземпляры,функции,тезаурус,статья,свойства,представление",0.0,0.0
Grebennikov_IMS_2020,"русского языка, языка, рассказов, русских рассказов, целом, русского, корпуса, словарей, частотных, слов","text corpus, russian short stories, stylometry, frequency dictionary, frequency distribution","русские рассказы,данные,частотный словарь,частотные словари,частотное словарь,цель выявления,художественная проза,хороший индикатор,русский язык,распределение частот",0.0,0.0
Grebennikov_IMS_2020,"русского языка, языка, рассказов, русских рассказов, целом, русского, корпуса, словарей, частотных, слов","корпус текстов, русский рассказ, стилеметрия, частотный словарь, распределение частот","русские рассказы,данные,частотный словарь,частотные словари,частотное словарь,цель выявления,художественная проза,хороший индикатор,русский язык,распределение частот",0.0,40.0
Grigorieva_IMS_2013,,,"социальное исключение,современное общество,пожилые работа,пожилые люди,настоящая статья,крайняя мера,актуальное вопрос,тема,старение,рассмотрение",,
Grigoryeva_IMS_2014,,,"социологические конструкты,рынок труда,пожилые икт,пилотный исследование,данная статья,фокус,старение,рамки,обучение,изменение",,
Grigoryuk_IMS_2013,,,"управление,данные,эффективная работа,ход экспериментов,программное обеспечение,предложенная архитектура,практическая реализация,неструктурированные данные,концептуальные основы,качество примера",,
Grokhovskiy_IMS_2014,"юникоде длиной, тип, тибетской грамматической, строка, тэг, юникоде, грамматической терминологии, tei, грамматической, данных","лексическая база, корпус тибетских грамматических сочинений, параллельный тибетско-русский корпус, тибетская грамматическая терминология, специальная терминологическая разметка, базовый грамматический термин, фонологический термин, синонимия, гипонимия","такой образ,свод памятников,русский язык,представляющая интерес,основа корпуса,описание работ,общее языкознание,настоящий доклад,задачи проекта,данная традиция",0.0,0.0
Ivanchenko_IMS_2013,,,"российская федерация,профессорскопреподавательская среда,мобильные устройства,мобильные технологии,информационные сервисы,сфера,работа,платформы",,
Ivanko_IMS_2013,,,"экспериментальный подтверждение,результаты работы,полученные результаты,первое упоминание,первая работа,основной цель,многие детали,данная статья,статья,создание",,
Ivanova_IMS_2019,"игры, глаголы, сша, мировой войны, первой мировой, видеоигры, видеоигр, военные игры, войны, играх","computer wargames, language, content analysis, verbs, rhetoric","компьютерные игры,вербальные компоненты,цифровые медиа,трансляция ценностей,страновые различия,сопоставление слов,соперничество действий,основные результаты,описания миссий,негативные коннотации",0.0,0.0
Ivanova_IMS_2019,"игры, глаголы, сша, мировой войны, первой мировой, видеоигры, видеоигр, военные игры, войны, играх","военные видеоигры, язык, контент-анализ, глаголы, риторика","компьютерные игры,вербальные компоненты,цифровые медиа,трансляция ценностей,страновые различия,сопоставление слов,соперничество действий,основные результаты,описания миссий,негативные коннотации",20.0,0.0
Juk_IMS_2013,,,"2013 года,социальные медиа,сервис мониторинга,рядовые пользователи,новое закон,качество инструментария,интеллектуальная собственность,антипиратский закон,15 июля,1 августа",,
Kalinichenko_IMS_2014,,,"экономикоматематический моделирование,управленческие решения,региональное развитие,прогнозно-аналитические задачи,основные классы,основа методов,государственное планирование,статья,санкт-петербург,рамки",,
Kanygin_IMS_2014,"знания, помощью, например, структуры, виде, пользователя, предопределенной структуры, представления, визуализации, управления","управление знанием, социальное знание, актор, связность знания, визуализация информации, структура знания, компилируемые структуры, графы","компиляция,структура знаний,социальное управление,новые возможность,информационно-аналитический обеспечение,естественность правил,визуальные структуры,агрегированные представление,статья,развитие",0.0,0.0
Kanygin_IMS_2015,"ран, рид ран, асу рид, знания, доктор наук, фано, житель города, наук, рид, асу","context-oriented ontology, document flow.","контекстно-ориентированная онтология,статья,помощь,функциональный состояние,сообщество акторов,собственная компетентность,пример процесса,предлагаемое подход,наполнение онтологии,контекстноориентированный онторедактор",0.0,0.0
Kanygin_IMS_2015,"ран, рид ран, асу рид, знания, доктор наук, фано, житель города, наук, рид, асу","контекстно-ориентированная онтология, документооборот.","контекстно-ориентированная онтология,статья,помощь,функциональный состояние,сообщество акторов,собственная компетентность,пример процесса,предлагаемое подход,наполнение онтологии,контекстноориентированный онторедактор",0.0,50.0
Kapterev_IMS_2014,,,"старшие школьники,результат анализа,профориентационные решения,продукционные алгоритмы,проблемная ситуация,отечественный управление,основа модели,частность,спппр,профориентация",,
Karbovskii_IMS_2013,,,"экстремальные ситуации,социальные процессы,персональные решения,интеллектуальная поддержка,аспекты разработки,основа,моделирование",,
Karnup_IMS_2013,,,"язык общения,корпусная лингвистика,качественное анализ,использование методов,статья,попытка,twitter",,
Karyaeva_IMS_2018,"википедии, отношений, отношения, извлечения, отношение, предметной области, терминов, извлечения отношений, отношения меронимии, русской википедии","thesaurus, semantic relations, data mining, knowledge acquisition, domain
engineering, machine learning, word2vec","предметная область,поэтология,семантические отношения,термины,качество,терминологическая коллекция,такие виды,стихотворное произведение,словарь концептов,разработка методов",0.0,0.0
Karyaeva_IMS_2018,"википедии, отношений, отношения, извлечения, отношение, предметной области, терминов, извлечения отношений, отношения меронимии, русской википедии","тезаурус, семантические отношения, data mining, knowledge
acquisition, domain engineering, machine learning, word2vec","предметная область,поэтология,семантические отношения,термины,качество,терминологическая коллекция,такие виды,стихотворное произведение,словарь концептов,разработка методов",0.0,14.29
Kazakov_IMS_2014,"социальных сетей, социальных, социальных сетевых, социальные сети, социальной сети, интернет, реальных социальных, социальных интернет, социальные, сервисов","социальная сеть, сетевой сервис, многоагентная система","указанные проблемы,такие сервисы,принципиальные проблемы,описание явления,некоторые проблемы,интеллектуальные агенты,декларируемая миссия,данные проблемы,анализ явления,терминология",0.0,0.0
Khodorkovsky_IMS_2023,"сущности, информации, информация, сведения, системы, свойства, деятельности, деятельности системы, свойства сущности, обозначение","сведения, информация, информационная коммуникация, данные, сигнал, преобразование информации, потенциальная информация","сущность,сведение,информационная коммуникация,система,свойства,информация,структурированное сообщение,соотношение понятий,очередной шаг,определение понятия",28.57,28.57
Khokhlova_IMS_2016,"русского языка, araneum russicum, млн слов, русского, текстов, корпус, языка, слов, корпуса, тексты","text corpora, web corpora, russian national corpus, rutenten, russian
web corpus, big data.","русский язык,последнее время,подобные корпусы,обзор корпусов,корпусы текстов,генеральный корпус,статья,содержание,построение,объём",0.0,0.0
Khokhlova_IMS_2016,"русского языка, araneum russicum, млн слов, русского, текстов, корпус, языка, слов, корпуса, тексты","корпусы текстов, интернет-корпусы, rutenten, russianweb корпус, большие данные.","русский язык,последнее время,подобные корпусы,обзор корпусов,корпусы текстов,генеральный корпус,статья,содержание,построение,объём",0.0,20.0
Khokhlova_IMS_2017,"мера, биграмм, меры, мер, сочетаний, результаты, количество, данная мера, количество сочетаний, наибольшее количество","statistical tools, measures of association, bigrams, mi, ll, mi3, minimum sensitivity, t-score.","рамки словосочетаний,основные характеристики,корпусный материал,квантитативные методы,используемые меры,иные коэффициенты,данные метрик,число,статья,сравнение",0.0,0.0
Khokhlova_IMS_2017,"мера, биграмм, меры, мер, сочетаний, результаты, количество, данная мера, количество сочетаний, наибольшее количество","статистический
аппарат, ассоциации, биграммы, mi, ll, mi3, ms, t-score меры","рамки словосочетаний,основные характеристики,корпусный материал,квантитативные методы,используемые меры,иные коэффициенты,данные метрик,число,статья,сравнение",0.0,0.0
Khokhlova_IMS_2018,"данных, сочетаемости, база данных, языка, русского языка, словосочетания, token start, слов, представлены, база","collocability, collocations, dictionaries, database, text corpora, statistics","существующие системы,русский язык,реализация проекта,разнообразные словари,разнообразные задачи,прикладная лингвистика,представляющие информация,основа корпусов,материал словарей,извлечённые коллокация",0.0,0.0
Khokhlova_IMS_2018,"данных, сочетаемости, база данных, языка, русского языка, словосочетания, token start, слов, представлены, база","сочетаемость, коллокации, словари, база данных, корпусы
текстов, статистика","существующие системы,русский язык,реализация проекта,разнообразные словари,разнообразные задачи,прикладная лингвистика,представляющие информация,основа корпусов,материал словарей,извлечённые коллокация",16.67,0.0
Khokhlova_IMS_2019,"результаты, мер, словосочетаний, меры, совместной встречаемости, коллокации, фишера, мер ассоциации, данных, например","verbal collocations, text corpus, statistics, dictionaries, association measures, evaluation","сравнение,ход экспериментов,статистические метрики,русскоязычное корпус,русский язык,ранговая корреляция,разные области,прикладная лингвистика,полученные результаты,относительная взаимозаменяемость",0.0,0.0
Khokhlova_IMS_2019,"результаты, мер, словосочетаний, меры, совместной встречаемости, коллокации, фишера, мер ассоциации, данных, например","глагольные коллокации, корпус текстов, статистика, словари, меры ассоциации, оценка","сравнение,ход экспериментов,статистические метрики,русскоязычное корпус,русский язык,ранговая корреляция,разные области,прикладная лингвистика,полученные результаты,относительная взаимозаменяемость",0.0,0.0
Khokhlova_IMS_2020,"машинного обучения, словосочетаний, слова, машинного, обучения, русского языка, коллокаций, методы, слов, лексических конструкций","verbal collocations, noun collocations, machine learning, algorithms, text corpora, russian language","машинное обучение,толковые словари,словари сочетаемости,рассматриваемые методы,пять источников,моделирование отношений,линейное преобразование,лексикографическое описание,лексикографические источники,количество словосочетаний",0.0,0.0
Khokhlova_IMS_2020,"машинного обучения, словосочетаний, слова, машинного, обучения, русского языка, коллокаций, методы, слов, лексических конструкций","глагольные коллокации, атрибутивные коллокации, машинное обучение, алгоритмы, корпусы текстов, русский язык","машинное обучение,толковые словари,словари сочетаемости,рассматриваемые методы,пять источников,моделирование отношений,линейное преобразование,лексикографическое описание,лексикографические источники,количество словосочетаний",0.0,16.67
Kirillova_IMS_2018,"nltk, разметки, universal dependencies, морфоанализатора, dialogue evaluation, нкря, текстов, работы морфоанализатора, частеречной разметки, opencorpora","morphological tagging, morphological disambiguation, nltk4russian, text
corpora","тестирование,opencorpora,художественные тексты,ход исследования,формат pymorphy2,социальные сети,ряд задач,русский язык,результаты тестирования,основа подкорпусов",0.0,0.0
Kirillova_IMS_2018,"nltk, разметки, universal dependencies, морфоанализатора, dialogue evaluation, нкря, текстов, работы морфоанализатора, частеречной разметки, opencorpora","морфологический анализ, разрешение морфологической
неоднозначности, nltk4russian, корпусы русскоязычных текстов","тестирование,opencorpora,художественные тексты,ход исследования,формат pymorphy2,социальные сети,ряд задач,русский язык,результаты тестирования,основа подкорпусов",0.0,0.0
Kislov_IMS_2017,"вместо, китайском языке, букв, китайского языка, языка, китайском, языке, китае, иероглифов, китайского","chinese netspeak, computer-mediated communication, wordplay, new chinese characters.","развитие,языковой система,языковой игра,языковая игра,усиливающееся влияние,существующие иероглифы,современный этап,серьёзный реформирование,принципы онлайн-коммуникации,основа омонимии",0.0,0.0
Kislov_IMS_2017,"вместо, китайском языке, букв, китайского языка, языка, китайском, языке, китае, иероглифов, китайского","китайский язык, интернет-язык, языковая
игра, новые иероглифы.","развитие,языковой система,языковой игра,языковая игра,усиливающееся влияние,существующие иероглифы,современный этап,серьёзный реформирование,принципы онлайн-коммуникации,основа омонимии",0.0,0.0
Kogan_IMS_2018,"слов, лексических пучков, частотных слов, the, лексических, языка, специальных целей, корпуса, пучков, частотных лексических","corpus linguistics, lexical bundles, academic formulas and word list, english academic
discourse, kod.ing corpus, german for specific purposes","списки,помощь,цель выявления,функции wordlist,функции n-grams,устойчивые сочетания,технические специальности,статистический анализ,специальные цели,совместное проект",0.0,0.0
Kogan_IMS_2018,"слов, лексических пучков, частотных слов, the, лексических, языка, специальных целей, корпуса, пучков, частотных лексических","корпусная лингвистика, устойчивые сочетания, лексические
пучки, списки частотных слов и выражений, английский научный дискурс, kod.ing
корпус, немецкий для специальных целей.","списки,помощь,цель выявления,функции wordlist,функции n-grams,устойчивые сочетания,технические специальности,статистический анализ,специальные цели,совместное проект",0.0,14.29
Kogan_IMS_2022,"корпусной лингвистики, корпусной, подходов корпусной, лингвистики, оор, области корпусной, корпусов, корпуса, онлайн корпусов, корпусной лингводидактики","оор, онлайн корпуса, корпусная лингводидактика, дидактические материалы, повышение квалификации","ия,изучение,широкое использование,ценный ресурс,учебные цели,трудоёмкая задача,развитие интернета,педагогическая общественность,открытое образование,научные статьи",20.0,0.0
Kolodin_IMS_2014,,,"тестирование клиентов,существующие аналоги,способы работы,сетевое анкетирование,разработанная автор,развитие системы,перспективы использования,основные принципы,новые функции,другие организации",,
Koltsov_IMS_2014,"тематического моделирования, текстов, корпуса текстов, темы, слов, живого журнала, слова, моделирования, корпуса, тематического","автоматическая обработка текстов, корпуса текстов, социальные сети, живой журнал, тематическая модель, латентное размещение дирихле, семантические связи, русский язык","жж,языковой сознание,фреймовая семантика,социальные сети,содержательное наполнение,русскоязычные пользователи,результаты экспериментов,полученные результаты,позиции теории,основные типы",12.5,12.5
Koltsova_IMS_2013,,,"исследование,тематические профили,тематика постов,такие показатели,русский язык,различные словари,публичное доступ,предлагаемые показатели,практическое знание,помощь ряда",,
Komarova_IMS_2019,"корпусе, фразеологизмов, корпусе соса, поиска, фразеологических единиц, единиц, идиоматических выражений, языка, соса, корпусной лингвистики","corpus linguistics, english phraseology, corpus coca, search query, verification of
phraseologisms, frequency, canonical form, typical transformations, didactic materials","корпус,речевой общение,практика,пособие,изучение,фразеологические единицы,фразеологические единица,учебные пособия,учебное процесс,список фразеологизмов",0.0,0.0
Komarova_IMS_2019,"корпусе, фразеологизмов, корпусе соса, поиска, фразеологических единиц, единиц, идиоматических выражений, языка, соса, корпусной лингвистики","корпусная лингвистика, английская фразеология, корпус соса, поисковый запрос, верификация фразеологизмов, частотность, нормативный вид, типичные трансформации, дидактические материалы","корпус,речевой общение,практика,пособие,изучение,фразеологические единицы,фразеологические единица,учебные пособия,учебное процесс,список фразеологизмов",0.0,0.0
Korablinov_IMS_2020,"сущностей, вопросно-ответного поиска, знаний, сущности, данных, базам знаний, является, кандидатов, список, списка","nlp, question answering, knowledge base, knowledge graph, entity linking, crowdsourcing","вопросно-ответный поиск,базы знаний,алгоритм,фрагменты текста,текущий момент,тексты вопросов,такое развитие,способ создания,сложные задача,русский язык",0.0,0.0
Korablinov_IMS_2020,"сущностей, вопросно-ответного поиска, знаний, сущности, данных, базам знаний, является, кандидатов, список, списка","вопросно-ответный поиск, базы знаний, графы знаний, сопоставление сущностей, краудсорсинг","вопросно-ответный поиск,базы знаний,алгоритм,фрагменты текста,текущий момент,тексты вопросов,такое развитие,способ создания,сложные задача,русский язык",0.0,40.0
Koshcheeva_IMS_2014,"выполнять, словосочетаний, глагольно-именных словосочетаний, глагола выполнять, устойчивых словосочетаний, выделения, глагола, частеречной принадлежности, глагольно-именных, коллоката","корпусы, коллокации, устойчивые словосочетания, статистические методы, автоматическое выделение коллокаций, меры ассоциации, корпусная лингвистика, компьютерная лингвистика, глагольно-именные словосочетания, сочетаемость","ряд экспериментов,автоматическое выделение,цель,учёт,работа,методы,коллокации,выводы",0.0,10.0
Kovalevsky_IMS_2013,,,"активная сейсмология,электронная библиотека,экспериментальная геофизики,социальная сеть,смежные дисциплины,режим on-line,последние десятилетие,пополняемые пользователи,научные работы,научные исследования",,
Kriukova_IMS_2017,"близости текстов, текстов, семантической близости, близости, метрик близости, dkpro similarity, similarity, семантической, оценки, метрик","semantic similarity, semantic similarity measures, dkpro
similarity, machine learning, computational linguistics.","тестовая выборка,русский язык,результаты работы,проблема оценки,преимущества использования,полученные значение,одна группа,новостные тексты,машинное обучение,линейные модели",0.0,0.0
Kriukova_IMS_2017,"близости текстов, текстов, семантической близости, близости, метрик близости, dkpro similarity, similarity, семантической, оценки, метрик","семантическая близость, метрики
семантической близости, dkpro similarity, машинное
обучение, компьютерная лингвистика","тестовая выборка,русский язык,результаты работы,проблема оценки,преимущества использования,полученные значение,одна группа,новостные тексты,машинное обучение,линейные модели",20.0,0.0
Kudinov_IMS_2014,,,"электронное участие,органы,механизмы,электронное взаимодействие,преимущества использования,мобильные технологии,мобильные приложения,красивый петербург,исполнительная власть,государственная власть",,
Kulik_IMS_2014,,,"становление сети,социокультурная трансформация,предполагающая вовлечение,постиндустриальное общество,интерактивный потенциал,гражданское общество,авторский взгляд,сотрудичество,развитие,работа",,
Kurochkina_IMS_2017,"коллокаций, коллокации, устойчивых словосочетаний, слова, словарях, кандидаты, база, золотого стандарта, извлечения коллокаций, словосочетания","corpora, extraction of collocations, measures of
association","выявление коллокаций,цель работы,устойчивые словосочетания,система nosketchengine,популярные меры,меры ассоциации,данная работа,эксперимент,работа,пример",0.0,0.0
Kurochkina_IMS_2017,"коллокаций, коллокации, устойчивых словосочетаний, слова, словарях, кандидаты, база, золотого стандарта, извлечения коллокаций, словосочетания","корпуса, извлечение коллокаций, меры ассоциации","выявление коллокаций,цель работы,устойчивые словосочетания,система nosketchengine,популярные меры,меры ассоциации,данная работа,эксперимент,работа,пример",0.0,33.33
Kuzmina_IMS_2014,,,"электронные среды,учебный процесс,открытый взаимодействие,дистанционное обучение,сфера,статья,проблемы,применение,возможность",,
Kuznetsova_IMS_2020,"корпуса now, now, корпуса, специальных целей, слов, корпусов, биотехнология, студентов, соса, обучения","english for specific purposes, linguistic corpora, biotechnology, context, professional vocabulary acquisition","студенты,лингвистические корпусы,биотехнологические термины,курс,задание,биотехнология,биотехнологи,экспериментальный курс,целесообразность поиска,ход эксперимента",0.0,0.0
Kuznetsova_IMS_2020,"корпуса now, now, корпуса, специальных целей, слов, корпусов, биотехнология, студентов, соса, обучения","английский для специальных целей, биотехнология, лингвистические корпусы, контекст, освоение специальной лексики","студенты,лингвистические корпусы,биотехнологические термины,курс,задание,биотехнология,биотехнологи,экспериментальный курс,целесообразность поиска,ход эксперимента",20.0,40.0
Lavrentyev_IMS_2014,,,"смешанный обучение,процесс внедрения,опыт преподавания,вопросы создания,база moodle,blended learning,формат,университет,статья,разработка",,
Leontyeva_IMS_2015,"текста, онтологии, системы апт, апт, знаний, понимания текста, системы, онтологии знаний, понимания, текстов","ontology, linguistic&information model, semantics, textual notions, individual knowledge base for a user.","точка зрения,текстовые концепты/понятие,текстовые единица,логические операция,лингвистические модели,лингвистическая онтологии,индивидуальные знания,граф текста,взаимные обмены,цель",0.0,0.0
Leontyeva_IMS_2015,"текста, онтологии, системы апт, апт, знаний, понимания текста, системы, онтологии знаний, понимания, текстов","онтология, информационная и лингвистическая
модели, область семантики, текстовые концепты, индивидуальные
знания.","точка зрения,текстовые концепты/понятие,текстовые единица,логические операция,лингвистические модели,лингвистическая онтологии,индивидуальные знания,граф текста,взаимные обмены,цель",0.0,0.0
Lipuntsov_IMS_2013,,,"взаимодействие,регулирующие органы,предметная область,образовательные учреждения,область образования,новые возможность,межсистемный взаимодействие,информационные технологии,рамки,развитие",,
Lizunova_IMS_2014,,,"информационное пространство,информационное общество,информационно-медийные идеи,эволюция,статья,развитие,перспективы,медиапространство",,
Lokalina_IMS_2023,"слова, слова вообще, рис, конструкции, отсловасовсем, языка, рис., вообще, контекст, сказуемое","типические конструкции, устойчивая модель, интенсификатор, омонимия, конструкция","слово,отсылка,слово y,поисковые сервисы,язык,модель,др,x,языковые корпусы,этимология слова",0.0,0.0
Lyapin_IMS_2013,,,"поддержка,электронное правительство,управленческая деятельность,такое использование,смысловые контексты,русская философия,рамки программы,исследовательская деятельность,использование сервисов,экспликация",,
Lyapin_IMS_2014,,,"поддержка гранта,контекстный знание,использование сервисов,гуманитарные исследования,гуманитарная сфера,база университета,число,создание,связь,санкт-петербург",,
Makarov_IMS_2014,"библиотеки, пгниу, университета, библиотека, сушин пермский, высшем образовании, библиотеке пгниу, вуза, пермского университета, библиотека пермского","проектирование пространства, проектная деятельность, инновации, информационные системы, радиочастотная идентификация, открытая библиотека, модернизация библиотеки, мультимедийная электронная библиотека, защита авторских прав, электронные ресурсы","результаты внедрения,пермский университет,информационный общество,гуманитарные специальности,библиотека",0.0,0.0
Maksimov_IMS_2021,"поиска, онтологии, позволяет, информационного поиска, вершин, механизмов поиска, графа онтологии, текста, механизма поиска, решения","semantic search, text processing, graph representations of ontologies, search
mechanism, aspect projection","функциональные отношения,граф онтологии,три систем,технология представления,теоретико-множественный модели,такой образ,совместное применение,семантический поиск,релевантные документы,результаты поиска",0.0,0.0
Maksimov_IMS_2021,"поиска, онтологии, позволяет, информационного поиска, вершин, механизмов поиска, графа онтологии, текста, механизма поиска, решения","семантический поиск, обработка текста, графовые представления
онтологий, механизм поиска, аспектная проекция","функциональные отношения,граф онтологии,три систем,технология представления,теоретико-множественный модели,такой образ,совместное применение,семантический поиск,релевантные документы,результаты поиска",0.0,20.0
Maksimov_IMS_2022,"смысл, множество, например, объекта, рис, граф, текста, объект, значение, набор","семантика, смысл, семантическая информация","семантическая информация,смысл,проявление семантики,принципиальное фактор,определение понятия,некоторое смысл,информационные объекты,возможные состояния,аспектная онтология,частность",33.33,66.67
Maksimov_IMS_2023,"информации, информация, свойства информации, свойства, свободной информации, свойство, взаимодействия, области, которое, связанной информации","фундаментальные свойства информации, атрибутивные свойства информации, прагматические свойства информации, свободная информация, связанная информация, информационные взаимодействия","целевое объект,рассматриваемые свойства,понимание информации,оценка информации,мыслительные процессы,материальное мир,законы природы,зависимости объектов,всеобщее свойство,атрибутивные свойства",0.0,0.0
Markarova_IMS_2013,,,"образование,педагогика,ушинский рао,создание библиотеки,современное общество,система обучения,сегодняшнее общество,разнородность отрасли,простая задача,практико-ориентированные направления",,
Martynenko_IMS_2017,"порядковых статистик, частотных словарей, объема выборки, объема, статистик, частотных, статистики, порядковых, словарей, выборки","frequency dictionaries, everyday spoken language, statistical consistency, statistical scales, sampling, dynamic series, rank
distribution, uniform distribution","частотные словари,разная тематика,предельное величины,практическая состоятельность,порядковые статистики,быстрая сходимость,характеристики,статья,проблема,объём",0.0,0.0
Martynenko_IMS_2017,"порядковых статистик, частотных словарей, объема выборки, объема, статистик, частотных, статистики, порядковых, словарей, выборки","частотные словари, повседневная
разговорная
речь, статистическая
состоятельность, статистические шкалы, выборка, динамические ряды, ранговое распределение, равномерное распределение","частотные словари,разная тематика,предельное величины,практическая состоятельность,порядковые статистики,быстрая сходимость,характеристики,статья,проблема,объём",0.0,12.5
Martynenko_IMS_2018,"антологии русского, антологии, русского, русского языка, русского рассказа, языка, русской, рассказа, русской формальной, литературы","russian language, russian literature, story, revolutionary era, computer
anthology, first third of the 20th century","русский рассказ,материал,художественная литература,теоретические предпосылки,социальные потрясения,системные идеи,санкт-петербургский университет,русский язык,революционные изменения,размер статьи",0.0,0.0
Martynenko_IMS_2018,"антологии русского, антологии, русского, русского языка, русского рассказа, языка, русской, рассказа, русской формальной, литературы","русский язык, русская литература, рассказ, революционная эпоха, компьютерная антология, первая треть xx века","русский рассказ,материал,художественная литература,теоретические предпосылки,социальные потрясения,системные идеи,санкт-петербургский университет,русский язык,революционные изменения,размер статьи",0.0,16.67
Martynenko_IMS_2019,"предложения, членов предложения, фигур, табл, синтаксических фигур, мартыненко, бехагеля, предложения следует, структуры, членов","russian short story, rank distributions, rank average, concentration index, syntactic
figures, right and left width, bush symmetry, mirror symmetry, gold symmetry, behaghel's law","предложения,исследование,ширина куста,частотные характеристики,факт сходства,теория зависимостей,существенный различие,симметрийные свойства,русский язык,русский рассказ",0.0,0.0
Martynenko_IMS_2019,"предложения, членов предложения, фигур, табл, синтаксических фигур, мартыненко, бехагеля, предложения следует, структуры, членов","русский рассказ, ранговые распределения, ранговое среднее, индекс концентрации, синтаксические фигуры, правая и левая ширина, симметрия
куста, зеркальная симметрия, золотая симметрия, закон бехагеля","предложения,исследование,ширина куста,частотные характеристики,факт сходства,теория зависимостей,существенный различие,симметрийные свойства,русский язык,русский рассказ",0.0,10.0
Masevich_IMS_2016,"ngram viewer, google books, частотного поведения, books ngram, лексических единиц, google, русского языка, текстов, войны, исследования","google books ngram viewer, diachronic researches, frequency
fluctuations of words, culturomic.","культурометрия,частота употребления,термин culturomics,словарь dictionary.com,российская история,рамки культурологии,промежуток времени,представляемая работа,последние годы,оцифрованные тексты",0.0,0.0
Masevich_IMS_2016,"ngram viewer, google books, частотного поведения, books ngram, лексических единиц, google, русского языка, текстов, войны, исследования","google books ngram viewer, диахронические
исследования, частотные характеристики, культурометрия.","культурометрия,частота употребления,термин culturomics,словарь dictionary.com,российская история,рамки культурологии,промежуток времени,представляемая работа,последние годы,оцифрованные тексты",0.0,0.0
Masevich_IMS_2017,"аплодисменты, google books, продолжительные аплодисменты, бурные аплодисменты, видно, санкт-петербургский государственный, сталинские, частотного поведения, период, временной период","corpora of texts, diachronic studies, frequency of lexiсal units, models of words behavior, semantic
field.","частотное поведение,три примера,такие изменения,результаты исследования,построенные графики,политическая лексика,лексические единицы,исторический процесс,графические модель,слова",0.0,0.0
Masevich_IMS_2017,"аплодисменты, google books, продолжительные аплодисменты, бурные аплодисменты, видно, санкт-петербургский государственный, сталинские, частотного поведения, период, временной период","корпусы текстов, диахронические исследования, частотность
лексических единиц, модели частотного поведения, семантическое поле.","частотное поведение,три примера,такие изменения,результаты исследования,построенные графики,политическая лексика,лексические единицы,исторический процесс,графические модель,слова",0.0,0.0
Masevich_IMS_2018,"google books, winston churchill, ngram viewer, books ngram, churchill, рис, частотного поведения, имен, рис., кривые","corpora, diachronic studies, political names, political terms, methodology, google books ngram viewer","настоящая публикация,частотный поведение,частотное поведение,форма представления,тексты книг,собственное имя,ряд публикаций,политическое деятель,политическая лексика,осуществление исследований",0.0,0.0
Masevich_IMS_2018,"google books, winston churchill, ngram viewer, books ngram, churchill, рис, частотного поведения, имен, рис., кривые","корпусная лингвистика, имена поличических деятелей, частоты, вариативность, система google books ngram viewer","настоящая публикация,частотный поведение,частотное поведение,форма представления,тексты книг,собственное имя,ряд публикаций,политическое деятель,политическая лексика,осуществление исследований",0.0,0.0
Masevich_IMS_2019,"прилагательных цвета, цвета, прилагательных, семантического поля, поля, семантических полей, семантическое поле, поле, полей, семантических","сolor adjectives, classification, semantic field, distributive statistical analysis","основа,такой образ,стандартные термины,слово поля,семантические поля,семантические поле,семантические особенности,сводные таблица,русский язык,пятьдесят слов",0.0,0.0
Masevich_IMS_2019,"прилагательных цвета, цвета, прилагательных, семантического поля, поля, семантических полей, семантическое поле, поле, полей, семантических","прилагательные цвета, классификация, семантическое поле, дистрибутивно-статистический анализ","основа,такой образ,стандартные термины,слово поля,семантические поля,семантические поле,семантические особенности,сводные таблица,русский язык,пятьдесят слов",25.0,0.0
Masloboev_IMS_2013,,,"региональная безопасность,сетецентрическая мультиагентной,основа веб-технологий,мультиагентные технологии,вопросы создания,управление,работа,прототип,использование",,
Mbogo_IMS_2013,,,"цель выбора,такое явление,результаты исследования,различные аспекты,обзорная статья,информационное общество,базовые компоненты,создание,обслуживание,изучение",,
Mbogo_IMS_2014,"open archives, archives initiative, научных, open, open journal, journal system, научной, современное общество, статей, интернет","информатизация научной деятельности, цифровые коллекции, интеграция научной информации, информационно-коммуникационные технологии в научных исследованиях","электронные материалы,технологии представления,существующие стандарты,современное общество,основа анализа,научные исследования,научная конференция,научная информация,настоящая статья,информационное пространство",0.0,0.0
Melnichuk_IMS_2023,"русском языке, текста, текстов, модель, слов, суммаризации, модели, bleu, русском, языке","nlp, суммаризация, mbart, t5, gpt-3","русский язык,научные стати,задача суммаризации,эффективная модель,суммаризация текста,статистические метрики,русский текст,практическая ценность,поставленная задача,полученные результаты",0.0,0.0
Mengliev_IMS_2021,"узбекского языка, языка, узбекского, морфологического анализатора, база данных, морфологического, данных, морфоанализатора узбекского, анализатора, билан","morphological analyzer, uzbek language, grammeme, derivative, quasigrammeme","узбекский язык,морфологический анализатор,число,статья,языковые корпусы,электронные переводчики,состав морфоанализатора,орфографические корректоры,лингвистическое обеспечение,лингвистические анализаторы",0.0,0.0
Mengliev_IMS_2021,"узбекского языка, языка, узбекского, морфологического анализатора, база данных, морфологического, данных, морфоанализатора узбекского, анализатора, билан","морфологический анализатор, узбекский язык, граммема, дериватема, квазиграммема","узбекский язык,морфологический анализатор,число,статья,языковые корпусы,электронные переводчики,состав морфоанализатора,орфографические корректоры,лингвистическое обеспечение,лингвистические анализаторы",0.0,40.0
Mikoni_IMS_2018,"понятия, понятий, понятие, связи, содержание понятия, является, отношение, связь, деления, abi","concept, relationship, relations, role, genus, species, part, aggregate, whole, generalization, aggregation, instrumental relations, influence relations","сопоставляемые понятия,роль,рамки,экспертный подход,функциональная связь,формализованный подход,теоретико-множественные операции,существенные признаки,степень влияния,системное анализ",0.0,0.0
Mikoni_IMS_2018,"понятия, понятий, понятие, связи, содержание понятия, является, отношение, связь, деления, abi","понятие, отношение, связь, роль, род, вид, часть, агрегат, целое, обобщение, агрегация, инструментальная связь, связь-влияние.","сопоставляемые понятия,роль,рамки,экспертный подход,функциональная связь,формализованный подход,теоретико-множественные операции,существенные признаки,степень влияния,системное анализ",23.08,7.69
Mikoni_IMS_2019,"управления, объекта управления, понятия, объекта, понятий, является, объект, система управления, субъект управления, определения","definition of the concept, verb valence, derivational nest, control, stability, type of
connection, semantic network","требования,способы управления,различные уровни,применение модели,предметная область,определяющие понятия,цель,управление,состав,связь",0.0,0.0
Mikoni_IMS_2019,"управления, объекта управления, понятия, объекта, понятий, является, объект, система управления, субъект управления, определения","определение понятия, валентность глагола, словообразовательное
гнездо, управление, устойчивость, тип связи, семантическая сеть","требования,способы управления,различные уровни,применение модели,предметная область,определяющие понятия,цель,управление,состав,связь",0.0,14.29
Mikoni_IMS_2020,"определения понятия, понятия, менеджмент качества, определения, слова, качества, понятий, менеджмент, подход, слов","word, meaning, concept, model, property, basis, function, operation, structure, relation, argument","элементарные действие,элементарная модель,функция объекта,функциональный подход,текстовая модель,структурный подход,структурные подход,системное подход,порочные циклы,повествовательный предложения",0.0,0.0
Mikoni_IMS_2020,"определения понятия, понятия, менеджмент качества, определения, слова, качества, понятий, менеджмент, подход, слов","слово, смысл, понятие, модель, свойство, базис, функция, операция, структура, отношение, аргумент.","элементарные действие,элементарная модель,функция объекта,функциональный подход,текстовая модель,структурный подход,структурные подход,системное подход,порочные циклы,повествовательный предложения",0.0,0.0
Mikoni_IMS_2021,"понимания, понятия, является, термин, текста, определение понятия, смысл, термина, слова, слово","text, word, meaning, concept, understanding, false-orienting term, neutral term.","читатель,слово,слова,системность слов,русский язык,проблема понятности,понятный выражение,понимание смысла,перевод текста,основа соотношения",0.0,0.0
Mikoni_IMS_2021,"понимания, понятия, является, термин, текста, определение понятия, смысл, термина, слова, слово","слово, смысл, понятие, понимание, ложно-ориентирующий термин, нейтральный термин","читатель,слово,слова,системность слов,русский язык,проблема понятности,понятный выражение,понимание смысла,перевод текста,основа соотношения",33.33,16.67
MitrofanovaAdamova_IMS_2024,"ключевых выражений, текстов, ключевых, ims, корпуса, выражений, ims compling, корпуса ткикл, текста, ключевых слов","корпусная  лингвистика, материалы  конференций, разметка, ключевые слова, аннотации, тематическая разметка, именованные сущности","корпусная лингвистика,корпус,экспертная разметка,ход работы,структура статей,корпусный ресурс,компьютерная лингвистика,ключевые слова,именованные сущности,данная информация",0.0,28.57
MitrofanovaGolubev_IMS_2024,"меток, моделей, корпуса ткикл, темы, корпуса, генерации меток, nmf, помощью алгоритма, помощью, тематических моделей","корпусная  лингвистика, материалы  конференций, тематическое моделирование, метки тем, рубрикация","экспертная разметка,тематический моделирование,результаты экспериментов,распределение докладов,помощь меток,обучение семейства,назначение меток,корпусная лингвистика,информационно-поисковая система,ткикл",0.0,0.0
Mochalova_IMS_2018,"текста, онтологии, itfru, системы, вопросно-ответной системы, частей текста, обработки текста, признак, действие, символ","question-answer systems, ontologies, automatic text processing, drools, sparql, apache jena.","естественный язык,вопросно-ответная система,элементы онтологии,узлы онтологии,соответствующие синтаксемы,семантический анализатор,разработанное авторы,описание архитектуры,онтология элементов,онтология рутез",0.0,0.0
Mochalova_IMS_2018,"текста, онтологии, itfru, системы, вопросно-ответной системы, частей текста, обработки текста, признак, действие, символ","вопросно-ответные системы, онтологии, автоматическая обработка текста, drools, sparql, apache jena.","естественный язык,вопросно-ответная система,элементы онтологии,узлы онтологии,соответствующие синтаксемы,семантический анализатор,разработанное авторы,описание архитектуры,онтология элементов,онтология рутез",16.67,0.0
Moiseichev_IMS_2013,,,"свободные лицензии,применение,цель изучения,три этапа,три плоскостях,свободная лицензия,российские условия,рассмотрение понятия,рамки модели,поставленная проблематика",,
Moskvina_IMS_2016,"number, case, gender, nltk, pers, правила, синтаксического, грамматики, например, предложения","natural language processing, syntactic analysis, russian, nltk.","русский язык,синтаксический анализатор,цель проекта,функционал парсера,простое предложения,морфологическая разметка,морфологическая информация,морфоанализатор pymorphy2,категориальные грамматика,данный момент",0.0,0.0
Moskvina_IMS_2016,"number, case, gender, nltk, pers, правила, синтаксического, грамматики, например, предложения","автоматическая обработка текстов, синтаксический
анализатор, русский язык, nltk.","русский язык,синтаксический анализатор,цель проекта,функционал парсера,простое предложения,морфологическая разметка,морфологическая информация,морфоанализатор pymorphy2,категориальные грамматика,данный момент",0.0,25.0
Moskvina_IMS_2019,"предлогов, данных, базы данных, предложных конструкций, конструкций, предлога, предложных, значения, базы, значения предлогов","russian prepositions, prepositional phrases, semantics of prepositions, corpus
linguistics, databases","употребление предлогов,статистическая информация,содержащая информация,семантическая обработка,русский язык,расширенный контекст,рамки проекта,разные жанры,процесс получения,примеры запросов",0.0,0.0
Moskvina_IMS_2019,"предлогов, данных, базы данных, предложных конструкций, конструкций, предлога, предложных, значения, базы, значения предлогов","русские предлоги, предложные конструкции, значения предлогов, корпусная лингвистика, база данных","употребление предлогов,статистическая информация,содержащая информация,семантическая обработка,русский язык,расширенный контекст,рамки проекта,разные жанры,процесс получения,примеры запросов",20.0,0.0
Noskov_IMS_2014,,,"синхронизованные демонстрации,простая система,перспективность подхода,первичная апробация,основные характеристики,задача создания,статья,сведение,мл-студия,заключение",,
Novolodskaya_IMS_2013,,,"виртуальное пространство,гипертекст,основной форма,обитатель интернета,мифологическое сознание,коммуникативный процесс,коммуникативное процесс,ключевые слово,информационные технологии,информационная цивилизация",,
Ogay_IMS_2017,"моделирование словарей, словарей описаний, языковой информации, описаний докембрийских, частотных словарей, вяи, информации, словарей, частотные словари, информации важной","lexicography, visualization, modelling, three-dimensional, biology, frequency
dictionary, diagram","частотные словари,научные работы,трёхмерная визуализация,такая визуализация,различные цели,различные варианты,посвящённые биология,наглядная информация,иная специальность,данный доклад",0.0,0.0
Ogay_IMS_2017,"моделирование словарей, словарей описаний, языковой информации, описаний докембрийских, частотных словарей, вяи, информации, словарей, частотные словари, информации важной","лексикография, визуализация, моделирование, трехмерный, биология, частотный словарь, диаграмма","частотные словари,научные работы,трёхмерная визуализация,такая визуализация,различные цели,различные варианты,посвящённые биология,наглядная информация,иная специальность,данный доклад",0.0,0.0
Perminov_IMS_2019,"метрик, атрибут, интерфейса, является, взаимодействия, интерфейс, онтология, области, количество, owl","domain ontology, web user interfaces, usability engineering, computational
interaction","решение,эстетическая привлекательность,целевая аудитория,упомянутая проблемы,удобство использования,создание онтологии,связанные алгоритмы,растущая потребность,пользовательские веб-интерфейсы,область разработок",0.0,0.0
Perminov_IMS_2019,"метрик, атрибут, интерфейса, является, взаимодействия, интерфейс, онтология, области, количество, owl","прикладная онтология, пользовательские веб-интерфейсы, юзабилити, статическое тестирование","решение,эстетическая привлекательность,целевая аудитория,упомянутая проблемы,удобство использования,создание онтологии,связанные алгоритмы,растущая потребность,пользовательские веб-интерфейсы,область разработок",0.0,25.0
Peskova_IMS_2013,,,"облачные технологии,облачные сервисы,юридические проблемы,три категориям,технологические прогнозы,организационные проблемы,облачный службы,облачные вычисления,набор требований,модели сервиса",,
Peskova_IMS_2014,,,"электронное голосование,существующие решение,существующие методы,средства организации,разные страны,проблемы систем,подобные системы,первая очередь,общая классификация,возможные риски",,
Pevzner_IMS_2015,"потока, валерия рубашкина, светлой памяти, памяти моего, моего друга, дружественного оппонента, оппонента валерия, web sites, сообщения, пользователя","(information traffic, news traffic, news web sites, targeted advertising, information profile)","основные функции,определённый контекст,новостные потоки,новостные веб-сайты,информационное агентство,читатель,сообщение,создание,реклама,противоречие",0.0,0.0
Pevzner_IMS_2015,"потока, валерия рубашкина, светлой памяти, памяти моего, моего друга, дружественного оппонента, оппонента валерия, web sites, сообщения, пользователя","информационные потоки, новостные потоки, новостные веб-сайты, адресная реклама, информационный профиль.","основные функции,определённый контекст,новостные потоки,новостные веб-сайты,информационное агентство,читатель,сообщение,создание,реклама,противоречие",0.0,40.0
Pevzner_IMS_2015,"потока, валерия рубашкина, светлой памяти, памяти моего, моего друга, дружественного оппонента, оппонента валерия, web sites, сообщения, пользователя","информационные потоки, новостные потоки, новостные веб-сайты, адресная реклама, информационный профиль.","основные функции,определённый контекст,новостные потоки,новостные веб-сайты,информационное агентство,читатель,сообщение,создание,реклама,противоречие",0.0,40.0
Pijavskij_IMS_2013,,,"фактографическая информация,технология накопления,существующий разработки,систематизация знаний,оптимальная систематизация,область представления,новый подход,математические модель,информационный пространство,информационно-поисковый системы",,
Pimenov_IMS_2014,"путеводителя, информации, environment control, рубрик, conservation, ссылок, документов, консервации документов, поиска, тематических рубрик","создание, интернет-ресурс, веблиография, путеводитель, предметный путеводитель, консервация документов, сохранность документов, бан, библиотека академии наук, комплектование, запросы, подготовка запросов, программное обеспечение, plone","составление рубрик,сетевая информация,потенциальные пользователи,обработка запросов,назначение путеводителя,комплектование путеводителя,работа",0.0,0.0
Pivovarova_IMS_2016,"adj, корпуса текстов, текстов, переводных, корпуса, данного исследования, терминов-кандидатов, терминологических, термины, выделения","translation of terminology, parallel corpora, term candidates, glossary of
terms, morphosyntactic patterns, automatic extraction of terminology.","термины,база,цель исследования,терминологическое словарь,разработанная методика,проверка алгоритма,переводные соответствия,морфосинтаксические шаблоны,меры ассоциации,два этапа",0.0,0.0
Pivovarova_IMS_2016,"adj, корпуса текстов, текстов, переводных, корпуса, данного исследования, терминов-кандидатов, терминологических, термины, выделения","переводная терминология, параллельные корпусы
текстов, термины-кандидаты, переводной терминологический словарь, морфосинтаксические шаблоны, автоматическое выделение терминов","термины,база,цель исследования,терминологическое словарь,разработанная методика,проверка алгоритма,переводные соответствия,морфосинтаксические шаблоны,меры ассоциации,два этапа",0.0,16.67
Platonov_IMS_2013,,,"анализ структур,новый подход,научные сайты,научные ресурсы,статья,проведение,подход,описание,интернет",,
Popov_IMS_2016,"синтаксического анализа, синтаксической связи, структуры, анализа, cyk, вес, алгоритм cyk, составляющих, синтаксических связей, синтаксического","syntax parsing, phrase structure, dependency structure, weighted graph, lexical collocation, cyk-algorithm.","анализ текстов,создание,цель проекта,такая выбор,статистическая информация,способы выбора,синтаксический анализ,синтаксические структуры,связываемые слова,размеченные корпусы",0.0,0.0
Popov_IMS_2016,"синтаксического анализа, синтаксической связи, структуры, анализа, cyk, вес, алгоритм cyk, составляющих, синтаксических связей, синтаксического","синтаксический анализ, структуры составляющих, структуры
зависимостей, взвешенное
дерево, лексическая
сочетаемость, алгоритм cyk.","анализ текстов,создание,цель проекта,такая выбор,статистическая информация,способы выбора,синтаксический анализ,синтаксические структуры,связываемые слова,размеченные корпусы",0.0,16.67
Popov_IMS_2017,"черные лебеди, слов, задача, связей, текста, анализа, документов, аномалий, текстов, корпуса","anomaly detection, statistical analysis, syntactic relations, collocations analysis.","чёрные лебеди,синтаксические связи,синтаксическая связь,редкие события,размеченный эксперт,предложенное метод,полученные результаты,наша методика,метрика аномальности,корпус текстов",0.0,0.0
Popov_IMS_2017,"черные лебеди, слов, задача, связей, текста, анализа, документов, аномалий, текстов, корпуса","критерий аномальности, статистический анализ, синтаксические связи, анализ
коллокаций.","чёрные лебеди,синтаксические связи,синтаксическая связь,редкие события,размеченный эксперт,предложенное метод,полученные результаты,наша методика,метрика аномальности,корпус текстов",0.0,25.0
Popova_IMS_2017,"устной речи, речи, единиц, единицы, такой-сякой, таким образом, единицы такой-сякой, беседа, эхо москвы, коллекции нкря","oral speech, reduplication, pragmatics, approximation","русский язык,ход анализа,функциональная значимость,устный подкорпус,специфика употребления,редуплицированная единица,особенности употребления,национальное корпус,источник материала,звуковой корпус",0.0,0.0
Popova_IMS_2017,"устной речи, речи, единиц, единицы, такой-сякой, таким образом, единицы такой-сякой, беседа, эхо москвы, коллекции нкря","устная речь, редупликация, прагматика, аппроксимация","русский язык,ход анализа,функциональная значимость,устный подкорпус,специфика употребления,редуплицированная единица,особенности употребления,национальное корпус,источник материала,звуковой корпус",0.0,0.0
Popova_IMS_2019,"прагматических маркеров, речи, маркеров, прагматических, говорящего, роли, корпусных данных, устной речи, единиц, социальных","colloquial speech, corpus data, discourse, pragmatics, pragmatic markers, pragmatic
annotation, metacommunication, metacommunicative markers, social role, linguistic correlates","социальная роль,социолингвистические данные,социальные роли,разный род,перцептивная база,определённые маркеры,нужная единицы,некоторая зависимость,малоизученные параметры,корпус орд",0.0,0.0
Popova_IMS_2019,"прагматических маркеров, речи, маркеров, прагматических, говорящего, роли, корпусных данных, устной речи, единиц, социальных","устная речь, корпус, дискурс, прагматическое аннотирование, прагматические маркеры, метакоммуникация, метакоммуникативы, социальная роль, лингвистические корреляты","социальная роль,социолингвистические данные,социальные роли,разный род,перцептивная база,определённые маркеры,нужная единицы,некоторая зависимость,малоизученные параметры,корпус орд",0.0,11.11
Prokudin_IMS_2013,,,"информационное общество,проблемы,электронное правительство,электронное государство,реализация концепции,различное род,органы власти,образовательное интернет-портал,муниципальные услуги,анализ проблем",,
Prokudin_IMS_2014,"научных исследований, научной деятельности, научных, научной, поддержки научных, деятельности, системы, пользователей, исследований, информационной системы","информатизация научной деятельности, информационная система, проектирование, информационно-коммуникационные технологии в научных исследованиях","научные исследования,научно-исследовательская деятельность,научная деятельность,учёт структуры,существующие решения,различные виды,раздроблённые группа,программное обеспечение,полная мера,научное сообщество",0.0,0.0
Pronoza_IMS_2015,"анализа тональности, отзывов, признаков, анализа, аспектов, корпуса, корпуса отзывов, тональности отзывов, данной работе, анализа корпуса","sentiment analysis, reviews about restaurants, machine learning, recommender system.","сфера e-туризма,рекомендательные системы,данная работа,результат экспериментов,различные классификаторы,разговорный стиль,предложенный метод,наборы признаков,использование словарей,создание",0.0,0.0
Pronoza_IMS_2015,"анализа тональности, отзывов, признаков, анализа, аспектов, корпуса, корпуса отзывов, тональности отзывов, данной работе, анализа корпуса","анализ тональности, отзывы о ресторанах, машинное
обучение, рекомендательная система.","сфера e-туризма,рекомендательные системы,данная работа,результат экспериментов,различные классификаторы,разговорный стиль,предложенный метод,наборы признаков,использование словарей,создание",0.0,0.0
Raikov_IMS_2018,"когнитивной модели, модели, когнитивной, настоящей работе, принятия решения, решения, данных, глубокого обучения, документов, факторов","big data, deep learning, quantum semantics, cognitive modelling, convergent
approach","когнитивные модели,когнитивная модель,глубокое обучение,ускорение моделирования,уникальный образ,теория категорий,такое моделирование,предлагаемые решения,правильное решение,поддержка решений",0.0,0.0
Raikov_IMS_2018,"когнитивной модели, модели, когнитивной, настоящей работе, принятия решения, решения, данных, глубокого обучения, документов, факторов","большие данные, глубокое обучение, квантовая семантика, когнитивное моделирование, конвергентный подход","когнитивные модели,когнитивная модель,глубокое обучение,ускорение моделирования,уникальный образ,теория категорий,такое моделирование,предлагаемые решения,правильное решение,поддержка решений",0.0,20.0
Rogov_IMS_2020,"текста, текстов, частей речи, сильных позициях, речи, достоевский, позиций текста, сильных, сильных позиций, существительное","text attribution, corpus linguistics, f. m. dostoevsky, strong positions of the text, decision tree, n-gram, partial distribution","м,н,достоевский,фрагменты,ф,тексты,п,частота встречаемости,условия ветвления,стилистическая правки",0.0,0.0
Rogov_IMS_2020,"текста, текстов, частей речи, сильных позициях, речи, достоевский, позиций текста, сильных, сильных позиций, существительное","атрибуция текстов, корпусная лингвистика, ф. м. достоевский, сильные позиции текста, дерево решений, n-грамма, частеречное распределение","м,н,достоевский,фрагменты,ф,тексты,п,частота встречаемости,условия ветвления,стилистическая правки",0.0,0.0
Ruzanova_IMS_2013,,,"карелия,электронное правительство,вопросы создания,участие,статья,решение,реализация,развитие,процесс,проблемы",,
Ryabchenko_IMS_2014,"web, сети, интернет, online-социальных сетей, публичной политики, пользователей, связи, лидеры мнений, сообщества, пространства","online-социальные сети, online-пространство, лидеры мнений, сенсоры, реализаторы, читатели, репутационные игроки, интернет, политический конденсат","online-социальные сети,социальнополитическая ситуация,репутационные игроки,модель поведения,лидеры мнений,данная статья,географическая привязка,online-сетевые сообщества,читатели,сенсоры",22.22,55.56
Sagmanova_IMS_2018,"вопросительных реплик, реплик, кратких вопросительных, вопросительных, особенности реализации, реализации кратких, речи, реализации вопросительных, устной речи, диалогической речи","interrogative utterance, oral speech, dialogic speech.
guzel sagmanova","вопросительные реплики,точка зрения,структурно-синтаксические характеристики,русский язык,рамки работы,прагматические функции,построение коммуникации,особенности употребления,особенности реализации,массив записей",0.0,0.0
Sagmanova_IMS_2018,"вопросительных реплик, реплик, кратких вопросительных, вопросительных, особенности реализации, реализации кратких, речи, реализации вопросительных, устной речи, диалогической речи","вопросительная реплика, устная речь, диалогическая речь.","вопросительные реплики,точка зрения,структурно-синтаксические характеристики,русский язык,рамки работы,прагматические функции,построение коммуникации,особенности употребления,особенности реализации,массив записей",0.0,0.0
Salin_IMS_2015,"семантической кластеризации, кластеризации, гипертекстовой структуры, семантической, переходов, статистики переходов, гипертекстовой, кластеризации гипертекстовой, структуры, метод семантической","hypertext structure, semantic clustering, finite automata, graph, webanalytics","основа,эффективное поиск,семантический веб,семантические кластеры,семантическая кластеризация,семантическая близость,реинжиниринг веб-сайта,результаты исследования,различные признаки,программный комплекс",0.0,0.0
Salin_IMS_2015,"семантической кластеризации, кластеризации, гипертекстовой структуры, семантической, переходов, статистики переходов, гипертекстовой, кластеризации гипертекстовой, структуры, метод семантической","гипертекстовая
структура, семантическая кластеризация, конечный автомат, граф, веб-аналитика","основа,эффективное поиск,семантический веб,семантические кластеры,семантическая кластеризация,семантическая близость,реинжиниринг веб-сайта,результаты исследования,различные признаки,программный комплекс",0.0,20.0
Sampetova_IMS_2018,"исправления опечаток, автоматического исправления, реализация алгоритма, опечаток, исправления, алгоритма, автоматического, слово, слова, русскоязычных текстах","automatic correction of typos, levenstein distance, n-gram model","предположение,стандартная клавиатура,русскоязычные тексты,русский язык,расстояние левенштейна,проведённая работа,некорректный ввод,n-граммной модели,целое,расстояние",0.0,0.0
Sampetova_IMS_2018,"исправления опечаток, автоматического исправления, реализация алгоритма, опечаток, исправления, алгоритма, автоматического, слово, слова, русскоязычных текстах","автоматическое исправление опечаток, расстояние левенштейна, n-граммная модель","предположение,стандартная клавиатура,русскоязычные тексты,русский язык,расстояние левенштейна,проведённая работа,некорректный ввод,n-граммной модели,целое,расстояние",0.0,33.33
Sedova_IMS_2017,"текстов, слов, корпуса текстов, биграмм, модели, корпуса, алгоритма, модель, тематической модели, слова","topic modelling, lda, bigrams","ухудшение точности,усовершенствование методов,тематические модель,текстовые коллекции,специальные тексты,содержательная интерпретация,скрытые взаимосвязи,работа алгоритма,новый алгоритм,некоторые случаи",0.0,0.0
Sedova_IMS_2017,"текстов, слов, корпуса текстов, биграмм, модели, корпуса, алгоритма, модель, тематической модели, слова","тематическое моделирование, lda, биграммы","ухудшение точности,усовершенствование методов,тематические модель,текстовые коллекции,специальные тексты,содержательная интерпретация,скрытые взаимосвязи,работа алгоритма,новый алгоритм,некоторые случаи",0.0,0.0
Serebriakov_IMS_2014,"предметной области, linked open, данных, lod, предметной, области, пространстве lod, qudt, онтологии, rdf","онтология, связанные данные, открытые данные, теплофизические свойства, интеграция данных, базы данных, неопределенность данных, вещества, материалы","связывания,численные данные,математическое характер,единицы измерения,детальная онтология,внешние онтологии,внесение связей,технология,свойства,представление",0.0,0.0
Shubinskiy_IMS_2013,,,"учебный курс,проблемы обеспечения,обучение школьников,образовательные учреждения,настоящая статья,информационная безопасность,сеть,работа,интернет",,
Shukshina_IMS_2018,"основных цветов, русского языка, слова, слов, цвета, употребления, цветов, группы, значений, основных","corpus linguistics, color terms, the russian language, lexico-semantic group","русский язык,относительные прилагательные,значение цвета,значение,частота слова,сто цветонаименований,результат анализа,процент употреблений,относительные цвет,относительные оттенки",0.0,0.0
Shukshina_IMS_2018,"основных цветов, русского языка, слова, слов, цвета, употребления, цветов, группы, значений, основных","корпусная лингвистика, цветовые термины, названия цветов, русский язык, лексико-семантическая группа","русский язык,относительные прилагательные,значение цвета,значение,частота слова,сто цветонаименований,результат анализа,процент употреблений,относительные цвет,относительные оттенки",0.0,20.0
Shustrova_IMS_2013,,,"технические устройства,новые технологии,новое поле,невиданные возможность,место действия,конкретный адрес,зрительское вовлечение,театр,появление,помощь",,
Sidorova_IMS_2013,,,"теоретические подходы,результаты исследования,муниципальное управление,информационная открытость,алтайский край,статья,анализ",,
Smirnov_IMS_2014,"распознавания, результатов распознавания, результатов, системы, документов, ocr, ошибок распознавания, оптического распознавания, ocr системы, ошибок","распознавание образов, обработка архивных документов, оптическое распознавание, корректировка ошибок распознавания, архитектура системы, компонентная модель, алгоритм, метод, информационный поиск, массовое распознавание","разработанная система,компонентная модель,эксплуатация,статья,сведение,архитектура",0.0,10.0
Smirnova_IMS_2017,"базе данных, лексической базе, данных, тибетском языке, лексической, базе, например, языке, композитов, тибетском","lexical database, tibetan corpus, tibetan noun-compounds, linguistic picture of the world","статья,принципы обработки,общенаучные термины,настоящая статья,число,установление,типы,обработка,исследование,использование",0.0,0.0
Smirnova_IMS_2017,"базе данных, лексической базе, данных, тибетском языке, лексической, базе, например, языке, композитов, тибетском","лексическая база данных, тибетский
корпус, тибетские композиты-существительные, тибетская
языковая картина мира","статья,принципы обработки,общенаучные термины,настоящая статья,число,установление,типы,обработка,исследование,использование",0.0,0.0
Smorgunov_IMS_2014,,,"электронные платформа,сетевое сообщество,сетевое научение,сетевое взаимодействие,публичные услуги,пассивное потребление,обеспечивающее управляемость,новые возможность,новая идеология,значение концепта",,
Sokolova_IMS_2017,"ключевых слов, слов, kea, слова, ключевые слова, словосочетания, ключевых, работы, алгоритма kea, работы kea","automatic extraction of key words and phrases, kea, russian text corpora","ключевые слова,словосочетания,извлечение,русскоязычные тексты,русский язык,результаты работы,результаты применения,представительные корпусы,данный алгоритм,англоязычные тексты",33.33,0.0
Sokolova_IMS_2017,"ключевых слов, слов, kea, слова, ключевые слова, словосочетания, ключевых, работы, алгоритма kea, работы kea","автоматическое выделение ключевых
слов и словосочетаний, rake, русскоязычные корпусы
текстов.","ключевые слова,словосочетания,извлечение,русскоязычные тексты,русский язык,результаты работы,результаты применения,представительные корпусы,данный алгоритм,англоязычные тексты",0.0,0.0
Sokolova_IMS_2020,"например, корпуса ru-rstreebank, текстов, ru-rstreebank, текста, высшая школа, отношений, отношения, корпуса, разметки","discourse annotation, rhetoric structure theory, rhetoric relations","статья,проблемы,устойчивость разметки,состав отношений,создание стандартов,ряд решений,риторические структуры,рамки теории,разметка корпуса,одна сторона",0.0,0.0
Sokolova_IMS_2020,"например, корпуса ru-rstreebank, текстов, ru-rstreebank, текста, высшая школа, отношений, отношения, корпуса, разметки","корпус с дискурсивной разметкой, теория риторических структур, риторические отношения","статья,проблемы,устойчивость разметки,состав отношений,создание стандартов,ряд решений,риторические структуры,рамки теории,разметка корпуса,одна сторона",0.0,0.0
Solovjova_IMS_2013,,,"эффективность обучения,современный преподаватель,ряд особенностей,разнообразные знания,дистанционное обучение,весь арсенал,учёт,навыки,медиадтидактика",,
Solovyev_IMS_2022,"русского языка, языка, слов, русского, машинное обучение, респондентов, обоих видов, методика создания, создания семантических, словарь","словари русского языка, опросы носителей языка, машинное обучение, конкретность, абстрактность, позитивность, негативность","абстрактность,соответствующие шкала,серьёзный вызов,рейтинги слов,рейтинги конкретности,проблематика конкретности,позитивности/негативность слов,оценка слов,оба случаях,когнитивная наука",14.29,14.29
Soms_IMS_2014,"показателей охвата, охвата, публикаций, охвата аудитории, показатели охвата, публикации, ключевых слов, охвата публикаций, новых публикаций, показателей","автоматическая обработка текстов, мониторинг сми, морфологический анализ, автоматическая класси-фикация текстов, кластерный анализ, проблем ложной корреляции, проблемы неоднозначности языковых единиц, тематическая атрибуция текстов","темы,социальные медиаресурсы,программное комплекс,конечный пользователь,данная статья,большинство случаев,создание,смиртео,сми,решение",0.0,0.0
Sukhan_IMS_2024,"данных, корпуса, визуализации, графа, статей, например, авторов, визуализации метаданных, gephi, метаданных корпуса","корпусная лингвистика, материалы конференций, графовый анализ, метаразметка, визуализация, информационный  поиск, онтологии, именованные сущности","корпусная лингвистика,элементы метаданных,ход работы,формат веб-страницы,результаты проекта,построенный графы,корпусный ресурс,корпус статей,конференция ims,компьютерная лингвистика",0.0,12.5
Talbonen_IMS_2013,,,"цифровые изображения,такой коллекции,программное комплекс,основа содержания,данная статья,графическая информация,статья,пфцик,коллекции,возможность",,
Tarumova_IMS_2014,,,"человеческая деятельность,сфера образования,социокультурное пространство,современная культура,распространение знаний,печатные средства,научная сфера,московское университет,массовая информация,культурно-образовательная среда",,
Tatur_IMS_2023,"названия, базы отдыха, оценок, названия торговой, сфере, торговой марки, неймингов, сфер, нейминга, сферах","классификация текстов, бренд, нейминг","машинное обучение,ход исследования,удовлетворяющие требования,скрытые закономерности,результаты исследований,реакция общества,разрабатываемый авторы,проблема выявления,математические методы,включающие название",0.0,0.0
Temirova_IMS_2017,"мгу имени, абусупьяна акаева, языковая семья, корпус, имени абусупьяна, корпус имени, полилингвальный корпус, национальный полилингвальный, москва несмотря, корпуса","corpus linguistics, corpus, language family.","тексты,корпус,широкий поле,тюркская группа,такое корпус,сравнительное анализ,создание словарей,представленные работа,предпосылки создания,определённая сфера",0.0,0.0
Temirova_IMS_2017,"мгу имени, абусупьяна акаева, языковая семья, корпус, имени абусупьяна, корпус имени, полилингвальный корпус, национальный полилингвальный, москва несмотря, корпуса","корпусная лингвистика, корпус, языковая семья.","тексты,корпус,широкий поле,тюркская группа,такое корпус,сравнительное анализ,создание словарей,представленные работа,предпосылки создания,определённая сфера",33.33,33.33
Tolstikova_IMS_2013,,,"функционирование культуры,социальные сети,социальные параметры,социальное контроль,социальная структура,социальная общность,сетевая коммуникация,результат генезиса,нормативно-ценностные установки,новая парадигма",,
Trakhtenberg_IMS_2013,,,"электронные услуги,сложность освоения,представители власти,основные барьеры,низкая совместимость,государственные услуги,статья,роджёрса,ран,проект",,
Trakhtenberg_IMS_2014,,,"внедрение,экспертное знание,цель информатизации,формальное контроль,система управления,рядовые сотрудники,профессиональная автономия,невыполнимые требования,медицинские учреждения,медицинская профессия",,
Vidyasova_IMS_2014,,,"социальные сети,российская федерация,дальнейшее развитие,удобство,россия,предмет,перспективы,область,использование,граждане",,
Vissio_IMS_2022,"русских заимствований, якутского языка, заимствований, языка, рис, русских, модели, якутского, словоформ, якутских","якутский язык, русские заимствования, идентификация языка, 3-граммы, лексикография","якутский язык,русские заимствования,якутские тексты,якутский письмо,языковой политика,языковой планирование,тенденции употребления,сопоставление документа,русский язык,русские основы",0.0,40.0
Voroshilov_IMS_2013,,,"фактографическая информация,информационная система,систематизация,использование,выполнение,технология освоения,такой образ,студенты вузов,специальные компетенции,современные вузы",,
Vozmishcheva_IMS_2014,,,"условия вхождения,технический вуз,средство обучения,развитие навыков,отечественное образование,основная особенность,общенациональные знания,образовательная система,научно-методические аспекты,межкультурный общение",,
Vtiurina_IMS_2014,,,"электронное правительство,субъекты рф,единое портал,государственные услуги,статья,создание,россия,рекомендации,работа,пример",,
Vybornaya_IMS_2024,"предлог, предлогов, предложных конструкций, первообразных предлогов, конструкций, контекстов, синтаксемы, данных предложных, предлога, синтаксема","русские предлоги, предложные конструкции, значение предлогов, синтаксемы, синтаксическая неоднозначность","неоднозначные предложения,русский язык,предложные конструкции,предлоги,частотные синтаксема,ход проекта,соотношение предлогов,снятие омонимии,синтаксическая неоднозначность,семантические метки",20.0,40.0
Yakushev_IMS_2013,,,"реальный мир,вопрос,структура социума,социальные сеть,социальные сети,исследования процессов,знакомство пользователей,доля связей,данная работа,утверждение",,
Yatsenko_IMS_2014,,,"состояние работ,подобные ресурсы,перевод системы,организация взаимодействия,информационная система,другие ресурсы,высокое разрешение,атомная спектроскопия,спектроскопия,связь",,
Zaides_IMS_2017,"низкий урк, урк, высокий урк, средний урк, низкий, пересказ несюж., метакоммуникативная вставка, пересказ сюж., экстр., пересказ","corpus linguistics, oral speech, meta-communication, metacommunicative units, monologues","русский язык,подкорпус,функциональная типология,современное языкознание,свободный рассказ,сама коммуникация,сам текст,расшифрованные тексты,продуцирование монолога,предлагаемая типология",0.0,0.0
Zaides_IMS_2017,"низкий урк, урк, высокий урк, средний урк, низкий, пересказ несюж., метакоммуникативная вставка, пересказ сюж., экстр., пересказ","корпусная лингвистика, устная речь, метакоммуникация, метакоммуникативные
единицы, монологическая речь.","русский язык,подкорпус,функциональная типология,современное языкознание,свободный рассказ,сама коммуникация,сам текст,расшифрованные тексты,продуцирование монолога,предлагаемая типология",0.0,0.0
Zakharkina_IMS_2013,,,"фольклористические экспедиции,участие автора,современная культура,различные форматы,программно-технологическая реализация,область искусств,гуманитарные науки,выдающиеся представители,видеозаписи встреч,этап",,
Zakharkina_Mbogo_IMS,,,"форматы деятельности,творческие коллективы,синтез искусства,сетевая среда,инструментальная платформа,технологии,выбор",,
Zakharov_IMS_2014,"мер ассоциации, мер, словарь, ассоциации, основе, меры, основе мер, sketch engine, различных мер, основе различных","выделение терминологии, корпусы текстов, терминологические словосочетания, коллокации, коллокаты, специальные тексты, меры ассоциации, синтагматическая связь, сочетаемость, система sketch engine, биграммы, структурные схемы номинативных конструкций","терминологические словосочетания,результаты экспериментов,результаты исследования,статья,основа,выделение,t-score,sensitivity,min,mi3",0.0,8.33
Zakharov_IMS_2015,"данных, русского языка, языка, больших, нкря, google books, корпусов, данные, сочетаний, больших корпусов","quantitative evaluation of linguistic data, corpora, big data, set
phrases, collocation dictionaries, association measures, diachronical research.","количественная оценка,такой требования,статистическая информация,проблема верификации,потенциальные возможности,основа корпусов,математические методы,лингвистические данные,корпус текстов,достоверность данных",0.0,0.0
Zakharov_IMS_2015,"данных, русского языка, языка, больших, нкря, google books, корпусов, данные, сочетаний, больших корпусов","количественные методы в лингвистике, большие
данные, корпусы текстов, устойчивые словосочетания, меры
ассоциации, диахронические исследования.","количественная оценка,такой требования,статистическая информация,проблема верификации,потенциальные возможности,основа корпусов,математические методы,лингвистические данные,корпус текстов,достоверность данных",0.0,0.0
Zakharov_IMS_2017,"предлогов, русского языка, значения, значения предлогов, первообразных предлогов, текста, языка, семантики предлогов, значения предлога, семантических","prepositions, the russian language, semantics, syntactic
structures, context, lexical and syntactic markers.","русский язык,синтаксический словарь,предложные конструкции,полученные данные,первообразные предлоги,онтология предлогов,научная значимость,методика построения,лексикосемантические характеристики,контекстная грамматика",0.0,0.0
Zakharov_IMS_2017,"предлогов, русского языка, значения, значения предлогов, первообразных предлогов, текста, языка, семантики предлогов, значения предлога, семантических","предлоги, русский язык, семантика, синтаксические
отношения, контекст, лексикосемантические маркеры.","русский язык,синтаксический словарь,предложные конструкции,полученные данные,первообразные предлоги,онтология предлогов,научная значимость,методика построения,лексикосемантические характеристики,контекстная грамматика",0.0,16.67
Zalesskaya_IMS_2014,"ключевого слова, мер ассоциации, коллокаций, выявления коллокаций, ассоциации, слова, сочетаний, встречаемости ключевого, тексте, мер","коллокация, выявление коллокаций, меры ассоциации, статистические методы, автоматический анализ, программное обеспечение, обработка естественного языка, русский язык, сочетаемость слов, многословное выражение","русский язык,меры ассоциации,тексты,статья,решение,выявление",0.0,20.0
Zhang_IMS_2019,"империя, русского языка, языка, толковый словарь, семантических полей, интеллект-карты, словарь русского, словарь, sketch engine, является","language picture of the world, concept, knowledge visualization, mind map","семантические поля,статья,помощь,интеллект-карта,государство,власть,формирование интеллект-карт,три концептов,способы представления,современное общество",0.0,0.0
Zhang_IMS_2019,"империя, русского языка, языка, толковый словарь, семантических полей, интеллект-карты, словарь русского, словарь, sketch engine, является","языковая картина мира, концепт, визуализация знаний, интеллекткарта","семантические поля,статья,помощь,интеллект-карта,государство,власть,формирование интеллект-карт,три концептов,способы представления,современное общество",0.0,0.0
