,names,texts,years,annotations_sumy,annotations_t5
0,Belkin_IMS_2024_rus,"1. Введение По  мере  стремительного  развития  Интернета новый  вид  приобретают  и  различные онлайн-платформы,  социальные  сети,  форумы  и  т.д.  Некоторые  подобные  площадки агрегируют  отзывы  интернет-пользователей,  описывающие  какой-либо  товар  или заведение. Отзыв  представляет  собой  текст  произвольной  длины,  написанный  пользователем  и выражающий его личное отношение к тому или иному объекту. Часто платформы дают возможность оценивать степень удовлетворенности в баллах от 1 до 5.Пользовательский  фидбек  может  быть  очень  ценным  источником  информации  для организаций,  направленных на  предоставление  различных  услуг  людям[1].  В  отзывах пользователи могут указывать на неочевидные проблемы, недостатки или несоответствие действительности информации, указанной на сайте организации. Это может помочь быстро выявить и своевременно устранить недочеты. Большое количество положительных отзывов влияет на приток новых клиентов, так как люди в первую очередь обращают внимание на рейтинг и оценки. Также, положительные отзывы могут быть использованы в рекламных целях, демонстрируя их на сайте или в социальных сетях. С другой стороны, отзывы могут помочь в оценке конкурентных заведений или товаров, например, понять сильные и слабые стороны, выявить новые тренды и возможности для роста. Эффективными инструментами изучения пользовательских отзывов являются анализ тональности и тематическое моделирование [2]. Тематическое моделирование позволяет выделить  ключевые  темы  и  проблемы,  которые  обсуждаются  в  отзывах  [3].  Вдобавок, можно  сравнивать  различные  группы  пользователей  и  выявлять  их  потребности  и предпочтения. В свою очередь, анализ тональности комментариев и отзывов помогает понять то, какие эмоции  выражают  пользователи.  Обученный  на  достаточно  большом  объеме  данных алгоритм анализа тональности поможет исследовать данные, не имеющие таких же оценок или  меток,  как  на  онлайн-платформах.  Существует  множество  традиционных  и современных  способов  сбора  отзывов,  которые  используются  в  настоящее  время.  К традиционным можно отнести бумажные формы для отзывов, как, например, книги жалоб и предложений или заполнение опросных листов [4]. Среди современных способов можно выделить электронные опросы, мониторинг социальных медиа и телефонные интервью. Такие данные не содержат конкретной метрики, говорящей об эмоциональном отношении опрошенного. В таких случаях и может пригодиться модель анализа тональности. Особенно важно понимать потребности и опыт пациентов в сфере здравоохранения, так как их мнение является ключевым показателем качества. Интернет дал людям возможность выражать свои мнения на  различных платформах, что создало большой объем данных, исследование которых может выявить тенденции, не замеченные ранее, в медицинских услугах. Исследователи из Имперского колледжа Лондона собрали комментарии пациентов с сайта NHS Choices за 2008, 2009 и 2011 годы (13802 текста) и применили методы анализа тональности [5]. Данные за 2010 год (6412 комментариев) использовались для проверки точности  предсказания.  Целью  было  обучение  модели  машинного  обучения  для автоматического   определения   рекомендаций пациентов,   чистоты   медицинского учреждения  и  уважительного  отношения.  Алгоритм  классифицировал  комментарии  на основе  примеров  и  проверял  точность  предсказания,  сравнивая  результаты  с  оценками пациентов  по  шкале  Ликерта.  Исследование  показало  высокую  точность  предсказаний, подтверждая соответствие прогнозов результатам опросов. В  другом  исследовании  группа  ученых  собрала  корпус  данных  с  сайта Otzovik, состоящий  из  1,4  миллиона  пользовательских  отзывов  на  русском  языке  о  здоровье  и лекарствах, а также 500 подробно аннотированных отзывов [6]. Корпус называется RuDReC и находится в публичном доступе. Ученые затем использовали эти тексты для обучения моделей Multi-BERT, RuBERT и RuDR-BERT, сравнив их способность извлекать из отзывов пользователей  информацию  о  названии  лекарств,  побочных  эффектах,  заболеваниях  и здоровье. В  еще  одной  работе  исследователи  так  же  собрали  корпус  из  2800  комментариев пользователей  на  форуме Otzovik.  В  статье  анализируется  то,  как  выбор  различных компонентов  модели  влияет  на  точность  распознавания  сущностей.  Исследователи применяют тот же подход к аннотированию текстов, что и авторы [6], и обучают на них алгоритм нейронной сети. Результатом работы стало то, что был установлен новый уровень точности извлечения биомедицинских сущностей для русского языка на полноразмерном размеченном корпусе [7]. Собранные для исследования данные могут быть получены по запросу. Также стоит отметить статью, в которой описывается способ выявления связей между лекарствами на основе семантического анализа текстовых данных [8]. Авторы применили веб-краулинг для сбора текстов с различных медицинских порталов. Всего было собрано примерно 2,5 млн текстов, из которых были извлечены названия препаратов, описание их действия и другие сущности. Затем полученные данные были векторизованы и сравнены между собой. Эксперименты показали, что такой подход может успешно идентифицировать препараты с похожими терапевтическими эффектами. Однако в машинном обучении существует  проблема нехватки размеченных данных, необходимых  для  обучения  моделей.  В  открытом  доступе  не  всегда  можно  найти достаточно информации или уже готовых «датасетов» с метками. Особенно это касается такого  домена,  как  медицинские  учреждения.  В  данном  случае  нехватка  частично обусловлена тем, что структура сайтов поликлиник и больниц не располагает отдельной секцией  для  отзывов  и  оценки  работы  учреждения.  Кроме  того,  очень  много  данных находится  в  закрытом доступе,  так  как  они  содержатся  на  бумажных  носителях  и  не оцифрованы. В последнее время обсуждают важность открытости данных и кода для сотрудничества государств  в  борьбе  с  глобальными  проблемами.  Доклад  ЮНЕСКО  подчеркивает,  что открытые  данные  обеспечивают  доступ  к  необходимой  информации  для  исследований, политики и мер против глобальных кризисов, таких  как COVID-19 [9]. Искусственный интеллект  помогает  анализировать  большие  объемы  данных,  выявляя  скрытые закономерности для принятия решений. Для публикации данных нужно выполнить три этапа: разработка политики управления и обмена данными, решение о публикации данных и привлечение пользователей. На первом этапе определяются обязательства, принципы, законодательные ссылки, причины недоступности данных, сбор и обучение пользователей. Затем принимается решение о том, какие наборы данных будут опубликованы и на условиях лицензирования.  После  этого  данные  публикуются  на  веб-сайте.  Этап  привлечения пользователей  включает  в  себя  информирование,  консультирование,  поддержку международного взаимодействия и предотвращение злоупотреблений. Также, необходимо регулярно  обновлять  данные  для  сохранения  их  актуальности.  Можно  заметить,  что предлагаемая процедура является цикличной поскольку после каждой публикации новых данных, она должна заново проходить все описанные этапы. Тем не менее, далеко не все страны придерживаются указанных выше рекомендаций и принципов. По этой причине нехватка качественных наборов данных, необходимых для обучения  алгоритмов  машинного  обучения,  является  актуальной  проблемой  во  многих областях науки. В  связи  с  этим  было  принято  решение  сформировать  подобный  корпус  с  нуля  при помощи компьютерных средств[10].2. Разработка алгоритма Для сбора информации и создания корпуса был разработан алгоритм и реализован на языке  программирования Python.  В  качестве  источника  данных,  с  которого  программа собирает отзывы, был выбран вебсайт онлайн-карт «ЯндексКарты». Формирование набора данных опирается на оценки, выставленные пользователями учреждениям. На сайте они имеют вид «звездочек» в диапазоне от 1 до 5.Принцип  работы  алгоритма  сводится  к  тому,  что  сначала  задаются  параметры,  по которым  будет  идти  поиск  организаций  и  учреждений  на  сайте.  В  результате  поиска выпадает  список  карточек  организаций,  который  затем прокручивается  вниз,  пока  не достигнет заданного числа искомых организаций. С каждой карточки собирается ссылка, ведущая  на  соответствующие  отзывы.  Каждая  ссылка  обрабатывается,  а  отзывы, находящиеся  на  странице,  прокручиваются  до  конца.  Затем  из  них,  оценок  и  имен пользователей  формируется  набор  данных  при  помощи  библиотеки «pandas».  Наконец, сформированный «датасет» передается внешней таблице, вбирающей в себя все результаты обработки. В  нашем  исследовании  для  реализации  алгоритма  использовались  следующие библиотеки Python: «Selenium», «BeautifulSoup», «pandas»и «pymorphy3».  Первые  две библиотеки  из  перечисленных,  необходимы  для  взаимодействия  с  веб-браузером  и извлечения  данных  с  сайта,  соответственно.  «Selenium»  автоматизирует  работу  веб-браузеров,  а «Beautiful  Soup»  облегчает  «веб-скраппинг»,  разбирая  HTML-и  XML-файлы[11]. Программная реализация алгоритма состоит из 6 функций, которые в процессе работы многократно вызываются. Прежде всего задаются параметры веб-драйвера, который будет моделировать действия пользователя в браузере, давая тем самым доступ к необходимой информации. На первом этапе указывается, какой браузер из 5 доступных будет использоваться для работы,  поскольку  структура  сайтов  для  разных  браузеров  отличается.  Для  данного исследования был выбран «GoogleChrome». Для ускорения работы кода следует применить специальный параметр, запрещающий использовать режим с графическим интерфейсом браузера. Данный режим весьма полезен, но только при разработке и экспериментах, так как он показывает каждое действие, которое было запрограммированно. В случае обычного использования программы нет необходимости следить за процессом моделирования работы браузера, так как это может оказать дополнительную нагрузку на компьютер. На  втором  этапе  задаются  функции,  которые  затем  объединяются  в  главной, исполняющей и автоматизирующей весь процесс. Первая функция очень важна, так как она необходима  для  имитации  пролистывания  страницы  при  помощи  ползунка,  поскольку одной  из  главных  сложностей  сбора  данных стала  процедурная  загрузка  отзывов  и учреждений  на  сайте.  Без  этого  решения  программа  может  собирать  только  первые 5предзагруженных текстов и ссылок. Третья функция отвечает за циклический поиск в коде сайта ссылок, ведущих с карточек найденных учреждений на отзывы к ним. Следующая функция совершает парсинг отзывов, поочередно переходя по заданному списку  ссылок.  Поскольку  сайт  не  всегда  успевает  загрузиться  быстро,  необходимо искусственно  замедлить  работу  кода,  давая  возможность  прогрузиться  всем  нужным элементам.   В   зависимости   от   количества   отзывов   программа   подсчитывает приблизительное  число  прокруток  ползунка,  чтобы  загрузить  все  тексты.  Для  этого используется библиотека «time», которая тормозит процесс выполнения кода на нужное количество секунд. Также на этом этапе вместе с отзывами собираются и соответствующие им оценки от 1 до 5.Стоит отметить, что не все пользователи ставят оценки. Хотя по нашим наблюдениям это довольно редкое явление, его необходимо учитывать: в противном случае, сталкиваясь с отсутствием оценки, код будет аварий но завершаться. Такие отзывы включаются в набор данных, но со специальной меткой. На этапе предобработки данных подобные тексты будут удалены или размечены вручную, если их количество будет достаточно большим. Помимо оценок данная функция собирает имена пользователей, которые затем используются для определения пола комментатора. На финальном этапе главная функция принимает на вход параметры поиска данных: тип организации, город для сбора отзывов, район и количество организаций, которое нужно обработать. Количество организаций указывается исследователем или иным пользователем, желающим сформировать набор данных в каком-либо домене. Эти параметры попадают в поисковую  строку  на  сайте,  после  чего  начинают  работать  другие  функции.  При  этом функция контролирует, чтобы параметры вводились правильно. Если какой-то параметр не был введен, то в работе будет использовано базовое значение этого параметра. Если было найдено недостаточное число организаций, запускается цикл, дополняющий список ссылок до тех пор, пока не наберется нужное количество. В случае, если было обработано слишком много сайтов, то список будет обрезан до обозначенного числа. Во избежание бесконечного поиска количество итераций ограничено максимальным числом допустимых циклов, к которым прибавляется еще 5 дополнительных. Когда процесс сбора завершен, функция, используя цикл, объединяет все полученные данные в единый датасет и возвращает его для дальнейшей работы. В рамках исследования программа собрала 64451 отзыв о350 поликлиниках Санкт-Петербурга. Время работы программы составило примерно 3 часа. В таблице приведены 5примеров из собранного набора отзывов (в отзывах сохранена авторская орфография; ФИО  упомянутых  в  отзывах  сотрудников  медучреждений  были  закодированы  путём сокращения имен, фамилий и отчеств до инициалов). Фамилии упомянутых врачей скрыты с целью сохранения безопасности личной информации. Как показано на рисунке, основные темы, выявленные в отзывах, включают обсуждение медицинского персонала, медицинских учреждений, процедур, записей и самих процессов на прием ко врачу, а также инфраструктуры. Поскольку нет строгих правил и ограничений, диктующих то, как надо писать отзывы, в них содержится множество индивидуальных лингвистических особенностей пользователей, которые будут кратко описаны в следующем разделе. 3. Предварительный лингвистический и стилистический анализ собранного датасета Пациенты поликлиник, оставляющие отзывы, часто используют в своих сообщениях разнообразные  фразеологизмы,  сленг  и  эмодзи.  Они  также  часто  совершают грамматические  и  пунктуационные  ошибки  и  выделяют  отдельные  слова  заглавными буквами. По причине того, что отзывы посвящены медучреждениям, пользователи часто описывают  свой  опыт  посещения  врачей,  упоминая  конкретные  даты,  имена  врачей  и другую информацию. К примеру, некоторые пациенты выражают благодарность отдельным врачам, которые оказали им помощь. Другие, наоборот, критикуют кого-то, обращаются к администрации больницы или поликлиники, призывая принять меры. Зачастую пользователи выражают свое отношение весьма эмоционально, используя в тексте скобочки для демонстрации эмоции. Их количество может варьироваться от одной до нескольких десятков. Они могут выражать как радость («))»), так и печаль («((»), а их количество  указывает  на  силу  испытанных  эмоций.  Более  того,  в  некоторых  случаях множественные скобочки сопровождают язвительные, саркастические и иронизирующие комментарии.  Кроме  того,  пациенты  могут  ставить  многоточие.  В  каких-то  случаях многоточие  используется  при  перечислении  большого  списка  объектов,  например специальностей врачей, либо для выражения расстройства, когда пациент не получил того, что ожидал. Также, для акцентирования внимания на каких-либо конкретных аспектах, пользователи  выделяют  слова  заглавными  буквами.  Как  правило,  это  встречается  в негативных  отзывах,  например,  при  описании  большого  времени  ожидания  в  очереди («ЧАС») или при неудовлетворительном качестве обслуживания в платной поликлинике («ПЛАТНАЯ»). Вдобавок  ко  всему  перечисленному,  пациенты  регулярно  используют  слэнг, неформальные  слова  и  выражения.  Они  могут  быть  специфичны  для  определенных социальных  групп,  возрастных  категорий  или  регионов  и  зачастую  могут  меняться  и развиваться  со  временем  (выявление  этих  закономерностей  может  стать  предметом отдельного исследования в будущем). Например, часто можно встретить преобразованные для  простоты  употребления  медицинские  термины.  Вместо слова  «флюорография» вероятнее  увидеть  слово  «флюшка».  Очень  много  пользователей  используют  большое количество разговорных выражений в своих отзывах. Так, они подчеркивают ту или иную эмоцию, которую стремятся донести до других. К примеру, некоторые пользователи так описывают хорошую работу медперсонала: «Медсестра колет как богиня» или «просто крутой профессионал своего дела». Негативные отзывы так же очень богаты на примеры: «аж  волосы  дыбом»,  «фикалии  в  уши  льют...»  или  «с  горем  пополам  профосмотр  был пройден». Отдельно можно упомянуть эмодзи, которые встречаются в пользовательских отзывах. Эмодзи —это  набор  символов,  представляющих  широкий  спектр  эмоций,  объектов, действий и идей. Они широко используются в современной коммуникации в социальных сетях, мессенджерах, форумах и других онлайн-платформах. Эмодзи позволяют выразить эмоции более точно и наглядно, чем простые текстовые сообщения, а в некоторых случаях, они  могут  заменять  слова  или  целые  фразы,  экономя  место  и  делая  сообщение  более лаконичным. 4.Дальнейшее исследование Полученный  набор  данных  станет  основой  для  обучения  ряда  моделей  анализа тональности, из которых будет выбрана наиболее эффективная. Однако перед этим данные следует предобработать. Для этого из данных будут извлечены в отдельный столбец эмодзи, которые были использованы пользователями для усиления эмоциональной составляющей отзыва.  Столбец  с  эмодзи  может  быть  использован  для  улучшения  качества  модели тональности текста. Кроме того, данные нужно проверить на дубликаты, так как некоторые пользователи могут писать несколько полностью совпадающих отзывов. Они могут быть посвящены  разным  учреждениям,  но  одинаковые  комментарии  от  одного  пользователя снижают качество данных. В полученном наборе данных обнаружилось чуть более 2 тысяч дубликатов.  Затем  данные  разделяются  на  токены,  слова  приводятся  к  основе  и лемматизируются.  Это  необходимо  для  уменьшения  размера  словаря  и  улучшения обобщающей способности модели. После этого данные преобразуются в числовой формат, необходимый  для  обучения  модели.  Для  этого  используется  один  из  существующих методов векторизации текстовых данных. За обучением модели анализа тональности следует обучение алгоритма тематического моделирования. Выделение ключевых тем в отзывах с разделением на положительные и отрицательные, а также с разделением пользователей на группы позволит проанализировать наиболее важные потребности, недостатки и преимущества, которые находятся в текстах.5. Заключение Итогом  данного  исследования  стал  алгоритм,  который  собирает  пользовательские отзывы  на  сайте  «Яндекс Карты»,  используя  настраиваемые  параметры.  Также  было проанализировано влияние отзывов об различных организациях и составлен набор данных, содержащий отзывы пользователей о поликлиниках в городе Санкт-Петербург. Эти данные будут  использованы  для  обучения  модели  анализа  тональности.  Сам  алгоритм  легко настраивается на сбор аналогичных данных о медучреждениях или других организациях, предоставляющих  услуги  населению,  расположенных  в  любом  регионе  страны,  при условии, что информация о них содержится на сайте «Яндекс Карты».Обученная  модель  может  помочь  оценить  удовлетворенность  пациентов  услугами медицинских  учреждений,  которые  в  свою  очередь  принять  во  внимание  выявленные проблемы и предпринять меры по улучшению качества услуг. Более того, модель может использоваться для сравнительного анализа различных медицинских учреждений с целью выявления  лучших  практик  и  определения  областей,  в  которых  могут  быть  внесены улучшения.",_rus,"Существует  множество  традиционных  и современных  способов  сбора  отзывов,  которые  используются  в  настоящее  время. Исследователи из Имперского колледжа Лондона собрали комментарии пациентов с сайта NHS Choices за 2008, 2009 и 2011 годы (13802 текста) и применили методы анализа тональности [5]. Эти данные будут  использованы  для  обучения  модели  анализа  тональности.","Пользователи интернет-платформы, социальные сети, форумы и т.д. дают возможность оценивать степень удовлетворенности в баллах от 1 до 5, а также выяснить, какие эмоции выражают пользователи."
1,Bogomolova_IMS_2013_rus,"УИС РОССИЯ: эксперимент по реализации онтологии
предметной области «государственное управление» для
поиска в базах данных и по аналитическим
публикациям
А.В. Богомолова1, Н.Ф. Дышкант1, А.Ю. Крылов1, О.В. Петухова2, Т.Н. Юдина1
1
Московский государственный университет имени М.В. Ломоносова,
2
Центральный экономико-математический институт РАН
anna.bogo@gmail.com, yudina@mail.cir.ru
1. Введение
Труды XIV Всероссийской объединенной
конференции «Интернет и современное
общество» (IMS-2013), Санкт-Петербург, Россия,
2013.
Повышение качества государственного
управления — актуальная проблема во всех странах
мира. Разработка методов системного анализа
результатов и оценки деятельности органов власти,
способов повышения результативности и эффективности управления стала важным направлением
междисциплинарных научных исследований.
Тенденция последнего десятилетия — растущая
востребованность результатов исследований и
превращение государственного управления во все
более наукоемкую, точнее знаниеемкую (knowledgebased) сферу. Пионером этого явления были и
остаются США, где государственные ведомства
ориентированы президентом страны на привлечение
знаний на всех этапах разработки решений,
программ и проектов, мониторинга и прогноза
результатов с тем, чтобы добиться максимальной
эффективности деятельности и результативности
бюджетных затрат [15]. В США целенаправленно и
последовательно внедряется механизм сотрудничества органов власти всех уровней и
университетов, в последние годы в каждом
ведомстве учреждена должность руководителя,
ответственного за привлечение знаний Chief
Knowledge Officer/CKO. Задача CKO —
а) мониторинг проектов и прикладных разработок
по направлениям деятельности ведомства,
б) формирование стратегии повышения качества
управления за счет использования знаний и
сотрудничества с исследовательскими коллективами, в) разработка программы повышения
квалификации и овладения новыми компетенциями
для сотрудников ведомства.
Организация знаний в сфере государственного
управления объявлена национальной задачей в ряде
развитых стран: эффективное и результативное
управление рассматривается как основное условие
повышения конкурентоспособности государства,
успешного развития общества и благосостояния
граждан. Такой подход стимулирует научные
исследования. Задача организации знаний
предполагает формирование новой информационной среды для поддержки процесса управления на
всех этапах — от целеполагания, разработки задач и
этапов программ и проектов до мониторинга
динамики программ, системного анализа и прогноза
результатов. Постоянно увеличивающийся объем
важной для процесса управления информации
требует инструментария для содержательной
обработки источников, генерации новых знаний, их
организации и систематизации. Предметная область
характеризуется разнообразием источников жанра
«деловая проза» — официальные документы
статистика, административные регламенты, научные
публикации, статьи СМИ, социологические данные,
географические сведения, энциклопедии, словари и
многие другие. Одним из инструментов, с помощью
которого могут быть содержательно обработаны и
интегрированы в систему большие массивы данных
и документов предметной области является
онтология. Анализ онтологии как системы организации знаний дан в работе [2]. Обзор основных
точек зрения на представление знаний и управление
знаниями в онтологических системах представлен в
работе [3]. Развернутое изложение онтологического
подхода как метода извлечения знаний из текстов
деловой прозы дано в монографии [5].
Онтологический подход как метод организации
знаний предметной области признан перспективным
направлением исследований и динамично
развивается в течение последних десятилетий в ряде
развитых стран. Это направление дает пример
успешного международного сотрудничества и
кооперации научных коллективов. В 2004 году был
создан и действует тематический портал
www.ontologyportal.org [18]. Портал выполняет
образовательные задачи и представляет разработки,
выполненные в разных странах. Доступны
руководства и инструкции по созданию онтологий,
рекомендации и консультации. Значительная часть
услуг предоставляется бесплатно. Курирует портал
Адам Пиз — разработчик SUMO/Suggested Upper
Merged Ontology — онтологии верхнего уровня,
ставшей стандартом и основой для разработки
онтологий предметных областей [17]. По числу
разработок и реализаций лидируют проекты
создания онтологий в области естественных наук и
медицины. Проектов по тематике «государственное
управление» немного, выделим проект научной
программы Европейского Союза OntoGov [14],
проект онтологии «электронное правительство» в
Мадридском университете в Испании [16].
Описания примеров реализации онтологии как
поискового инструмента предметной области
«государственное управление» в действующих
системах найти не удалось.
В России также ведутся исследования в области
онтологии. Один из проектов по разработке
онтологии предметной области «государственное
управление» выполняется с 2008 года по грантам
РГНФ. Работы ведутся в рамках проекта
«Университетская информационная система
РОССИЯ» в МГУ имени М.В. Ломоносова
(подробнее см. [6]).
2. Структура и состав онтологии
предметной области «государственное
управление». Нелингвистические
проблемы
На начальном этапе проекта был разработан
классификатор (рубрикатор) предметной области
«государственное управление». Классификатор
состоит из трех рубрик верхнего уровня,
ограничивающих предметную область: функции
государства и политика управления; институты
власти; инструменты и методы управления.
Структура рубрикатора объединяет как
иерархический, так и фасетный подходы и состоит
из 3 рубрик первого и 12 рубрик второго уровня
(всего 42 рубрики).
Фрагмент рубрикатора представлен на рисунке 1.
В виде фасетов даны типы сельских поселений и
городских округов.
Следующим шагом стало создание словника
предметной области. Словник состоит из списка
основных терминов, описывающих предметную
область. Для предметной области «государственное
управление» принципиальное значение имеет
массив показателей социально-экономической
статистики, классифицированных в соответствии с
функциями государственного управления и институтами власти. Работа по классификации показателей
началась с анализа первичных документов,
заполняемых субъектами экономической деятельности, это формы федерального статистического
наблюдения. Росстат публикует формы как
компонент модуля методологических пояснений.
Были обработаны формы федерального
статистического наблюдения за 2008-2011 годы.
Процедура обработки выполнена с помощью
бесплатно распространяемого программного
комплекса AlchemyAPI [13]. Результатом обработки
стал перечень терминов для словника. Например,
рубрику «Социальная политика» описывают такие
термины как «социальная помощь», «социальная
поддержка», «социальная услуга», «социальное
обслуживание», «социальная защита» и др.
Одновременно был проанализирован состав
показателей социально-экономической статистики,
публикуемых в ежегодных сборниках Росстата. В
результате обработки сборников Росстата первоначальный перечень терминов был дополнен и
скорректирован. Текущая версия словника включает
около двух тысяч терминов. На основе словника
было начато формирование толкового словаря.
Толковый словарь состоит из определений,
зафиксированных в нормативных документах,
регламентирующих ту или иную сферу государственного управления, соответствующую рубрике
классификатора. В ходе работы над толковым
словарем претерпевал корректировку и словник.
Так, в первичном перечне терминов, которые могут
быть отнесены к рубрике «Социальная политика»,
отсутствовал термин «трудная жизненная ситуация», однако при написании толкового словаря было
выявлено, что в определении «социальной услуги»
используется термин «трудная жизненная
ситуация», который впоследствии и был включен в
словник.
На этапе анализа нормативных актов для
составления толкового словаря выявились
несовпадения в определениях одного и того же
термина в разных нормативных документах. Так, в
соответствии с Федеральным законом от 17 июля
1999 г. N 178-ФЗ «О государственной социальной
помощи», «государственная социальная помощь»
определяется как «предоставление малоимущим
семьям, малоимущим одиноко проживающим
гражданам, а также иным категориям граждан,
указанным в настоящем Федеральном законе,
социальных пособий, социальных доплат к пенсии,
субсидий, социальных услуг и жизненно
необходимых товаров» [8].
Вместе с тем, в Федеральном законе N 195-ФЗ
«Об основах социального обслуживания населения в
Российской Федерации» [7] и ГОСТ Р 52495-2005
[1] представлено такое определение «социальных
услуг» — это «действия по оказанию отдельным
категориям граждан в соответствии с
законодательством Российской Федерации, клиенту
социальной службы помощи, предусмотренной
настоящим Федеральным законом». ГОСТ
определяет социальные услуги как «действия
социальной службы, заключающиеся в оказании
социальной помощи клиенту для преодоления им
трудной жизненной ситуации». Приведенные
определения не позволяют однозначно установить
типы связей между терминами: с одной стороны
(см. определение «социальной помощи»),
социальные услуги являются частью социальной
помощи, с другой (см. определение «социальных
услуг»), социальные услуги определяются как
оказание социальной помощи. Таким образом,
исходя из первого определения, «социальные
услуги» — часть социальной помощи, исходя из
второго определения, можно предположить, что
термины «социальная помощь» и «социальные
услуги» — синонимы. Однако в таком случае
социальные пособия, социальные доплаты к пенсии
должны быть частью социальных услуг, но это не
соответствует 178-ФЗ.
В том же документе для определения социальной
помощи используется термин «жизненно
необходимые товары», однако в законодательстве не
определено, что является жизненно необходимыми
товарами (за исключением «жизненно необходимых
и важнейших лекарственных препаратов»,
определенных Федеральным законом N 61-ФЗ «Об
обращении лекарственных средств») [9].
Проблемы, связанные с определением терминов
и типов связей между терминами, присутствуют при
описании практически всех рубрик/подрубрик
классификатора предметной области
«государственное управление». Рассогласованность
в определениях для задачи формирования онтологии
как поискового инструмента – хотя и усложняет
экспертную задачу по установлению типа
взаимосвязей между терминами, но не является
критичной, если факт связи между терминами
установлен, хотя и сказывается на релевантности и
пертинентности результатов поиска. В то же время
для задач государственного управления рассогласованность в нормативных документах имеет негативные последствия, влечет за собой неопределенность
в интерпретации порядка предоставления государственных услуг и влияет на их качество.
Еще одним характерным примером нечеткости
нормативной базы является определение объектов
статистического наблюдения в рамках проводимых
статистических обследований, что не позволяет
корректно идентифицировать объекты. Так
произошло в случае статистического наблюдения за
деятельностью малых предприятий научнотехнической сферы, занимающихся трансфером и
использованием научных результатов и технологий
(Форма № 1-МП трансфер) [10]. Это статистическое
обследование предполагает, в том числе, и охват
организаций инновационной инфраструктуры,
основная деятельность и услуги которых связаны с
трансфером и коммерциализацией технологий.
Возникает проблема, связанная с оценкой части
генеральной совокупности, так как этот круг
объектов сегодня невозможно идентифицировать с
помощью критериев, действующих в методологии
Росстата прежде всего из-за отсутствия в ОКВЭД
соответствующего вида деятельности. Именно
поэтому можно говорить только о приближенной
оценке этого сектора инновационной сферы, но
оценить величину погрешности не представляется
возможным. Безусловно, подобного рода
законодательные пробелы идентификации объектов
статистического наблюдения снижают корректность
онтологии. Но это критично с точки зрения
государственного управления — такие пробелы
являются большим препятствием для проведения
качественных статистических обследований, в
результате важный сектор инновационной
деятельности некорректно отражен в отчетах и
искажает реальное положение дел.
В процессе систематизации и классификации
статистических данных потребовалось изучение
нормативных документов, определяющих порядок
формирования единого статистического ресурса для
целей государственного управления и обязанности
Росстата в части сбора показателей. В соответствии
с этими документами, руководство работами по
интеграции и межведомственной координации
статистических работ по созданию интегрированных информационных ресурсов в рамках
федерального плана статистических работ
закреплено за Росстатом. Область статистической
деятельности министерств и ведомств определяется
в соответствии с предметом их ведения. Анализ
нормативных документов, определяющих порядок
формирования единого статистического ресурса для
целей государственного управления и обязанности
Росстата в части сбора показателей, анализ
федеральных форм статистического наблюдения
выявил разрыв между составом показателей,
официально публикуемых Росстатом и другими
ведомствами, и составом показателей, в принципе
собираемых и обрабатываемых, но недоступных для
анализа широкому кругу исследователей.
Так, характерный пример, из 60 выходных
показателей по форме №4 — инновации,
разрабатываемых в соответствии с экономическим
описанием статистической работы: «Сведения об
инновационной деятельности организации» [12],
только третья часть из них загружается в базу
данных ЦБСД Росстата и доступна для
продвинутого пользователя. Количество
публикуемых в сборниках показателей значительно
меньше, а в общедоступную систему ЕМИСС
выгружается только три показателя. Таким образом,
был определен значительный неиспользуемый (или
слабо используемый) потенциал существующей
системы статистического наблюдения.
Оценивая онтологию как средство организации
знаний предметной области с целью повышения
качества управления, приходится констатировать,
что противоречия и пробелы в определениях
негативно сказываются на процессе принятия
решений и зачастую приводят к дополнительным
бюджетным расходам. Так, отсутствие в
нормативно-правовых документах четкого
определения жизненно необходимых товаров – это
пробел в онтологии, но и фактор дополнительных
бюджетных расходов государства и материальных,
временных издержек для граждан, что
подтверждается судебными делами (см. например,
решение Нагатинского районного суда по
гражданскому делу № 2-4532/10) [4].
Таким образом, в ходе исследования были
выявлены и описаны проблемы, которые
затрудняют формирование корректной онтологии.
Эти проблемы характерны для сферы
государственного управления в нашей стране и
снижают эффективность управления, негативно
сказываясь на практике правоприменения.
Выявленные лакуны между фактически
собираемыми данными и данными, публикуемыми
на сайте Росстата, сокращают значимость
национального статистического потенциала для
целей государственного регулирования на разных
уровнях управления. Качество государственного
управления напрямую зависит от нормативной базы
и полноты статистического потенциала.
Подводя итог этапу разработки основы
онтологии, приходится констатировать, что
построение онтологии предметной области
«государственное управление» связано со
значительными нелингвистическими проблемами.
Описание этого комплекса проблем мы считаем
важным для формирования в нашей стране
информационной среды для поддержки
современных методов государственного
управления.
Интерес соответствующих государственных
ведомств к нашему исследованию мог бы
способствовать устранению неточностей в
законодательстве и соответственно сократить число
нормативных документов, некорректность которых
негативно сказывается на практике управления.
3. Предварительное тестирование
онтологии как поискового инструмента
Следующим этапом работы стал эксперимент по
применению онтологии как поискового средства в
составе новой версии баз данных Университетской
информационной системы РОССИЯ. Контрольный
массив источников состоит из статистического
ресурса и коллекции аналитических публикаций.
Статистический ресурс включает комплекс баз
данных «Регионы России», статистические
сборники и формы федерального статистического
наблюдения Росстата. Число показателей
превышает 70 тысяч. Коллекция аналитических
публикаций содержит издания государственных
органов (Министерство экономического развития,
Счетная палата, Центральный банк и т.д.)
исследовательских центров (Экономическая
экспертная группа, Независимый институт
социальной политики, Центр макроэкономического
анализа и краткосрочного прогнозирования,
Демоскоп и другие), СМИ (газеты «Коммерсант»,
«Ведомости»). Объем текстовой коллекции
составляет 1 Гб.
Архитектура новой версии баз данных в УИС
РОССИЯ содержит онтологию как средство поиска
и поддерживает разные способы интеграции
показателей в базе данных и тематических
публикаций средствами онтологии.
Реализован переход к публикациям из баз
данных. Далее представлен пример запроса по
показателю «Центры социального обслуживания
граждан пожилого возраста и инвалидов.
Численность обслуженных граждан пожилого
возраста и инвалидов» в базе данных «Регионы
России. Ежегодное обновление показателей».
Пользователь получил таблицу с данными по
запросу и перешел в опцию выбора тематических
публикаций из списка коллекций аналитических
документов. На рисунке 2 показаны публикации,
связанные с показателем по тематике.
На рисунке 3 показаны примеры текстов
найденных документов. В документах выделены
термины «пенсии», «Пенсионный фонд РФ»,
«социально-ориентированный город», «социальный
бюджет», «социальная защита», «социальное
такси», «социальные услуги»
Использование онтологии позволяет находить
публикации, связанные с запросом по смыслу.
Используя связи между элементами онтологии —
«часть-целое», «класс-подкласс», «сущностьсвойство», «причина-следствие», «эквивалентность»
и т.п., — система сопоставляет элементам
поискового запроса сущности онтологии,
расширяющие и дополняющие семантику
первоначального, исходного пользовательского
запроса, что позволяет увеличить пертинентность
запроса за счет релевантности. В настоящее время
разрабатывается сервис уточнения запроса
по связям онтологии, что позволит пользователю
корректировать запрос, в том числе увеличивая
релевантность документов.
Эксперименты показали, что описанный подход
позволяет реализовать процедуру содержательной
интеграции показателей в базах социально-экономических данных и тематических аналитических
публикаций предметной области «государственное
управление». Вместе с тем, результаты экспериментов говорят о необходимости продолжить
работы по онтологии и в части пополнения
терминами, и в части уточнения связей, а затем
провести следующий этап тестирования.
Отдельное направление эксперимента также на
ресурсах в составе УИС РОССИЯ — реализация
онтологии как средства поиска в базе данных «Дети
России» и по тематическим публикациям,
исследующим функции государства в этой области.
Ведутся работы по включению в онтологию
терминов, уточняющих функции государства в
области поддержки детей.
4. Дополнительная прикладная задача
В рамках настоящего проекта удалось решить
важную прикладную задачу. Повторим, что
описанные работы — одно из направлений в рамках
проекта УИС РОССИЯ. Основная цель УИС
РОССИЯ — формирование информационноаналитической инфраструктуры для учебных
курсов, в том числе разработка современной
статистической системы и аналитических сервисов
для задач государственного управления. Разработка,
о которой идет речь, — привязка к показателю
социально-экономической статистики соответствующей формы или нескольких форм федерального
статистического наблюдения, т.е. методологического пояснения к показателю (подробная
информация об объектах наблюдения и методиках
расчета показателя). В случае изменения методики
наблюдения или расчета к показателю привязывается весь пакет методологических материалов,
что позволяет проследить за изменениями методики
наблюдения и расчета, которые Росстат производит
регулярно. Иногда такие изменения оказывают
существенное влияние на динамику анализируемого
показателя, иногда — нет, однако всегда важно
понимать, что именно отражает тот или иной
показатель. Например, источником данных о
численности аспирантов и докторантов является
форма 1-НК «Сведения о работе аспирантуры и
докторантуры» [11]. С помощью разработанной
онтологии при выборе показателей «Прием в
аспирантуру», «Выпуск из аспирантуры»
осуществляется привязка данных показателей к
форме 1-НК. При этом сопоставление найденных
форм за разные годы позволяет выявить различия в
учете, например, в 2010 г. в общей численности
аспирантов учитывались лица из зарубежных стран,
в то время как в 2008 г. лица из зарубежных стран
(за исключением СНГ) в отчет не включались. Такие
же примеры можно найти в показателях,
отражающих статистику промышленности, цен,
уровня жизни и других, что свидетельствует о
важности задачи автоматизированной привязки
методических документов к показателям социальноэкономической статистики. Актуальная версия
методологических материалов необходима для
поддержания качественного статистического
ресурса, именно качественный статистический
ресурс лежит в основе корректных и обоснованных
управленческих решений.
5. Заключение
По грантам РГНФ в рамках проекта УИС
РОССИЯ разработана основа онтологии предметной
области «государственное управление» для
содержательной интеграции статистических
показателей и аналитических документов.
Реализована процедура поиска по онтологии.
Тестирование текущей версии онтологии как
поискового инструмента было проведено на
представительном контрольном массиве
источников. В составе контрольного массива - база
социально-экономических показателей и коллекция
аналитических публикаций. Тестирование показало
удовлетворительные результаты. Результаты могут
быть улучшены за счет пополнения онтологии и
уточнения связей между терминами. Коллектив
предполагает продолжить работы по онтологии.
Онтологический подход — перспективное
направление исследований и разработок, которое
активно развивается и «стало модным» [5] и в
нашей стране. Важно отметить, что в ходе проекта
было использовано программное обеспечение,
распространяемое бесплатно для некоммерческих
целей, в том числе:
AlchemyAPI — сервис извлечения знаний из
текстов;
Node.js — язык программирования, используемый для реализации логики серверной части
поисковой системы;
Geddy — фреймворк, используемый для
реализации программной архитектуры серверной
части системы в соответствии с моделью паттерна
MVC;
AngularJS — фреймворк, используемый для
реализации логики клиентской части системы,
выполняемой в браузере пользователя и
представляющей собой web-приложение;
Twitter Bootstrap — набор стилей (CSS),
используемый для визуального оформление
графического интерфейса системы;
MongoDB — документноориентированная
система управления базами данных, используется
для хранения и обеспечения доступа к коллекциям
документов, спискам пользователей и конфигурационной информации поисковой системы;
Neo4j — графовая база данных, используемая
для хранения онтологий предметных областей в
виде графов;
Sphinx Search Engine — система полнотекстового
поиска, используемая для обработки поисковых
запросов к тексту документов.",_rus,Анализ онтологии как системы организации знаний дан в работе [2]. Были обработаны формы федерального статистического наблюдения за 2008-2011 годы. Заключение По грантам РГНФ в рамках проекта УИС РОССИЯ разработана основа онтологии предметной области «государственное управление» для содержательной интеграции статистических показателей и аналитических документов.,"Российские ученые и исследователи проводят эксперимент по реализации онтологии предметной области «государственное управление» для поиска в базах данных и по аналитическим публикациям. Эксперты считают, что такой подход стимулирует научные исследования и повышает эффективность государственного управления."
2,Filchenkov_IMS_2014_rus,"Компаративный анализ методологических основ задач
прогнозирования исходов выборов и протестов по
цифровым следам пользователей в социальных медиа
А.А. Фильченков, А.А. Азаров, М.В. Абрамов
МГГУ им. Шолохова, Университет ИТМО, СПИИРАН
1. Введение
Задача предсказания (прогнозирования) является
фундаментальной научной задачей. Осуществление
предсказаний возникновения и течения событий и
явлений общественной и политической жизни
является одной из фундаментальных задач
политологии.
Увеличение роли информационных технологий в
общественной жизни сопровождается в первую
очередь массовым вовлечением населения в онлайнкоммуникацию, в первую очередь в социальных
медиа. Это приводит к появлению обилия цифровых
следов (сообщений, картинок, плафтормозависимых
взаимодействий, таких как «лайки», «репосты»).
Рядом исследователей была показана
принципиальная возможность прогнозирования
событий на основе обработки цифровых следов в
социальных медиа [1].
Задача прогнозирования результатов выборов по
социальным медиа считается достаточно хорошо
изученной и данной тематике посвящены десятки
работ. Задача прогнозирования протестов по
социальным медиа в научной литературе, напротив,
не освещается. В данной работе будет проведен
компаративный анализ методологических основ
двух указанных задачи, на основе чего будут
указаны потенциальные трудности и ограничения,
связанные с прогнозированием протестной
активности.
2. Прогнозирование результатов
выборов
Выделим наиболее часто используемые подходы
к прогнозированию результатов выборов по
социальным медиа.
Одной из популярных методик является
использование профиля настроения (Profile of Mood
States), который строится для каждого пользователя
социальной сети [14, 8, 31, 13, 26]. В рамках этого
направления реализовано несколько различных
моделей, различающихся по сложности и
учитываем признакам. Наиболее продвинутой
моделью является набор из скрытых составных
моделей, индивидуальной для каждого избирателя,
в репрезентативной выборке населения
избирательного возраста.
Другим направлением является прогнозирование
на основе различных лингвистических методик,
основанных на анализе тональности
высказываний [6].
Кроме того, существует множество различных
концептуальных методов прогнозирования
результатов выборов, таких как использования
методов предсказания погоды [28]; основанных на
графах социальных связей пользователей (Facebook,
Twitter, YouTube, Google); на их политических
предпочтениях [19, 12].
Более детальный обзор представлен в [21]
3. Два типа протестных событий
Прежде чем приступать к сравнительному
анализу, необходимо ответить, что различные типы
протестов принципиально различаются, что
существенно влияет на возможность осуществления
предсказания таких событий.
В целях настоящей работы мы выделим два типа
протестов, которые условно назовем стихийные и
организованные
Стихийные протесты (например, события в
Бирюлово в 2012 году) отличаются тем, что протест
возникает спонтанно как ответ на какой-либо
информационный повод (обычно, происшествие),
очаг возникновения локализуется вне социальных
сетей, которые, хотя и могут выступать
инструментом для координации и мобилизации, не
играют существенной роли в моменте образования
протеста. Стихийные протесты в данном
определении близки к бунтам.
Организованные протесты (например,
выступления на Болотной площади), напротив,
организуются преимущественно в социальных
сетях, о них известно заранее, перед их
проведением в сети присутствует достаточно
большое число цифровых следов. Название не
подразумевает, что у подобных протестов должен
быть непосредственный организатор, однако их
развертывание характеризуется плавностью и
нарастанием, в отличие от взрывного характера
стихийных протестов.
4. Сравнительный анализ
Поскольку прогнозирование выборов по
данным, извлеченным из социальных медиа, уже
является активно развивающейся темой, в которой
получены серьезные успехи, в данной секции будут
представлены результаты компаративного анализа
этой задачи и задачи прогнозирования протестов. В
данной статье рассмотрены шесть критериев
сравнения предсказания результатов выборов и
прогнозирования протестной активности.
4.1. Представленность
Критерий: для осуществления предсказания по
социальным медиа необходимо, чтобы
соответствующая информация была в них
представлена.
Выборы: Социальные медиа используются для
самопрезентации [5]. Люди выражают свое мнение
на различные политические вопросы, политические
концепции, о различных политических
организациях и политических деятелях. Таким
образом, информация представлена.
Организованный протест: Использования
социальных медиа во время различных протестных
акций в 2013 году было активно изучено
исследователями, например, российские протесты
после выборов в Думу в 2011–2012 [32, 35] и
Украинский Евромайдан [2, 3, 7]. Как и в случае
выборов, представлены политические взгляды,
предпочтения высказывания. Более того, в
социальные сети используются для мобилизации
участия в протестах.
Стихийный протест: В сети представлены лишь
характеристики, которые выступают латентными
для определения участия в стихийном протесте.
Результаты: лучше всего информация
представления на организованного протеста, хуже
всего — для стихийного протеста.
4.2. Первая страница
Критерий: точности прогноза способствует
репрезентативность пользователей социальных
медиа [20].
Выборы: При прогнозировании результатов
выборов обнаруживается серьезная проблема с
репрезентативностью социальных медиа.
Наблюдается серьезное смещение представленных
мнений из-за «цифрового разрыва» (digital divide).
Наиболее явно это проявляется по возрастному
признаку: чем старше человек, тем меньше
вероятность того, что он является активным
пользователем [10]. Нет никаких свидетельств в
пользу того, что возраст избирателей имеет такое же
смещение.
С другой стороны, активность в социальных
сетях и политическая активность коррелируют [34].
Организованные протесты: в основном в
протестных акциях в основном участвует
образованная городская молодежь [17], которая
одновременно является наиболее активными
участниками социальных сетей.
Более того, в [33] показано, что положительная
корреляция существует также и между
политической активностью в социальных сетях и
политической активностью в жизни, к которой
скорее относится политический активизм, чем
участие в голосовании.
Стихийные протесты: в стихийных протестах
участвует более возрастная аудитория, чем в
организованных протестах. Предполагается также,
что и менее образованная. Однако найти каких-либо
исследований, освещающих состав участников
подобных протестов авторам не удалось.
Результаты: больше всего свидетельств с
пользу репрезентативности выделено для
организованных протестов, для стихийных
протестов нет релевантной информации, а для
выборов заведомо известно, что репрезентативность
отсутствует.
4.3. Открытость
Критерий: для возможности осуществлять
предсказания требуется открытость публичного
обсуждения вопросов соответствующей области
[25].
Поскольку политические вопросы являются
основной целью цензуры, все случаи сильно
зависят от степени свободы слова в государстве и
обществе. В последние годы в России наряду с
другими странами, наблюдается усиление контроля
над онлайн дискурсом путем ужесточения
законодательной и правоприменительной практики,
что, естественно, затрудняет публичную
политическую дискуссию, в особенности связанную
с протестной деятельностью.
С другой стороны, свобода слова традиционно
рассматривается как элемент демократического
общества, и через этот предиктор положительно
коррелирует с коэффициентом детерминации
исхода выборов от общественных настроений.
Проще говоря, степень свободы слова тесно связана
с уровнем административного вмешательства в
итоги голосования, что существенно затрудняет
осуществление прогнозов (по социальным медиа).
Результаты: для всех случаев открытость
влияет сопоставимо; ущемление свободы слова
опосредованно влияет на возможность
прогнозирования результатов выборов.
4.4. Теоретическая предсказуемость
Если предыдущие критерии касались
представления мнений в социальных сетях, то этот
критерий относится к разработанности
теоретических моделей. Следует отметить, что
предсказания могут быть сделаны даже при
отсутствии полного понимания, как функционирует
система, поведение которой будет предсказано.
Критерий: наличие теоретических моделей
прогнозирования.
Выборы: для предсказания выборов
предложены различные теоретические модели [11,
35].
Протесты: вопрос о том, является ли протест
случайным, является дискуссионным, и в научной
литературе можно найти как сторонников этой
точки зрения [16, 27], так и противников,
утверждающих, что он хотя бы в некоторой степени
закономерен [23, 29, 22].
Наиболее известная теоретическая модель
прогнозирования протестов предложена в [24],
развивалась в [20, 29]. Другие популярные модели,
рассматривающие протест как проявление
общественного конфликта, описаны в [18, 4].
Указанные модели применимы для предсказания
обоих выделенных типов протестов.
Подробный обзор теоретических моделей
приведен в [9].
Результаты: вопрос о предсказуемости всех
типов рассматриваемых событий является
открытым, однако во всех случаях предложены
теоретические модели.
2.4. Математическая постановка задачи
Критерий: математическая постановка задачи
предсказания, которая определяет методы,
используемые для решения.
Выборы: математическая задача предсказания
исхода выборов — это задача восстановления
регрессии, классическая задача статистики.
Протесты: предсказание протестов разбивается
на несколько задач:
 задачу предсказания длительности
протеста — это задача восстановления
регрессии.
 задачу предсказания численности
протестующих — тоже задача
восстановления регрессии.
 задача предсказания начала протеста
(наиболее важная) в общем случае —
это задача предсказания. В зависимости
от конкретной постановки и
дополнительных предположений (то
есть используемой модели) возможно
использование достаточно большое
число подходов.
Результаты: задача предсказания протестов в
математическом смысле сложнее задачи
предсказания исхода выборов.
4.6. Доступность данных
Для формирования (обучения) прогностической
модели, то есть применения методов машинного
обучения, необходимы обучающие наборы данных.
Предлагая новую модель, ее необходимо
тестировать и корректировать на данных.
Поскольку информация, представленная в
социальных медиа, огромна (терабайты),
невозможно хранить ее всю.
Существует три варианта решения такой
проблемы.
Первый состоит в том, чтобы каждый раз заново
искать данные (сообщения, связи) для событий,
имевших место в прошлом. Однако такой подход
сопряжен со многими ограничениями, потому что
множество информации с течением времени будет
утрачено. В частности, задача восстановления графа
социальных связей на определенный момент
времени чрезвычайно трудно реализуема и
представляет отдельную исследовательскую
проблему.
Второй подход состоит в том, чтобы сохранять
лишь необходимые данные. Однако понятие
«необходимые» определяется моделью. Поэтому,
решая задачу построения модели, нельзя
предугадать, какие данные в итоге потребуются.
Наконец, третий подход состоит в том, чтобы
обучать и тестировать модель на новых данных. Но
он предполагает, что данные должны быть
регулярно доступны. Это и является последним
критерием сравнения.
Выборы: проводятся регулярно, они относятся к
так называемым «стабильных» событий [15].
Поэтому мы можем обучать нашу модель на новых
данных, зная, с какого момента их следует собирать
(например, за месяц до выборов). В отношении
выборов достаточно хорошо определен контекст
(известны имена кандидатов, предвыборные
программы и т.д.), что упрощает задачу выбора
признаков для модели.
Организованные протесты: протесты
относятся к «нестабильным» сообщениям —
зачастую мы не знаем, когда они наступят, чтобы
заранее подготовиться и настроить под них систему.
Кроме того, в отношении протестов в общем случае
мы не обладаем никакими эвристиками, которые бы
могли облегчить поиск.
Стихийные протесты: совершенно неопределен
контекст, поскольку обычно они являются ответом
на какие-либо события. Достаточно сложно
провести выделение групп по похожести событий,
что еще более затрудняет поиск данных.
Результаты: выборы намного превосходят
протесты по доступности данных. Именно этот
критерий, на наш взгляд, является определяющим
для решения задачи предсказания протеста и ее
сложности по сравнению с задачей предсказания
выборов
6. Заключение
В работе было выделено два типа протестов:
стихийные и организованные. Подводя итоги
компаративного анализа, можно сделать вывод, что
предсказание организованных протестов по данным
социальных медиа имеет большой потенциал.
Социальные сети активно используются для
мобилизации протестного населения, одновременно
оставляя цифровой след мобилизации, который
может быть исследован. С точки зрения машинного
обучения динамику мобилизации можно описать
временным рядом предикторов, на основе которого
строить предсказательные модели протеста: его
начала, его продолжительности и его масштаба
(числа вовлеченных людей). Одновременно с этим
построение прогностических моделей протеста
является существенно более сложной задачей в силу
нестабильности самих протестов и, как следствие,
нерегулярности данных, на которых эту модель
можно обучить и верифицировать.
Стихийные протесты, имеют существенно
меньший потенциал для осуществления
предсказания. Вероятно, предсказательная
способность будет ограничена лишь оценкой уровня
«взрывоопасности» ситуации.
Следует также указать на ряд теоретических
ограничений.
Существенной угрозой репрезентативности
данных, а, значит, и предсказательной способности
моделей, являются боты. В [6] было показано, что
социальные сети уязвимы для ботов. Практика
формирования искусственных мнений и оценок в
маркетинговых или экономических целях стала
общепринятой. Таким образом, это может привести
к тому, что исследователь социальных медиа будет
заниматься исследованием не общества, а ботсообщества.
Существенным глобальным риском для
исследований социальных медиа, в особенности
связанных с политическими вопросами, является
ограничение свободы слова в Интернете.",_rus,"В целях настоящей работы мы выделим два типа протестов, которые условно назовем стихийные и организованные Стихийные протесты (например, события в Бирюлово в 2012 году) отличаются тем, что протест возникает спонтанно как ответ на какой-либо информационный повод (обычно, происшествие), очаг возникновения локализуется вне социальных сетей, которые, хотя и могут выступать инструментом для координации и мобилизации, не играют существенной роли в моменте образования протеста. Результаты: больше всего свидетельств с пользу репрезентативности выделено для организованных протестов, для стихийных протестов нет релевантной информации, а для выборов заведомо известно, что репрезентативность отсутствует. Именно этот критерий, на наш взгляд, является определяющим для решения задачи предсказания протеста и ее сложности по сравнению с задачей предсказания выборов 6.","Задача прогнозирования исходов выборов и протестов по цифровым следам пользователей в социальных сетях является фундаментальной научной задачей политологии. В данной работе будет проведен компаративный анализ методологических основ двух указанных задач, на основе чего будут указаны потенциальные трудности и ограничения, связанные с прогнозированием протестной активности."
3,Khokhlova_IMS_2017_rus,"Сопоставительный анализ статистических мер
на примере частеречных преференций
сочетаемости существительных
М. В. Хохлова
Санкт-Петербургский
государственный
университет,


1. Введение
В последнее время в связи с возросшей потребностью в автоматизированных
системах большое внимание уделяется вопросу, связанному автоматическим
выделением словосочетаний сочетаний в текстах. Существуют различные
статистические метрики для оценки сочетаемости слов. Ряд мер получил
название мер ассоциации, или ассоциативных мер. Они позволяют вычислять
силу связи между элементами словосочетаний и основываются на частотах
данных словосочетаний и входящих в них отдельных слов. Таким образом,
может быть вычислена некоторая устойчивость, присущая лексическим
единицам, позволяющая их расположить на шкале: от свободных сочетаний до
фразеологизированных структур. Всего существует более 80 мер, позволяющих
оценить силу связанности словосочетаний [1].

В статье мы рассмотрим как часто используемые меры, так и редко
описываемые статистические метрики применительно к русскоязычному
материалу и сравним результаты по автоматическому выделению биграмм.
Изложение построено следующим образом. В разделе 2 дается обзор
статистического аппарата, в разделе 3 приводится методика исследования и в
последней части обсуждаются результаты.

2. Статистический аппарат
В рамках исследования были отобраны 7 мер: MI, log-likelihood (LL), t-score,
MI3, minimum sensitivity (MS), logDice и MI.log-f. Наиболее часто в литературе,
посвященной вычислению силы связанности, упоминаются первые три меры.
Их подробный обзор дан в ряде работ (см., например, [2]).
Особенностью меры MI (или коэффициента взаимной информации) является
то, что она позволяет найти в корпусе редкие словосочетания. Таким образом,
вес каждой отдельной коллокации тем больше, чем реже она встречается.
Поэтому в случаях, когда частота сочетания мала, использование данной
формулы может привести к неправильным результатам. Чтобы решить эту
проблему в ряде работ были предложены модификации данной меры
(примерами являются следующие меры).
В работе [3: 171–172] эмпирически выводится формула MI3, в которой
величина f(n,c) возводится в куб (как оказалась, данная степень позволяет
улучить результаты):

MI 3 = log 2

f 3 (n, c) × N
,
f ( n ) × f (c )

где
n — ключевое слово; c — коллокат; f(n,c) — частота встречаемости
ключевого слова n в паре с коллокатом с; f(n), f(c) — абсолютные
(независимые) частоты ключевого слова n и слова c в корпусе; N — общее
число словоформ в корпусе.
Исследователями мера MI3 оценивается неоднозначно. Так, в монографии
[4: 83] указывается, что она завышает значения для высокочастотных слов
наряду с LL и t-score. Также подчеркивается, что мера успешно справляется с
проблемой редких словосочетаний, присущей MI [5: 274], хотя по своему
поведению присущая ей кривая значений напоминает график для меры Дайса
[6, 7].
Следующая мера MI.log-f также является вариантом взаимной информации и
была введена в работе [8]:

MI . log − f = MI × ln( f (n, c) + 1)
В работе [9] была предложена мера logDice. Она является
модифицированным вариантом меры Дайса [6], [7] и призвана устранить ее

недостаток, связанный с
встречающихся биграмм:

выдачей

повышенных

значений

для

редко

2 f (n, c)
f ( n ) + f (c )
Мера MS (minimum sensitivity) была предложена в работе [10]. Ее значения
колеблются в диапазоне от 0 до 1.
log Dice = 14 + log 2

f (n, c)
f (n, c)
,
}
f (n, c) + f (n, c ) f (n, c) + f (n , c)
Как отмечается в работе [2], данная мера показала наилучшие результаты по
сравнению с другими, и была реализована в ряде систем.
MS = min{

3. Методика исследования
Наше исследование было проведено на материале корпуса новостных
текстов
Интернет-издания
«Фонтанка»,
содержащего
1,2 млн
словоупотреблений.
Нами были рассмотрены биграммы для десяти высокочастотных
существительных, отобранных по словарю [11]: год, человек, время, дело,
жизнь, день, рука, работа, слово и место. Были проанализированы 100
левосторонних нелемматизированных биграмм для каждого из приведенных
существительных, которые были выделены при помощи 7 вышеописанных
статистических мер и отсортированы по убыванию значения каждой из мер.
Были проанализированы части речи найденных словоформ. Предварительно не
была проведена фильтрация списков, так как планировалось проверить, какие
биграммы выделяются в «сыром» виде. В ходе эксперимента сравнивались
списки биграмм, полученные при помощи разных мер, т.е. результативность
статистических метрик.

4. Результаты
Ниже приведены результаты эксперимента. В таблице 1 указывается
количество левосторонних соседей разных части речи, выделенных для каждого
существительного описанными мерами.


4.1 Мера MI
Отличительной особенностью меры MI оказалось то, что по сравнению с
другими мерами она выделила наибольшее количество сочетаний с
числительными и местоимениями. Это можно объяснить наличием в корпусе
биграмм с лексемами «год», «человек», «дело», «день», «слово» и «место», в
которых числительные имеют небольшие частоты (что подтверждает
утверждение о том, что MI завышает значения для низкочастотных единиц).
Например, «первого места», «третьего дня» или «2017 году». Также мерой было
выдано наименьшее число существительных по сравнению с другими
статистическими метриками и сочетания с ними были зафиксированы в конце
списка (т.е. значения MI были невысокими), например, «неимением места».
4.2 Мера t-score
Данная мера показывает высокие значения для сочетаний с глаголами,
числительными и местоимениями. Наибольшее количество биграмм с
глаголами (так были размечены причастия) было зафиксировано для лексемы
«время» («потребуется время»). Наряду с мерой MI t-score демонстрирует
небольшое количество сочетаний с существительными. Исключением является
лексема «жизнь», для которой модель существительное + «жизнь» оказалась
самой частотной («образа жизни»).
4.3 Мера MI3
По сравнению с другими мерами (за исключением меры logDice) было
продемонстрировано наибольшее количество сочетаний со знаками препинания,
союзами, частицами, наречиями и предлогами. Полученные результаты
подтверждают наблюдения, описанные в [4]. Наименьшее число биграмм по
сравнению с другими мерами характерно для числительных и местоимений, что

демонстрирует противоположный результат по сравнению с мерой MI. Так же в
отличие от взаимной информации зафиксировано большое число сочетаний с
существительными (23,4% vs 15,7%).
4.4 Мера MI.log-f
Для всех 10 лексем данная мера выделила максимальное число биграмм с
глаголами (30,1%), при этом был зафиксирован небольшой процент сочетаний
со служебными словами. Частотное распределение частей речи, полученное для
данной меры, схоже со значениями для метрики MI.
4.5 Мера LL
Мера LL выделила наибольшее количество существительных по сравнению
с другими мерами («конец года») Почти четверть найденных согласно данной
мере сочетаний включает эту часть речи. Зафиксировано такое же количество
биграмм с глаголами, что отличает данную меру среди остальных. Так, для
лексемы «время» 37% биграмм построены по модели глагол + «время».
4.6 Мера MS
Зафиксировано максимальное число биграмм с прилагательными
(«выборного года»), которые оказались в верхней части списков. Также было
найдено большое количество биграмм со знаками пунктуации. Отметим, что в
силу специфики формулы ряд биграмм получил одинаковые значения меры, что
затрудняло ранжирование результатов и их последующую обработку.
4.7 Мера logDice
Наряду с мерой MI3 было выделено наибольшее количество сочетаний со
знаками препинания. Также две меры ведут себя схожим образом: одинаково
ранжируют по частоте найденные модели биграмм.

Заключение
Результаты показывают, что все меры выделяют глагол в качестве наиболее
вероятного
синтагматического
партнера
для
10
рассмотренных
существительных. Меры t-score, MI и MI.log-f показывают одинаковое
ранжирование частей речи по частоте встречаемости, то же относится к
метрикам MI3 и logDice. Однако внутри самих списков для каждого
существительного распределение биграмм отличается.
Можно предположить, что выделяются группы статистических мер, которые
имеют схожее поведение и, как следствие, выдают одинаковые результаты. С
одной
стороны, это
может
свидетельствовать
об
относительной
взаимозаменяемости метрик внутри групп, а с другой стороны, позволяет нам
выдвинуть гипотезу о том, что для улучшения результатов полезно
комбинировать меры (их абсолютные значения или ранги) из разных групп,
«охватывая» таким образом разные словосочетания.

Статья подготовлена в рамках работы по гранту Президента Российской
Федерации для государственной поддержки молодых российских ученых
№ МК-5274.2016.6
«Исследование
статистических
закономерностей
сочетаемости лексических единиц».
",_rus,"для 4.1 Мера MI Отличительной особенностью меры MI оказалось то, что по сравнению с другими мерами она выделила наибольшее количество сочетаний с числительными и местоимениями. Так же в отличие от взаимной информации зафиксировано большое число сочетаний с существительными (23,4% vs 15,7%).","Статистические метрики позволяют вычислять силу связанности словосочетаний в текстах. Это позволяет вычислить устойчивость лексических единиц, позволяющих расположить их на шкале."
4,Martynenko_IMS_2018_rus,"Методологические проблемы создания Компьютерной
антологии русского рассказа как языкового ресурса
для
исследования языка и стиля русской художественной прозы
в эпоху революционных перемен
(первой трети XX века)
Г. Я. Мартыненко, Т. Ю. Шерстинова, А. Г. Мельник, Т. И. Попова
Санкт-Петербургский государственный университет
Сборник научных статей Международной объединенной конференции «Интернет и
современное общество», IMS.
g.martynenko@spbu.ru, t.sherstinova@spbu.ru
st064458@student.spbu.ru, tipopova13@gmail.com


«В русской литературе рассказ традиционно был сильным жанром. Пожалуй,
лишь американская литература приближается в этом отношении к нашей»
Юрий Нагибин. О рассказе [21]

1. Введение
История России XX драматична. Драматичны и исторические судьбы русского языка и
русской литературы этой эпохи. Особенно богата переломными событиями первая треть
столетия, вместившая в себя три социальные революции: революцию 1905 года,
Февральскую и Октябрьскую революции 1917 года и три войны (русско-японскую, первую

мировую и гражданскую).
Эти события привели к многократной перестройке русского языка и его стилевых
парадигм. Эти изменения носили преимущественно стихийный характер. Но был и опыт
вмешательства государства и активной части общества в процесс формирования языковой
и политики и построения новой революционной эстетики, дабы противопоставить волю
революционных масс достижениям прежних эпох. Имеется в виду реформа русской
графики и орфографии, эстетические эксперименты революционных направлений
в искусстве, например, Пролеткульта.
Часть языковых сдвигов заметна «невооруженным глазом», другие языковые
изменения имеют латентный характер. Однако для осознания масштабности и тех и
других трансформаций языка необходимо применение строгих количественных методов,
анализ представительного объема языкового материала на разных лингвистических
уровнях и сравнение разных хронологических срезов в динамическом аспекте. Только
в результате такого анализа можно будет с уверенностью сказать, в какой степени одна из
самых драматических эпох русской истории повлияла на трансформацию русского языка,
какие языковые уровни были затронуты в первую очередь, в чем конкретно выразилось
это изменение и какова реальная суть произошедших преобразований.

2. Теоретические предпосылки
Теоретическими предпосылками создания Антологии являются три источника: теория
совокупности выдающегося русского статистика начала ХХ века А. А. Чупрова,
статистические представления русского писателя и ученого А. А. Белого о массовом
создании словарей русских писателей и системные представления выдающегося
представителя русской формальной школы Ю. Н. Тынянова.
1) А. А. Чупров, основываясь на теории сообществ, выдвинул идею статистической
совокупности, логика которой основана на собирательных понятиях [29]. Эта теория
исходит из идеи сообщества Густава Рюмелина и идеи ценоза Карла Мёбиуса.
Впоследствии логика Чупрова была применена к концепции корпуса [20].
2) Андрей Белый достиг важных качественных результатов, основываясь на массовом
исследовании русской поэзии и открыв ряд принципиальных закономерностей в истории
ритмики русского стиха. Впечатляющих результатов он достиг именно на акцентном
уровне, так как только на нем можно было достичь значительной массовости наблюдения
при состоянии скромных технологических средств начала прошлого века. На лексическом
уровне ему это не удалось, хотя он и поставил важную задачу «производственного»
построения словарей русских писателей.
3) Ю. Н. Тынянов выдвинул концепции синхронических и диахронических
литературно-художественных систем. Под синхроническими системами он понимал
совокупность произведений данной литературной эпохи, а под диахроническими —
последовательность сменяющих друг друга синхронических систем. При этом он сетует на
то, что усилия большей части литературоведов устремлены на изучение произведений
выдающихся писателей, тогда как периферия литературы и даже ее «центр» остаются за
бортом исследовательского интереса. Это означает, что для Тынянова крайне важным был
вопрос максимальной представленности авторов в той или иной системе литературы и
представительности корпуса текстов этих авторов. Любой текст Тынянов рассматривал
как литературный факт, который должен приниматься во внимание независимо от
масштабов дарования автора и его роли в литературном процессе.
Проблема системного анализа литературы тесно переплетается с проблемой
возрождения и сохранения литературного наследия, существенная часть которого до
недавнего времени была вычеркнута из памяти народа. Ведь профессиональная текстовая
рефлексия предполагает обращение к информационным ресурсам, несоизмеримыми с
теми, с помощью которых удовлетворяются интересы массового читателя. Для сообщества

исследователей современной формации необходим доступ ко всей литературной
продукции, созданной в ту или иную историко-литературную эпоху. Наш подход
позволяет заполнить лакуны и области представленности литературной периферии.
Следует обратить особое внимание на некоторые практические и успешные шаги в
изучении русского новеллистического наследия. Здесь пальму первенства следует отдать
замечательной Антологии писателя Юрия Нагибина [21], который в теперь уже далеком
1987 г., то есть еще при советской власти, но уже в период назревавших перемен, на
страницах «Книжного обозрения» опубликовал свою антологию, отражающую развитие
советской новеллистики за семьдесят лет, истекших со дня Великой Октябрьской
революции. В предисловии к Антологии он пишет: «Мы чужды каких-либо научных,
литературоведческих претензий и потому не стремимся охватить как можно больше имен,
но по возможности — как можно больше хороших рассказов разных писателей. Таким
образом, у нас нет намерения создать всеобъемлющую антологию, да это и не по плечу
одному составителю. Быть может, эта несовершенная попытка подвигнет наших
специалистов на создание научной антологии советского рассказа в целом» (Книжное
обозрение, № 7, 13 февраля 1987 г., с. 3). Предлагаемая нами антология является откликом
на призыв выдающегося писателя. Это первая попытка создания всеобъемлющей научной
антологии русского рассказа на объективной основе, восходящей к идеям Тынянова.
И еще один важный пункт. Интерес к жанру в писательской среде, возможно, и среди
читателей в течение ХХ столетия, был непостоянным. В значительной степени он был
связан с социальной активностью различных слоев общества в России на различных
этапах социально-политического развития — с его подъемами и спадами, взрывами и
апатией. Ведь, как отмечает Юрий Нагибин, «в жизни страны бывают разные периоды,
которые можно сравнить с боевыми действиями во время войны: затишье, отступление,
бои местного значения, наступление… А какое же наступление без атаки? На острие атаки
должен находиться рассказ» [21, с. 3]. И все эти размашистые колебания отражается на
мощности информационного потока жанра короткой строки. Эти волны позволяют
выявить с помощью рассказа всплески и спады социальной динамики. То есть рассказ
выступает в роли диагноста социальных процессов. Эти два вектора должны постоянно
находиться в активной зоне исследовательского интереса.

3. Технологические предпосылки
К настоящему времени накоплен значительный опыт в осмыслении специфики работы
с большими массивами данных в рамках компьютерной, квантитативной и корпусной
лингвистики. Особенно значительные успехи характерны для последнего времени, и
связаны они с развитием усилий в области обработки очень больших массивов данных —
так называемых big data. Эти усилия влились в традиционные статистические проблемы
формирования и анализа малых и больших, в традиционном смысле, выборок.
Для традиционной статистики малая выборка — это несколько десятков единиц, а
большая — несколько сотен. Но в подходе, основанном на big data, технические средства и
программное обеспечение позволяют работать с практически неограниченными объемами
данных. Да, собственно, и сам человек в наши дни живет среди этих данных и сам стал
частицей киберпространства. Любопытно, что такие данные нашли применение не только
при решении актуальных современных задач гуманитаристики, но и стали внедряться в
способы решения проблем традиционного языкознания и литературоведения при изучении
стиля, сюжета, жанра, эмоциональной напряженности текста, траекторий нарратива и пр.
[34;36]. При этом возникают проблемы соотношения малых, больших и сверхбольших
выборок.
Проблема эта не проста, так как согласно устоявшимся статистическим
представлениям чрезмерно большие выборки, формируясь на основе практически
бесконечной генеральной совокупности, весьма неоднородной, стирают различия между

неоднородными фрагментами. То, что при этом выявляются какие-то сверхобщие
закономерности, находится под большим вопросом: разве можно найти какие-то
закономерности в конгломерате, напоминающем хаос. Такое исследовательское поведение
с точки зрения классической статистики является абсурдным. Тем не менее, данный
подход имеет некоторое оправдание с точки зрения языковеда, поскольку при
сверхбольших выборках вычерпываются ресурсы языка, а лингвиста волнует прежде всего
это. Но если, лингвист — не только лингвист, но и словесник, то есть ориентирован на
изучение жанрово-стилевой дифференциации литературного языка, то он не может
смириться с таким подходом. Большие числа ему тоже нужны, но только с учетом фактора
неоднородности коммуникативного поведения человека. Литературоведа интересует
прежде всего индивидуальное речевое поведение и поведение отдельных групп,
разделяющих осознанно или инстинктивно свою принадлежность к группе.
При формировании Антологии нужно иметь в виду, что такая работа предполагает
крен в сторону литературоведения и той части лингвистики, которая использует
лингвистические методы для решения проблем литературоведческих. Такое
литературоведение ориентировано прежде всего в сторону той части поэтики, которая
восходит к методам русской формальной школы XX в. [14;27;31]. Данный подход
предполагает ориентацию на исследование отдельных жанров. Это в первую очередь.
А затем уже в сторону всего жанрового разнообразия при учете самобытности каждого.
В нашей концепции акцент сделан на жанре рассказа.
В пользу такого выбора говорит то, что рассказ выполняет функцию «разведчика» и
жанра быстрого реагирования, отвечая на требования и вызовы эпохи и даже порой
предвидя их. Следует также учитывать, что рассказ принадлежит к малым формам прозы,
а это позволяет вовлечь в орбиту исследования большое количество прозаиков и их
произведений. Важной особенностью рассказа является то, что он остро реагирует именно
на современность, вбирая в себя характерные черты действительности, но и особенности
языка современников. Причем этот жанр отражает все стороны реальной жизни, все ее
богатство и огромное разнообразие индивидуальных стилевых систем.
При формировании Антологии предполагается обеспечить достаточно полную
представленность авторов с соблюдением принципа учета масштабов их роли в литературе
на том или ином этапе эволюции жанра. В каждом периоде столетия должны себя
обозначить и представители старшего поколения (архаисты), и молодые писатели. Часть
из них следует в форватере прежних эпох, а другая проповедует новые тенденции (это
новаторы). Необходимо также учитывать масштабы дарования каждого писателя и
степень его влияния на коллег по писательскому цеху. Но в любом случае нужно иметь в
виду, что в пределах данного жанра художественная литература конкретного периода
представляет собой монолитную целостность, спаянную «духом эпохи», единством
общности социального, литературного и языкового существования.
Формирование списка авторов конкретной эпохи осуществляется на основе
существующих библиографий, обзоров, энциклопедий, словарей писателей. Таких
источников довольно много. Учитываются также интернет-коллекции и существующие
корпуса. После составления списка авторов каталогизируются их произведения. При
формировании выборки произведений будет использоваться критерий размера статьи,
посвященной данному автору в Краткой литературной энциклопедии в 8 т. [17] и в
биографическом словаре русских писателей (1889–2007), а также объем списка
литературы, относящейся творчеству данного автора.
В работе используется широкий спектр филологической и исторической литературы,
а также литературных обзоров и критических источников. Такие тексты можно разделить
на две группы: лингвистические и литературоведческие. В пределах каждой группы
рассматриваются труды, написанные в исследуемый период или «по свежим следам»
[4;5;6;7;8;11;12;13;15;16;18;22;23;26;33;35], а также публикации, подготовленные в более
поздние годы вплоть до нашего времени [1;2;3;10;25]. При этом предпочтение отдается

нами первой группе, так как она представляет собой непосредственную реакцию на
процессы, протекающие на глазах у исследователя или критика и даже принимающего
личное участие в этих процессах.

4. Заключение
В статье поставлена задача построения Антологии русского рассказа первой трети
XX века. Рассмотрены теоретические предпосылки и прикладные этой масштабной
задачи. В основе проекта лежат идеи русской формальной школы и прежде всего
системные идеи Ю. Н. Тынянова, обеспечивающие представительность авторов и их
произведений на основе объективных формальных критериев.
В дальнейшем предполагается расширение хронологических рамок Антологии
с охватом всего XX века, а возможно, и начала XXI столетия.
Работа выполнена при поддержке Российского фонда фундаментальных исследований,
грант № 17-29-09173 офи_м «Русский язык на рубеже радикальных исторических перемен:
исследование языка и стиля предреволюционной, революционной и постреволюционной
художественной прозы методами математической и компьютерной лингвистики (на
материале русского рассказа)».",_rus,"Теоретические предпосылки Теоретическими предпосылками создания Антологии являются три источника: теория совокупности выдающегося русского статистика начала ХХ века А. А. Чупрова, статистические представления русского писателя и ученого А. А. Белого о массовом создании словарей русских писателей и системные представления выдающегося представителя русской формальной школы Ю. Н. Тынянова. После составления списка авторов каталогизируются их произведения. В основе проекта лежат идеи русской формальной школы и прежде всего системные идеи Ю. Н. Тынянова, обеспечивающие представительность авторов и их произведений на основе объективных формальных критериев.",Компьютерная антология русского рассказа как языковой ресурс для исследования языка и стиля русской художественной прозы в эпоху революционных перемен (первой трети XX века) — одна из самых драматических эпох русской истории.
5,Masevich_IMS_2016_rus,"Методы корпусной лингвистики в исторических
и культурологических исследованиях
1

А. Ц. Масевич 1, В. П. Захаров 2
Санкт-Петербургский государственный институт культуры и искусств
andmasev@mail.ru
2
Санкт-Петербургский государственный университет,
Институт лингвистических исследований РАН
v.zakharov@spbu.ru


1. Теоретические аспекты
Культурометрия (Culturomics), социология, контент-анализ –– через язык.
Несколько лет тому назад в английском языке появилось понятие
«culturomics», чему в русском языке приблизительно соответствует термин
«культурометрия». В литературе, впрочем, мы практически не находим
Сборник научных статей XIX Объединенной конференции «Интернет и современное
общество» IMS-2016, Санкт-Петербург, 22 - 24 июня 2016 года.
публикаций, посвященных реальным результатам или методам культурометрии.
Имеющаяся информация, как правило, ограничивается лишь определением
культурометрии, как «исследования культуры человечества, направлений её
развития во времени посредством количественного анализа слов и
словосочетаний в очень больших корпусах оцифрованных текстов». Данное
определение явным образом указывает на связь культурометрии с корпусной
лингвистикой и контент-анализом.
Контент-анализ ( от англ. contents — содержание, содержимое) или анализ
содержания — стандартная методика исследования в области общественных
наук, предметом анализа которой является содержание текстовых массивов и
продуктов
коммуникативной
корреспонденции.
В
отечественной
исследовательской традиции контент-анализ определяется как количественный
анализ текстов и текстовых массивов с целью последующей содержательной
интерпретации выявленных числовых закономерностей. Контент-анализ
применяется при изучении источников, инвариантных по структуре или
существу содержания, но внешне бытующих, как несистематизированный,
беспорядочно организованный текстовой материал. Философский смысл
контент-анализа как исследовательского метода состоит в восхождении от
многообразия текстового материала к абстрактной модели содержания текста
(понятийно-категориальный аппарат, двусмыслия, коллизии, парадоксы)
(Википедия).
Мы считаем, что нашу работу можно рассматривать как вариант контент–
анализа большого массива текстов. Необходимо признать, что для
полноценного контент–анализа недостает математического аппарата для
определения статистической достоверности наших графиков.
Под корпусной лингвистикой мы понимем методологическое направление
лингвистических исследований, возникщее на стыке теоретической и
прикладной лингвистики с информационными технологиями на основе
электронно-вычислительной техники.
Корпусная лингвистика, как следует из её названия, предполагает наличие
корпусов текстов, которые В.П. Захаров и С.Ю. Богданова определяют
следующим образом:
«Под лингвистическим, или языковым, корпусом текстов понимается
большой, представленный в машиночитаемом формате, унифицированный,
структурированный, размеченный, филологически компетентный массив
языковых данных, предназначенный для решения конкретных лингвистических
задач»
В приведенном определении испольльзование языковых корпусов, иначе
говоря, массивов соответствующим образом отобранных и обработанных
текстов ограничено областью лингвистики.
Однако язык, как хорошо известно, находится в прямой взаимосвязи с
комплексом социальных, культурных и психологических явлений и процессов.
Потому применение корпусов может дать возможность под определенным
углом зрения посмотреть на феномены культуры, истории и социальной
психологии.
исследования.
Взаимодействие
лингвистических,
Диахронические
социальных и историко-культурных явлений рассматривается во времени. Мы


попытались показать как в определенный исторический срок (1920-2000)
изменяется частота встречаемости ряда слов и коллокаций, специфически
харктеризующих этот исторический период, а также их сравнение с лексикой
общей, неспецифической, нейтральной.
Предмет и значение текста документа. Хорошо известно, что любой текст
имеет характеристику, называемую предметом или темой. В англоязычной
литературе по информатике для нее употребляется другой, более удачный, на
наш взгляд, термин «aboutness» (букв. о-чём-ность). Эта характеристика текста
представляет собой одно из ключевых понятий не только в информатике, но
упоминается и в классической философии. «В самом деле, в каждом познании
объекта имеется единство понятия, которое можно назвать качественным
выводом, поскольку под ним подразумевается лишь единство сочетания
многообразного в знаниях, каково, например, единство темы в драматическом
произведении, разговоре, сказке» (И.Кант. «Критика чистого разума»). «То, что
мы называем содержанием, значением есть нечто простое внутри себя, сам
предмет, сведенный к своим простейшим, хотя и всеохватывающим
определениям, в отличие от выполнения. Так, например, можно указать
содержание книги в нескольких словах или предложениях, и в книге не должно
встречаться ничего другого, кроме того, что мы в общих чертах уже указали в
изложении ее содержания. Это тема, образующая основу выполнения, есть
нечто абстрактное, и лишь выполнение представляет собой нечто конкретное»
(Г.-Ф. Гегель «Эстетика»).
Кроме «предмета» — характеристики постоянной и более или менее
объективной, текст обладает другой характеристикой — значением (meaning)
— динамичной, меняющейся в зависимости от модальности текста, от
историко-культурного контекста и в большой степени субъективной.
«Тема — сложная динамическая система знаков, пытающаяся быть
адекватной данному моменту становления. Тема — реакция становящегося
сознания на становление бытия. ... Значение — технический аппарат
становления темы.... Нет темы без значения и нет значения без темы...»
(М. Бахтин «Марксизм и философия языка»)
Здесь уместно провести параллель с актуальным членением предложения.
Это используемый в лингвистике принцип разделения предложения на
исходную, изначально данную составляющую (то, что считается известным или
может быть легко понято), называемую темой, и новую, утверждаемую
говорящим составляющую (то, что сообщается об исходной точке
высказывания), называемую ремой. Фактически, это смысловое, или
коммуникативное, деление в отличие от грамматического. Основная единица
коммуникации — текст, как совокупность смысловых, лексических,
грамматических связей между словами, словосочетаниями, предложениями и
фразами, образующих единство высказывания. Поэтому очень естественно
распространить идею актуального членения на целый текст.
Представляется важным, что корпусы текстов при диахронических
исследованиях позволяют выявить влияние на поведение во времени не только
лексики, описывающей предмет (aboutness), но и отражающей значение текстов
(meaning). Конкретный лексический материал, который мы исследуем в
большей степени, на наш взгляд, отражает именно «meaning».
2. Цель и задачи:
Цель исследования:
 Исследование социально-политических явлений на основе частотного
поведения лексических единиц в большом корпусе текстов.
Задачи исследования:
 Разработка методического подхода к диахроническому исследованию
частотного поведения лексических единиц русского языка;
 Создание на основе результатов пилотного исследования частотного
поведения лексических единиц русского языка лингвистических
иллюстраций периода истории СССР — России с 1920 по 2000 г.

3. Материал исследования
В основном использована система Google books, наполнение которой
образует несколько корпусов размеченных текстов книг на 8 языках. Все
корпусы (кроме итальянского) имеют две версии — 2009 и 2012 года.
На 2012 г. суммарный объем — приблизительно 8 миллионов книг (текстов),
что составляет, по мнению разработчиков, около 6% всех когда-либо
опубликованных печатных книг (после 2012 г. сведения отсутствуют). Книги
получены из 40 университетских библиотек различных стран. Кроме того,
некоторые издательства предоставили экземпляры своей продукции, как в
печатном, так и в электронном виде.
Русскоязычный корпус Google содержит 580 тысяч текстов.
Хронологический охват его с середины XVIII века до 2008 г. Никаких данных о
количественном распределении текстов по годам и по темам-жанрам нет.
По некоторым книговедческим исследованиям, а также по данным сайта
Российской книжной палаты, по данным издания «СССР в цифрах» можно
предположить, что количество изданий выпущенных в СССР-России с 1920 по
2000 год составляет приблизительно 3.5–4 млн печатных единиц. У нас
отсутствуют данные, какая часть из 580 тыс. текстов базы данных Google
относятся к этому периоду, но можно предположить, что она составляет более
50%, т.е. около 300 тыс.
По всей видимости около 90% этих текстов относится к советскому периоду.
Это и определяет их значение (meaning), т.е. их содержание имеет
определенную социально-политическую и философскую направленность.
Значение, безусловно, должно отражаться на частотном поведении лексики.
Нельзя, однако, забывать, что в корпус могли войти, и, как мы покажем,
входили и тексты, изданные за пределами СССР.

4. Инструменты
Google Books Ngram Viewer
 https://books.google.com/ngrams
Национальный корпус русского языка (НКРЯ)
 http://www.ruscorpora.ru/
Новый частотный словарь русской лексики (НЧСРЛ)


 http://dict.ruslang.ru/freq.php
Das Digitale Wörterbuch der deutschen Sprache (DWDS)
 http://www.dwds.de/
Основным инструментом является Google Books Ngram Viewer (далее
Ngram Viewer).
При введении печатного документа в БД Google каждый текст подвергается
сканированию с последующим оптическим распознаванием. Файл каждой
книги снабжается метаданными, во введенных текстах осуществляется
метатекстовая и частично грамматическая разметка.
Система Google Books Ngram Viewer строит графики встречаемости
словоформ.
На горизонтальной оси графика показаны годы, входящие в заданный
временной период. По вертикальной оси откладывается относительная частота
встречаемости в корпусе заданной N-граммы в соответствующем году,
умноженная на 100 (т.е. выраженная в процентах). Относительная частота
встречаемости N-граммы за определенный год подсчитывается следующим
образом: число употреблений N-граммы в данном году делится на общее число
словоупотреблений в корпусе в этом же году.
Порядок определения параметров графика, операции по суммированию,
умножению, вычитанию и делению кривых, построение графиков частотного
поведения для членов словоизменительной парадигмы слова, использование
подстановочных знаков, возможность построения на одном рисунке графиков
частотного поведения N-грамм в корпусах разных языков — все эти возможности
достаточно описаны нами в ряде публикаций [1–7], см. такжк [8–13].
Система имеет целый ряд недостатков, которые также частично описаны
нами в публикациях. Это ошибки в метаданных, ошибки оптического
распознавния, проблемы переносов и сокращений, невозможность, если
говорить о русском языке, поиска по словам в дореволюционной орфографии.
Интуитивно представляется, что эти дефекты корпуса не являются радикальным
препятствием для исследований типа нашего, однако если предлагаемое нами
направление будет развиваться, потребуется изучение и оценка этого вопроса.

5. Методика
В ходе работы мы выработали некоторые методические приемы, схему
исследования:
 Отбор лексических единиц для исследований, выявление базовых
семантических категорий исследуемой лексики, определение наиболее
частотных грамматических форм, определение уровня частотности
лекстческих единиц;
 Генерация и анализ графиков частотного поведения единиц русского
языка, сопоставление с частотным поведением эквивалентов в других
языках;
 Анализ и интерпретация результатов.
Для отбора лексики, характеризующей исторический период, предложен
краткий список категорий, к которым будут относится слова и словосочетания,
частотное поведение которых будет изучаться. Предлагаемый список имеет
двухуровневую иерархическую структуру.
На верхнем уровне выделяются четыре категории:
А. События (явления):
a) Революции
b) Войны
c) Съезды
d) Другие политические события (перестройка)
e) Катастрофы (Чернобыль, землетрясения)
Б. Лица (персоны):
a) Руководители СССР и России и их окружение
b) Руководители других государств и их окружение
c) Другие исторические лица
В. Социально-политические системы (режимы):
a)
Коммунизм
b)
Социализм
c)
Капитализм
d)
Национал-социализм
e)
Фашизм
Г. Произведения (артефакты). Политические документы:
a)
Конституции
b)
Постановления
c)
Директивы
d)
Указы
e)
Решения.
Исследование частотного поведения лексических единиц осуществлялось по
нижеследующей схеме:
 Названия события, имя лица, заглавие документа (синонимы),
исторический или политический термин;
 Словоизменительная парадигма лексемы, выявление наиболее
частотной словоформы (функция Ngram Viewer, НКРЯ);
 Контексты события, деятельности лица, документа выявление наиболее
10 частотных N-грамм в двух позициях — левой и правой (функция
Ngram Viewer, НКРЯ);
 Сопоставление частотности специфических лексических единиц с
наиболее частотными существительными русского языка (функция
Ngram Viewer, НЧСРЛ);
 Реалии, связанные с событием, лицом или документом (контексты по
НКРЯ);
 Неспецифическая лексика (НКРЯ);
 Сравнение с эквивалентами на других языках (функция Ngram Viewer,
DWDS).


6. Результат исследования. Оценка и интерпретация
результатов
С помощью системы Google Books Ngram Viewer построено около 500
графиков.
Произведен
анализ
графиков,
выявлены
определенные
закономерности частотного поведения лексических единиц. Те из них, которые,
с точки зрения авторов, представляют наибольший интерес, приведены в статье.
Прежде всего хотелось бы получить профессиональную оценку историков и
политологов. Пока у нас такой оценки нет, сделаем попытку понять некоторые
принципы интерпретации. Интерпретация построенных графиков основана на
выявлении корреляций между частотным поведением определенных
лексических единиц, представлениями об исторических явлениях и отражением
этих явлений в текстах изданных документов.
Отметим два обстоятельства.
Некоторые из полученных нами данных можно назвать иллюстративными,
т.е. подтверждающими не только и не столько научные, сколько общепринятые
исторические и политические представления. Правда, представления, которые
вчера были общепринятыми, сегодня иногда оказываются отвергаемыми.
Подтверждающие их факты, а именно изменения частотности лексических
единиц во времени, тем не менее, кажутся нам объективными и полезными для
подтверждения этих представлений.
Однако в других случаях наши результаты позволяют выявить не столь
очевидные историко-социальные закономерности. Если мы хотя бы частично
правы в своих заключениях, то это значительно повышает ценность
предлагаемого подхода.
По другому критерию результаты можно разделить на лингвистичесекие
результаты и историко-культурные. В связи с исключительно большим объемом
полученного материала приведем лишь некоторые примеры.
Пример 1. Удалось установить, что частотное поведение словоформы
(существительного) находится в зависимости от падежа.
В графиках частотного поведения десяти самых частотных (по НЧСРЛ)
существительных русского языка колебания кривых незначительны.
Частотность словоформы «время» выраженно превышает частотность
остальных девяти словоформ, которая для остальных девяти слов находится
практически на одном уровне (рис. 1).


В графиках поведения этих же слов в родительном падеже, мы наблюдаем
изменения соотношения частотности слов. Так частотность словоформы
«времени» снижается отностительно остальных девяти слов, в некоторых
кривых появляются значительные колебания (рис. 1а). Можно предложить
разные объяснения, в частности — грамматическая омонимия. Так, например в
парадигме слова «работа» совпадают формы именительного падежа
множественного числа и родительного падежа единственного числа. Просмотр
текстов, найденных в базе данных Google Books, показал, что слово «работы»
(им.пад., мн. ч.) часто употреблялось в значении «статьи», «публикации»,
особенно в 1930-е гг. (рис.1б.).


Пример 2. Выражения «красного террора» и «белого террора».
В данном случае динмика частотности употребления этих выражений в
текстах книг говорит о значении этих понятий в идеологических системах. В
советской идеологической системе факты красного террора замалчивались, а
проявления белого террора подчеркивались, при смене идеологической
парадигмы ситуация стала зеркальной, что и отразилось на соответствующем
графике.


Пример 3 Сопоставление событий.
СОБЫТИЕ, -я, ср. То, что произошло, случилось, значительное явление,
факт общественной или личной жизни. Международные события. События 9го Января. Много пронеслось годов, много совершилось событий: был голод,
повальные болезни, была пугачевщина. С. Аксаков, Семейная хроника. В эти
три года в нашей семейной жизни случились два важные события ---. Это
были рождение моего первого ребенка и смерть Татьяны Семеновны.
Л. Толстой, Семейное счастие. || О том, что представляет собой выдающееся
происшествие, явление, выходящее за рамки обычного течения жизни. Каждое
первое представление с участием Ермоловой являлось в Москве событием, на
этих премьерах бывала вся передовая Москва — профессура, литераторы,
общественные деятели. Щепкина-Куперник, Театр в моей жизни. Вступление
экспедиции в село Успенку для деревенской жизни было целым событием.
Арсеньев, По Уссурийской тайге. Словарь русского языка под редакцией
А.П. Евгеньевой).
С точки зрения нашего исследования играют роль следующие
характеристики события.
Масштаб события. В текстах советского периода события, наиболее
значительные с точки зрения официальной идеологии, имели маркеры
«великий», «исторический».
Наличие стандартного нормативного обозначения события, например,
Великая Отечественная война, Великая Октябрьская социалистическая
революция. Устойчивыми здесь являются не только порядок слов, но и их
капитализация. Взрыв на Чернобыльской АЭС не имеет стандартного названия,
а именуется по-разному «Чернобыльская катастрофа» (наиболее часто),
«Чернобыльская авария», «Чернобыльская трагедия» и т. д. При этом
прилагательное Чернобыльский как показывает график частотного поведения
десяти самых частотных N-грамм с этим словом, как в правой, так и влевой
позиции, во всех случаях относится к данному событию.



В текстах книг наряду с полным формальным обозначением события
употреблябтся краткие выражения «Отечественная война», просто «война»,
«Октябрьская революция», просто «революция».
Лексема «война» в конкретных текстах может означать войну, как явление,
войну вообще.
«Вот учёные сосчитали, что в старом мире, при царизме, на каждые
десять лет мира приходилось одиннадцать лет войны». [Ю. О. Домбровский.
Хранитель древностей, часть 2 (1964)] Пример из НКРЯ
Но чаще это слово чаще обозначает конкретное событие:
«Брат жены был членом партии, я с ним встречался редко; ни я, ни жена с
ним не переписываемся; мать жены, кажется, ездила к нему, да-да, задолго до
войны, его вторая жена выслана за недонесение на мужа, она умерла во время
войны, его сын ― участник обороны Сталинграда, пошёл добровольцем…»
[Василий Гроссман. Жизнь и судьба, часть 2 (1960)] Пример из НКРЯ
При построении графиков в английском (общем) и во французском корпусах
по N-граммам с определенным и неопредленным артиклями ясно видно, что
частотность N-грамм с определенным артиклем значительно выше, чем у
N-грамм с неопределенным артиклем.


Как видно на графиках рис. 3б наиболее частотной грамматической формой
является словоформа «войны», которая на письме соответсвует двум
грамматическим формам — род. падеж ед, числа и им. падеж мн. числа. Можно
предположить, что именно эта омография и является и причиной высокой
частотности словоформы «войны». НКРЯ позволяет осуществлять поиск в
подкорпусе со снятой омонимией и при этом задавать грамматическую форму
слова. В данном случае получены следующие результаты:
 Поиск ведётся по пользовательскому подкорпусу объемом 2 146
документов, 513 552 предложения, 5 942 687 слов.
 Подкорпус со снятой грамматической омонимией:
1. война S,nom,pl (вОйны)
Найдено 29 документов, 43 вхождения.
2. война S,nom,sg
Найдено 166 документов, 530 вхождений.
3. война S,gen,sg (войнЫ)
Найдено 243 документа, 1 023 вхождения.
4. война (лексема)
Найдено 398 документов, 2 382 вхождения.


Если считать по употреблениям грамматических форм (вхождениям), то
число употреблений формы им.падежа мн. числа сотавляет в данном массиве


1,8% от числа употреблений лексемы, а употреблений род.падежа ед. числа
42,9%. При этом число употреблений им. падежа ед. числа составляет 22,3%.
Отметим, что в большинстве случаев (но не во всех, ср., например, поведение
существительного «время», рис.1, рис. 1а) по числу употреблений родительный
падеж единственного числа существительных является самым частотной
грамматической формой.
Сопоставим далее частотное поведение пяти наиболее частотных
существительных русского языка (рис.3в).
На рис.3в отчетливо видно, во-первых, что словоформа «войны» входит в
число наиболее употребительных существительных русского языка, а вовторых, что частота её употреблений отчетливо выше в первые пять лет
сороковых годов, т.е. в годы второй мировой войны.
Пример 4. Книги памяти.

Видно, что в промежутке 1941-45 гг. частота употребления слов
распределяется следующим образом: наиболее высокая частота употребления у
слова «генерал», затем с очень небольшой разницей идут кривые для
офицерских званий (за исключением звания «подполковник») и наименьшую
частотность имеют звания рядового состава.
Но в 1990-е годы мы вдруг видим пик в использовании слов «рядовой» и
«сержант». Обратившись к текстам корпуса, мы находим разгадку.

Google books
Большинство ссылок в результатах поиска по запросу «рядовой» в книгах
1995-го года ведут к книгам памяти, т.е. к спискам погибших и пропавших без
вести во время Великой Отечественной войны, которые издавались в большом
количестве в середине 1990-х в связи с 50-летием Победы. И естественно, среди
погибших больше всех рядовых и сержантов.



Каждая статья книги памяти содержит единообразно организованные
сведения о погибших, в т.ч. дату гибели. Если построить графики по цифрам
военных лет получаем следующую картину:

Кривые на рис.4в образуют два пика, которые объясняются следующим
образом. Пики числа упоминаний года приходится на дату двумя — тремя
годами позже самого года. Так, пик упоминаний 1941 года приходится на 1944,
1942 и 1943 на 1945 и т.д. Это общая закономерность встречаемости цифр,
означающих годы, которая не зависит от исторических событий.
Второй пик приходится на середину 1990-х годов, когда были изданы книги
памяти. На графике отчетливо видно, как с каждым годом число погибших в
течение года уменьшалось. Уже в 1943 году число погибших примерно в два
раза меньше, чем в 1941.
Пример 5. Частотное поведение имен политических деятелей.
Кривая, отражающая частотное поведение имени «Сталин» на русском
языке (зеленый цвет, тэг Сталин:rus_2012), легко поддаётся интерпретации и
вполне соответствует современным историческим представлениям. К началу
войны кривая достигает некоторого пика. В первые годы войны отмечается
незначительное снижение числа упоминаний, затем снова рост и абсолютный
пик в 1950 г. После чего кривая резко опускается, оставаясь до середины 1980-х
на одном уровне, а затем начинается рост числа упоминаний, но уже, повидимому, в негативной коннотации. Пик имени «Сталин» выше пика имени
«Гитлер».
Имя «Гитлер» появляется в текстах русских книг с начала 1930-х гг.
(оранжевая кривая, тэг Гитлер:rus_2012). Во время войны число упоминаний
этой фигуры резко возрастает, а после войны падает и до конца заданного
периода находится на одном уровне. От начала 1960-х до середины 1980-х гг.
обе кривые практически совпадают.

Пик частотности собственного имени «Hitler» в книгах на немецком языке
(синяя кривая) приходится на 1948 год, а пик частотности имени «Stalin»
(красная кривая) — на 1953 год. Пик имени «Hitler» значительно выше кривой
для имени «Stalin».
Отметим существенный, на наш взгляд момент: снижение частоты
упоминаний имени «Hitler» в немецких книгах с 1948 года звыражено
значительно слабее, чем снижение имени «Сталин» в русских книгах после 1953
года.
Рискнем предложить нашу собственную интерпретацию. График отражает
различие подходов к осмыслению исторического опыта в Германии и СССР.
Если в СССР после XX съезда, как известно, существовала тенденция к
замалчиванию фигуры Сталина, то в Германии, напротив, негативный
исторический опыт тщательно изучался, и результаты изучения публиковались.
Далее сделано еще несколько графических сопоставлений частотного
поведения таких имён как Черчиль, Рузвельт, де Голль, Муссолини, с именами
Сталина и Гитлера, соответственно в британском английском, английском
США, французском и итальянском языках. Общий график частотного
поведения этих имён в языках руководимых ими стран приведён на рис. 5а.
Кривые встречаемости для имен «Сталин» (красная кривая, тэг
Сталин:rus_2012), «Hitler» (синяя кривая тэг Hitler:ger_201), «Mussolini»
(зеленая кривая тэг:Mussolini:ita_2012) соответственно в русских, немецких и
итальянских текстах дают наиболее выраженный подъем в военные годы, в эти
же
годы
кривые
для
имен
«Churchill»
(тёмно-синяя
кривая
тэг:Churchill:eng_gb_2012) и «de Gaulle» (оранжевая кривая, тэг de
Gaulle:fre_2012) имеют значительно меньший подъем, а кривая имени
«Roosevelt» (сиреневая кривая, тэг Roosevelt:eng_us_2012) совсем не дает
подъема в эти годы.


Сопоставим частотное поведение имен «Stalin», «Hitler» и «Churchill» в
британском английском (рис.5б). На графике отчетливо видно, что частота
встречаемости имени «Hitler» в британских текстах значительно выше, чем
имен «Stalin» и «Churchill».
Британские авторы, по всей видимости, значительно большее внимание
уделяют персоне руководителя враждебного государства, чем собственному
премьер-министру или союзнику.


На графике отчетливо видно, что пик имени «毛泽东» (Мао-Дзедун) в
китайском корпусе значительно выше пиков имен «Сталин» в русском корпусе
и «Hilter» в немецком корпусе.
Предложим свою интерпретацию графиков рис.5–5в). Можно предположить,
что в странах с тоталитарным политическим режимом (и вследствие этого с
культом вождя) в годы войны число упоминаний руководителя государства в
текстах книг растет, а в текстах книг, изданных в либерально-демократических
странах, больше внимания уделяется лидеру враждебного государства. Причем
частота упоминания имени главы государства тем выше, чем более жесток
режим государства и чем более выражен культ вождя.
Воздержимся,
однако,
от
дальнейших
историко-политических
комментариев, так как наши данные требуют дополнительных исследований, а
для комментариев было бы целесообразно привлечь профессиональных
историков.

7. Заключение
Полученные результаты, на наш взгляд, могут представлять определенный
интерес как для лингвистики, так и для истории. Совершенно очевидны
возможности применения подобных систем в социологии, искусствоведении и
т. д.
Настоящая работа демонстрирует эффективный инструмент для
диахронических исследований.
Нам неизвестны исследования, использующие аналогичные подходы.
Собственно говоря, до создания достаточно больших корпусов, подобных
Google books, оснащенных специально разработанным аппаратом, исследования
такого рода были просто невозможны.
Любая система в Интернет обычно периодически обновляется. Последнее
обновление Google Books Ngram Viewer было в 2013 г. Отрицательным
моментом является невозможность прямой связи с разработчиками, наши
попытки не дали положительного результата.
В данной статье мы предлагаем методику исследования, которая,
разумеется, может быть модифицирована в зависимости от задач исследования.
Одновременно мы показываем недостатки данного инструмента и способы их
преодоления. Представляется, что развитие направления «культурометрия»
является одним из шагов по внедрению в гуманитарную сферу точных наук и
новых методов исследования.
 ",_rus,исследования. Мы В графиках частотного поведения десяти самых частотных (по НЧСРЛ) существительных русского языка колебания кривых незначительны.,"Методы корпусной лингвистики в исторических и культурологических исследованиях можно рассматривать как вариант контент-анализа большого массива текстов, используя математический аппарат для интерпретации выявленных числовых закономерностей."
6,Mengliev_IMS_2021_rus,"Структура и единицы морфоанализатора узбекского языка
Б.Р. Менглиев, Ш.М. Хамроева
Ташкентский государственный университет узбекского языка и литературы
им. Алишера Наваи
Введение
Одним из первых этапов компьютерной обработки естественного языка является
выполнение морфологического анализа, а модуль морфоанализа является основным
компонентом большинства программ анализа текста. В мировой компьютерной
лингвистике автоматический морфоанализ изучается с 1950-х годов [11], в том числе
применительно к узбекскому языку. Создание морфоанализатора узбекского языка
начинается с анализа его единиц, состава и структуры. Чтобы запустить
морфологического анализатора (МА), обычно формируются определенные компоненты.
Составной частью МА является справочные базы данных: база данных аффиксальных
морфем; база основных морфем; база данных флекций и др. Также разрабатывается
различные лингвистические правила: правила организации синтаксической структуры,
правила совместимости алломорфов [2; 73], правила разрешения неоднозначности и др.
Н.А.Исраилова, П.С.Бакасова описывают структуру морфологической базы данных
следующим образом:
1) морфологическая база данных должна содержать всю информацию, необходимую для
процесса морфологического анализа и синтеза;
2) существующие флективные случаи в языке, а также возникающие в результате
фонетические изменения корня и дополнительных границ должны быть отражены в базе
данных;
3) морфологическая база данных должна содержать информацию о постоянных,
супплетивных лексемах, а также об обычных синтаксических формах;
4) в базе данных должна быть база омонимических лексем, а также омонимов,
образованных под влиянием полной и грамматической формы [16; 110-117].
Исходя из приведенных выше соображений, алгоритм работы морфологического
анализатора можно представить в виде следующей схемы (рис. 1).
Эти составные части могут сильно варьироваться в зависимости от языка и от
конкретной реализации. Кроме того, в последнее время активно разрабатываются
морфоанализаторы, базирующиеся на методах машинного обучения и на нейронных сетях.
Исходя из вышеуказанных основные компоненты морфологического анализатора
узбекского языка можно указать следующим образом:
1) словарь языка (словарь, содержащий частеречные пометы и чередования основ, не
описанные фонологическими правилами);
2) компьютерная модель словоформы, опирающаяся на адекватное грамматическое
описание (ориентированное на автоматический анализ);
3) набор правил сочетаемости, включающий правила сочетаемости аффиксов в пределах
словоформы и фонетические правила выбора алломорфов конкретного аффикса.
2. Основы разработки морфологического анализатора узбекского
языка
В данной статье мы рассмотрим лингвистическое обеспечение морфоанализатора
узбекского язвка. Узбекский язык носит агглютинативный характер, возможность
выражения грамматического значения с помощью аффиксов широка. Поэтому
унификация грамматических форм важна при построении морфологического
анализатора.
Агглютинативная словоформа образуется путём присоединения к основе в строгом
порядке однозначных стандартных аффиксов; границы морфем отчетливы, фонетические
изменения на стыках морфем подчиняются строгим правилам. Но попытки построить
парадигму конкретного слова демонстрируют ее чрезвычайную сложность и многоместность, что обусловлено большим числом словоизменительных аффиксов. Это подталкивает нас к построению морфологического анализатора, учитывающего все возможные в
тюркских языках комбинации морфем. Существующие тюркские парсеры строят редуцированные парадигмы, ограничивая число словоформ примерно до трехсот, что пагубно
сказывается в качестве их работы. Ниже описываем свойства агглютинативных языков.
Морфологические признаки агглютинации:
1. Корень слова – в именительном падеже выступает в чистом виде, таким образом,
является центром всей парадигмы склонения.
2. Между морфемами четко сохраняется граница.
3. Строгая последовательность присоединения аффиксов.
Фонетические признаки агглютинации:
1. Наличие сингармонизма.
2. Фиксированное ударение, которое способствует сохранению фонетической
целостности слова.
Синтактические признаки агглютинации:
1. Твёрдый порядок слов в предложении.
2. Определение находится перед определяемым словом.
3. Дополняющее слово находится перед дополняемым словом.
4. Сказуемое в конце предложения [8: 103-105].
Разработка морфологических анализаторов тюркских языков началась в 60-х годах
прошлого века. Главная особенность первых анализаторов заключалась в том, то что они
не были рассчитаны только на один язык: параллельно морфоанализатор можно было
адаптировать к другому языку [11; 98-105]. Если система правил (алгоритм) базируется
на лексических и аффиксальных словарях, представляется возможным использовать ее
как анализатор другого языка, поменяв эти словари; нет необходимости писать
отдельный программный код для создания анализатора другого языка. Однако все
оказалось не так просто. С тех пор изменились технологии, созданы морфологические
анализаторы отдельных тюркских языков, увеличился объем словарей, скорость обработки
данных и снова предпринимаются попытки создания универсальных морфологических
анализаторов. Хотя с начала разработки морфоанализаторов тюркских языков прошло
более 50 лет, во всех тюркских языках эта область все еще остается актуальной и находится
на разном уровне. Подтверждением этому может служить обзор работ над татарским [3;
10], башкирским [9], казахским [12], чувашским [6], турецким [1], хакасским [5] языками, а
также над идеей создания универсального морфологического анализатора [4].
В литературе представлены такие подходы к автоматическому морфологическому
анализу, как стемминг (1), лексический анализ словоформы на основе словаря (2),
бессловарный анализ [11; 65].
3. Морфологическая специализация для узбекского языка
Любой формат имеет структуру. Здесь мы описываем наполнение формата
морфологической разметки узбекского языка. Мы уже упоминали о составной части
морфоанализатора и напомнили, что словарь баз входит в данный состав. Обсудим этот
вопрос ниже.
Также специалисты включают лексикон основных лексем в число компонентов,
составляющих работу морфоанализатора [11; 56]. Лексикон основных лексем
формируется на основе современного литературного языка. Обычно словари,
охватывающие относительно полный набор языковых словарей, составляют основу
лексикона. Наши наблюдения основаны на требованиях инструментария HFST лексикона
традиционных морфоанализаторов указывают на то, что он состоит из 9 следующих
групп: Nouns (существительные), Verbs (глаголы), Adjectives (прилагательные), Adverbs
(наречие), Pronouns (Местоимения), Numerals (Числительные), Postpositions
(вспомогательные послелоги), Conjuctions (союзы), Exclamations (Междометия).
Прежде всего опишем структуру частей речи узбекского языка (Табл. 1).
«Толковый словарь узбекского языка» является важным ресурсом для определения
того, к каким частям речи относятся лексемы. Комбинации аффиксов описаны в
«Морфологическом словаре узбекского языка» [27]. Для работы любого анализатора
требуется базовый словарь – лексикон. Для морфоанализатора узбекского языка такой
машинный словарь может быть создан на базе «Узбекского орфографического словаря»
[13] или пятитомного «Толкового словаря узбекского языка» [14, 15], который содержит
85000 слов.
Ниже приведем для каждой части речи ее атрибуты (категории) и их значения
(граммемы). Атрибуты существительных узбекского языка и их значения (граммемы)
приведем ниже (см. Табл. 2).
Атрибуты глаголов узбекского языка и их значения (граммемы) приведем ниже (см.
Табл. 3).
Атрибуты других частей речи узбекского языка и их значения (граммемы) приведем
ниже (см. Табл. 4, 5, 6, 7).
3. Особенности морфологического анализа узбекского языка
Моделирование и аранжировка грамматическоих форм узбекского языка. Порядок
грамматической форм в узбекском слове имеет определенную закономерность: корень +
словообразовательный суффикс + лексический суффикс + синтаксический суффикс.
Словесная среда грамматических форм определяет его значение/функцию. Из-за наличия
грамматических форм с разными формами и средами слов, среды словообразования и
словоизменения уникальны с точки зрения глагола, существительного, прилагательного,
числительного, местоимения, наречия, поэтому их словесная среда должна быть
специально смоделирована для морфоанализатора. Автоматический морфоанализ не
может быть достигнут путем моделирования грамматических форм, которые имеют
одинаковую форму и словесную среду: они должны быть семантически/синтаксически
проанализированы при автоматической обработке.
Анализ и моделирование круга лексических формообразующих морфем в словах
обеспечивает его отличие от словообразовательных и словоизменительных.
Словоизменительные морфемы, составляющие существительные и глаголы, образуют
грамматические омонимы.
Для того, чтобы морфоанализатор мог идентифицировать производное слово,
образующуюся часть и образующуюся основу, необходимо иметь точную информацию
о структуре производного слова.
В словаре основ анализатора все основы узбекского языка хранятся с информацией о
категории: к какой части речи они относятся. На основе моделей словообразования
анализатор определяет три вещи: основу слова, основу образования и
словообразовательный аффикс.
Хотя узбекский язык носит агглютинативный характер и подчиняется строгим
правилам, в его грамматических правилах есть некоторые исключения. Например,
уровень превосходной степени прилагательных появляется от первого слога и
записывается с дефисом перед основанием: қип-қизил, қоп-қора, яп-янги и т.д. Для
формирования лингвистического обеспечения морфоанализатора необходимо выявить
такие формы в узбекском языке, сформировать список, включить в базу прилагательных
лексикона как словарь исключений.
Некоторые вопросы разрешение неоднозначности грамматических форм. Среди
единиц тюркского языка в связи с наличием единиц со сложной структурой слова, при
описании грамматических знаков наблюдаются случаи неправильной (автоматической)
разметки (тегирования). Примером является морфема -ган, которую можно
интерпретировать как две разные морфемы: одна используется для обозначения
категории прошедшего времени, а другая для обозначения категории причастия. По
результатам анализа морфоанализатор предлагает два варианта. Чтобы найти ответы на
данные вопросы, мы сосредоточимся на опыте использования различных типов
классификации языковых единиц для решения проблемы.
Классификация морфем на основе параметров сложения и вычитания. В тюркских
языках аффиксальные морфемы, относящиеся к одной грамматической категории, могут
быть представлены как синтаксическими, так и аналитическими единицами, то есть в
одном тюркском языке они пишутся слитно, а в другом – раздельно. Например, в
татарском языке грамматическая категория белǝн, которая участвует в соединении слова
перед собой со следующим словом, представлена только вспомогательным предлогом и
записывается отдельно от слова перед собой [2]. В узбекском языке (а также в казахском
и турецком языках) данная грамматическая категория, то есть значение средства
выражения, выражается как падежом, так и вспомогательным предлогом. Сравните:
– по-казахски: аффикс -бен с -бен, -мен, -пен алломорфами и с вспомогательные
средствами бенен, менен, пенен;
– по-турецки: с аффиксом -la и с вспомогательным средством ile.
– по-узбекски: с аффиксом -да и с вспомогательные средствами билан, ила (с алломорфом
-ла).
Обратим внимание на значениЕ вспомогательных средств (см. примеры из узбекского
толкового словаря).
БИЛАН вспомогательный предлог. 1 Используется с разными словами в
именительном падеже: 1) представляет собой совместное действие. Отам билан келдим.
Mm Кўчаларни, қишлоқни, айниқса, Маҳваш билан бирга дарс тайёрлаган жойларни...
жуда-жуда қўмсадим. Т.Ашуров, Оқ от; 2) относится к тому, что является средством для
действия или события. Ошнинг таъми туз билан, одам таъми сўз билан. Пословица. Сут
билан кирган − жон билан чиқар. Пословица. m m Косада лағмон кўтариб кирган
Марғуба бир қўли билан шишани ушлади. С.Зуннунова, Кўк чироқлар. Инсон хатони
кўпроқ ўз тили билан содир қилади. Из газеты [13;257].
Как видно из примеров, вторым значением вспомогательного выражения билан
является «означает что-то, что является средством к действию или событию», то что
значение средств выражается вспомогательным предлогом.
ИЛА род. падеж. билан. Бой ила хизматчи. тт [Кумуш] ..мактубни ўқиб тамом
қилди-да, жонсиз бир товуш ила «уятсиз» деб қичқирди ва ерга йиқилиб, ўзидан кетди.
А. Кадири, Ўтган кунлар [14; 187-188].
В данном примере предлог ила также представлен вспомогательным средством.
Вспомогательные слова, выражающие грамматическое значение, представлены как
суффиксом, так и словом. Следовательно, в анализаторе различаются такие показатели
как лексическая единица (L); аналитическая форма (АF) и аналитическая конструкция
(АК) [7; 76].
Выводы
При разработке морфоанализатора формируются такие компоненты как, база данных
аффиксальных морфем, база основных морфем; правила классификации; правила
совместимости алломорфов. В морфоанализаторе база данных имеет большое значение
для охвата всей информации, необходимой для процесса анализа/синтеза; случаи
существующей флекции в языке – отражение фонетических изменений границы корня и
суффикса; охват информации о дополнительных, инвариантных лексемах, наряду с
традиционными словоизменителями; также требования, как наличие базы из омонимии
лексем (а также суффиксов, образованных под влиянием полных и грамматических
форм).
Мы разработали морфологическую спецификацию для узбекского языка. Она
содержит перечень морфологических категорий для всех частей речи. При этом часть
вопросов остались нерешенными. Их разрешение требует статистического анализа
языкового материала и будет выполнено на стадии пилотного проекта.",_rus,"Особенности морфологического анализа узбекского языка Моделирование и аранжировка грамматическоих форм узбекского языка. билан. Вспомогательные слова, выражающие грамматическое значение, представлены как суффиксом, так и словом.",Структура и единицы морфоанализатора узбекского языка можно представить в виде следующей схемы. Основные компоненты МА могут сильно варьироваться в зависимости от языка и от конкретной реализации.
7,Perminov_IMS_2019_rus,"Интеграция инструментов и сервисов для оценки вебинтерфейсов пользователя и выявления юзабилити рисков
Н.А. Перминов, М.А. Бакаев
Новосибирский государственный технический университет
1. Введение
В данной работе рассматриваются веб-интерфейсы, относящиеся к разновидности
пользовательских интерфейсов. Последние представляют собой совокупность средств и
методов для взаимодействия пользователя с вычислительными устройствами. Такая связь
в информационной среде, проникнувшая во все сферы деятельности и ставшая
обязательным атрибутом общества, является неотъемлемой частью любого современного
человека. Поэтому сегодня правительства разных стран вводят на всех уровнях процессы
цифровизации, переход на цифровой способ связи, записи и передачи данных. Таковым
является и Россия, где с лета 2017 года осуществляется программа «Цифровая экономика»
[4]. Таким образом, количество пользовательских интерфейсов с каждым годом неуклонно
увеличивается. В качестве подтверждения обратимся к статистическому агентству Internet
Live Stats [5], предоставляющие информацию для таких компаний, как BBC News, United
Nations Conference Rio+20, U2, Wired, Kaspersky Lab и так далее. Ниже приведена
динамика роста веб-сайтов во всём мире по данным агентства (см. рис. 1).
Так, согласно Internet Live Stats, их количество в 2017 году выросло на 69% по
сравнению с предыдущим годом. Да и в целом, отчётливо прослеживается динамика
роста. Всё это говорит о наличии огромного спроса на веб-интерфейсы, а значит, и
качество взаимодействия с ними приобретает огромное значение. В связи с этим
существует необходимость в оценке пользовательского опыта.
Данная работа сосредоточена именно на концептуализации оценки веб-интерфейсов. В
представленной области Тим Брей предпринял одну из первых попыток провести
глобальные измерения Интернета в 1996 году [1]. Тогда были сформированы первые
атрибуты: размер Интернета, его возможности подключения, видимость сайтов и
распределение форматов. Сегодня количество атрибутов и метрик значительно выросло.
Однако из данного утверждения следует проблема сложности проверки такого количества
метрик, которые влияют на наблюдаемые ими атрибуты. Следовательно, появилась
необходимость отбора набора метрик, которые обеспечивают более глубокое понимание
аудитории в целом, а также отдельных пользователей с разных точек зрения. Ведущей
международной организацией в этом вопросе является W3C (World Wide Web Consortium),
занимающаяся стандартизацией веб-пространства. Одним из важных стандартов является
WCAG [2], представленный 5 мая 1999 года. Особая значимость данного документа
заключается в том, что он, в версии от 11 декабря 2008 года, был принят ISO
(Международная организация по стандартизации) в октябре 2012 года [2]. Количество
методов, описанных в нём, переваливает за сотни, что делает практически невозможным
проверку вручную, ведя нас к необходимости автоматизации. В связи с этим W3C
предоставляет список различных инструментов для оценки атрибутов качества [3].
Например, доступность или валидность HTML/CSS. На данный момент их количество уже
также превысило сотню, при этом ни один их них не является универсальным, что не
упрощает задачу.
С учётом вышеизложенного, предлагается создание платформы для объединения
вышеупомянутых сервисов и инструментов в единую обновляемую базу знаний. Данная
система знаний нужна для решения сложной задачи, а потому требует структурирования
предметной области. В таком случае необходима онтология, которая может быть
использована сторонними разработчиками, её описание представлено в статье.
Уникальность данного решения заключается в предложении модифицирования уже
существующего пласта веб-интерфейсов с использованием семантических технологий.
Последние примечательно тем, что большинство научного сообщества заявляет об его
огромном потенциале, обозначая его как один из этапов смены парадигмы в вебпространстве. Однако разработок в данной области весьма мало и пополняется за счёт
энтузиастов.
Остальная часть статьи организована следующим образом: в разделе 2
рассматриваются базовые знания представленного исследования: концепция интерфейса,
его атрибуты и существующие методы оценки, включая упомянутую WCAG, и понятие
онтологии. Раздел 3 иллюстрирует создание предлагаемой базы знаний. Последний раздел
содержит выводы о проделанной работе.
2. Определения и подходы
2.1. Веб-интерфейс и его структура
Веб-интерфейс – пользовательский интерфейс (Interface) для взаимодействия с
сервисом или устройством посредствам протокола HTTP. Согласно [6], целями данного
процесса является: предоставление информации пользователю и обеспечение
взаимодействия с системой. Исходя из этого, процесс создания интерфейсов делится на
два этапа:
— Опыт взаимодействия (User experience, UX) – формирует взаимодействие;
— Пользовательский интерфейс (User interface, UI) – визуализирует или материализует
взаимодействие.
Подходы к реализация самого интерфейса огромное множество, вызвано это
множеством методик и инструментов производства, а также и технических особенностей
устройств и систем. Поэтому каждый такой процесс индивидуален и строится от нужд
проекта. Однако все они вписываются в концептуальную модель Джесси Джеймса
Гарретта [7], раскрывая основную структуру любого интерфейса. Она состоит из
следующих элементов: стратегия (Strategy), рамки (Scope), структура (Structure),
компоновку (Composition) и поверхность (Surface). Рассмотрим подробнее каждый аспект.
Стратегия (Strategy). Являются сущность самого интерфейса, которая определяется
следующими двумя критериями:
— Желания пользователя – это то, как конечный пользователь видит решение задачи;
— Цели – результат взаимодействия.
Рамки (Scope). Представляет собой список понятий или, более точно, словарь
сущностей и отношений. Которым оперирует интерфейс, тем самым формируя доступную
пользователю функциональность и устанавливая границы возможностей.
Структура (Structure). Включает в себя логику интерфейса, его представление и
методы взаимодействия. То есть навигацию между информацией. Все это определяет
удобство использования (Usability).
Компоновка (Composition). Переводит логическую структуру в макет
пользовательского интерфейса, решая вопросы наиболее эффективного расположения
различных элементов. В этом помогает информативный дизайн, который включает в себя
три аспекта:
— Релевантность – насколько актуальна информация;
— Организация – навигация по информации;
— Логика – связи между информацией.
Поверхность (Surface) подразумевает графический дизайн. Он формирует
окончательный внешний вид продукта, как элементы будут выглядеть и ощущаться с
точки зрения пользователя. Например, в программе – фон, текст, кнопки, поля ввода и
тому подобное, а в ноутбуке – клавиатура, сенсорная панель, корпус и так далее. Все это
определяется исходя из общих тенденций или предпочтений самого пользователя.
2.2. Атрибуты и метрики
Сперва дадим определение двум ключевым терминам, используя кембриджский
словарь:
— Атрибуты (Attribute) – качество или характеристика кого-либо, чего-либо (в нашем
случае для интерфейса);
— Веб-метрики (Metric) – набор нормативов для измерения того, насколько успешен вебсайт.
Как видно из определений, второе служит для формирования первого. А последнее уже
даёт точную характеристику. Сегодня количество атрибутов, а также метрик значительно
выросло. Как упоминалось ранее, из этого следует проблема сложности проверки такого
количества метрик, влияющие на наблюдаемые ими атрибуты. Однако, это не
единственная задача, необходимо проводить корреляцию между ними. Следовательно, в
дополнение к автоматизации процесса необходимо отобрать набор метрик, которые
обеспечивают более глубокое понимание аудитории в целом, а также отдельных
пользователей с разных точек зрения. Решая данные вопросы, многие исследователи [1, 8,
9] выделяют две основные группы метрик на основе подхода анализа:
— Анализ кода (Webpage code analysis) – основан на анализе исходного кода вебстраницы;
— Визуальный анализ (Screenshot analysis) – заключается в анализе созданного снимка
пользовательского интерфейса.
В данном исследовании будет проведён дальнейший разбор, отталкиваясь от
представленных групп.
2.3. Технологии онтологий
В информатике онтология – это всесторонняя и детальная формализация определенной
области знаний с использованием концептуальной схемы. Как правило, такая схема
состоит из структуры данных, содержащей все соответствующие классы объектов, их
отношения и правила, принятые в этой области.
Таким образом, онтологии классифицируются следующим образом:
— Метаонтология – содержит общие понятия и отношения, не зависящие от предметной
области («объект», «свойство», «значение» и т.п.);
— Предметная онтология – содержит понятия, описывающие конкретную предметную
область и отношения, семантически значимые для данной предметной области;
— Онтология задач (и методов) – содержит в качестве понятий типы решаемых задач, а
отношения специфицируют декомпозицию задач на подзадачи;
— Прикладная онтология (онтология приложения) – описывает концепты, зависящие как
от предметной области, так и от задач;
— Сетевая онтология – используется для описания конечных результатов действий,
выполняемых объектами предметной области или задачи.
В данной исследовательской работе описана прикладная онтология. Поскольку целью
проекта является разработка веб-платформы, будет уместно воспользоваться языком,
основанным на веб-стандартах. Представителей данной категории достаточно много:
UPML, DAML, OIL, XODL, XML, RDF, RDFS и OWL. Последний является стандартом
W3C, уже ранее упомянутой. Вдобавок, его основное назначение – представление
информации человеку и её обработка. А это характерно для приложений подобных тому,
что планируется реализовать.
OWL – это язык семантической разметки на основе XML, разработанный W3C. Он
содержит классы, объекты и свойства, которые соответствуют понятиям, экземплярам и
ролям в онтологии. Классы предоставляют механизм абстракции с похожими
характеристиками, и каждый класс связан с набором индивидуумов. Существует три типа
свойств: объект, тип данных и свойства аннотации. Первый представляет семантические
отношения между объектами, второй связывает их со значениями данных, а последний
указывает на дополнительные примечания.
Согласно спецификациям W3C, OWL (подразумевается текущая версия языка – OWL
2) имеет две семантики, обеспечивающие альтернативные способы присвоения значений:
OWL DL и OWL Full. Наиболее популярной версией является OWL DL, где DL обозначает
Description Logic (DL), которая является разрешимой частью логики первого порядка.
Следовательно, вывод онтологии OWL может быть обработан с помощью рассуждений
DL. В качестве редактора онтологии используется Protégé 5.5.0-beta-4.
3. Анализ и результаты
3.1. Понятия и взаимосвязи
Как уже упоминалось выше, основными понятиями создаваемой онтологии являются
интерфейс (Interface), пользовательский интерфейс (UI), пользовательский опыт (UX),
атрибуты (Attribute), метрика (Metric) и сервис (Service). Связи между ними следующие
(см. рис. 2)
Помимо иерархических связей, которые вы можете наблюдать на рисунке 2 в виде
прямых, присутствуют «определительные» (Has Define), изображены пунктирными
линиями. Они созданы для отображения влияния одного объекта на другой, исключая
иерархических отношения. Рассмотрим каждую из них:
— Взаимосвязь «Метрика» (Metric) и «Атрибут» (Attribute). Здесь выражена прямая
зависимость одного класса от другого. Без каких-либо измерений довольно сложно
говорить объективно о характеристике;
— «Атрибут» (Attribute) и «Интерфейс» (Interface). Атрибуты в общем определяют
представление интерфейса, характеризуют его. Именно они помогают оценить
качественно;
— Интерфейс (Interface) и UX, UI. Как упоминалось выше, пользовательский интерфейс
(UI) и пользовательский опыт (UX) не являются интерфейсом (Interface).
Следовательно, иерархических отношений с последним не может быть. Однако они
непосредственно играют роль в его формировании. Более того, интерфейс, в свою
очередь, влияет на улучшение методов UX и UI.
3.2. Атрибуты
Изучив статьи [1, 8, 9] и существующие сервисы [3], был определён следующий список
атрибутов (Attribute) (см. рис. 3)
Подбор атрибутов проводился в три этапа:
— Выбор часто упоминаемых и используемых сервисов;
— Фильтрация по отзывам и мнениям экспертов и стандартов (Например, WCAG) в этой
области;
— Окончательное формирование списков на основе проведенных исследований.
Для ясности рассмотрим каждый выбранный атрибут, где порядок будет
соответствовать делению на стадии процесса производства интерфейса, отображаемому в
онтологии, на UX и UI (технический и визуальный).
Доступность (Accessibility) [1, 8 – 10, 12, 15] – предоставление услуг всем
пользователям, включая тех, кто имеет какие-либо физические ограничения, такие как
потеря слуха, нарушение зрения, движения или обучения. Одна из самых необходимых
характеристик пользовательского интерфейса помогает создателю продукта понимать
различные категории пользователей. Кроме того, здесь важно подчеркнуть, что этот
атрибут способствует созданию доступных сервисов для людей не только с физическими
ограничениями, но и с техническими. Такие как медленный интернет, устаревшая
программная часть, плохое техническое оснащение, небольшие разрешения устройств для
вывода и так далее. Важность этого атрибута подчеркивают существующие
международные стандарты, включая ранее упомянутый WCAG.
Надёжность (Reliability) [1, 8, 9, 12] – доверие пользователей к предоставленному
продукту. Особенно распространенный атрибут в последнее время из-за участившихся
утечек персональной информации и электронного мошенничества. Сегодня пользователи
стали более тщательно выбирать сервисы, которые они будут использовать. Поэтому
разработчики должны учитывать, насколько безопасен их продукт. Но также, как бы
парадоксально это ни звучало, открыт для пользователей. Они должны видеть логику
взаимодействия, насколько это возможно. Знать когда и почему выполняется та или иная
операция.
Желаемость (Desirability) [1, 6, 8 – 10] – выражается в дизайне через брэндинг, имидж,
индивидуальность, эстетику и эмоциональный дизайн. Атрибут некоторое время носил
звание самой субъективной характеристики, хотя и не отменяя собственной важности. В
качестве примера можно привести индустрию смартфонов, в которой первенство среди
самых привлекательных устройств долгое время занимал iPhone, что делало его самым
продаваемым. Однако сегодня благодаря большим объемам данных и нейронным сетям,
способным обрабатывать первое, существуют метрики, определяющие желанность
продукта. Так, возвращаясь к примеру, можно заметить, как китайский рынок в целом, и в
частности Huawei, свободно конкурирует с Apple.
Обнаруживаемость (Searchability) [8, 9] – легко доступны, а в случае цифровых и
информационных продуктов их содержимое должно быть легко находимым. Включает в
себя множество метрик, которые сформировали целую отрасль (SEO, Search Engine
Optimization). Благодаря чему пользуется огромной популярностью и является едва ли не
единственным атрибутом для веб-интерфейсов у некоторых компаний. Это выражается в
борьбе за места в строке результатов поисковых систем. Поскольку большинство
пользователей не рассматривают варианты за пределами первой страницы. Следовательно,
значимость данного атрибута по-прежнему велика.
Удобство (Usability) [1, 6 – 15] – количество усилий, необходимых для использования
системы. Является фундаментальным. Атрибут непосредственно оценивает логику
взаимодействия с продуктом. Насколько эффективно и быстро решается поставленная
задача. В качестве примера посмотрим на формы регистрации. Их функция – авторизовать
пользователя в системе. В данном случае атрибут характеризует соотношение
достаточности собранной информации и количество шагов для успешного выполнения
операции.
Полезность (Usefulness) [1, 10, 14] – минимальный набор функций, необходимый для
удовлетворения заявленных или подразумеваемых потребностей. Оценка общего
результата взаимодействия пользователя с веб-интерфейсом. Второй фундаментальный
атрибут. В отличие от предыдущего атрибута, ставится вопрос: «Решил ли пользователь
свою задачу?». То есть характеризуется конечный результат работы с предметом.
Возвращаясь к формам регистрации. Для данного атрибута главным вопросом будет:
«Действительно ли пользователю необходимо было авторизоваться для достижения
цели?».
Чистота (Clarity) [8, 15] – визуальная и слуховая нагрузка на пользователя. Должно
быть достаточно места для маневров. Таким образом, элементы должны быть
расположены на большом расстоянии друг от друга, сводя к минимуму случайные
срабатывания и визуальную нагрузку. Для лучшего понимания помните: «Ваш интерфейс
– это ваш рабочий стол». Минимум отвлекающих элементов и максимум свободного
пространства.
Последовательность (Consistency) [7, 10, 13] – логика взаимодействия с
пользователем. Требует использования стандартных методов для выполнения операций,
используемых на протяжение всего интерфейса. Если говорить о веб-интерфейсах,
придерживайтесь не более трех шаблонов страниц. Чем их больше, тем больше
пользователю придется запоминать и разбирать. А это дополнительное время для
освоения. То есть структура страниц должна быть похожа функционально и визуально.
Примером может служить данная статья. Страницы выполнены в едином стиле, вы не
задумываетесь как читать следующую.
Близость (Familiarity) [8, 13] – распознавание элементов и методов интерфейса. Когда
мы знакомы с чем-то, мы знаем, чего ожидать. У нас нет необходимости думать о том, что
делать дальше. Дополняет предыдущий атрибут. Если вам не удаётся придерживаться в
рамках трёх шаблонов, следуйте стандартным методам и общим практикам. Вернёмся к
примеру со статьей. Если вам нужно посмотреть список литературы, вы, скорее всего,
сразу перейдёте в конец, поскольку это уже устоявшиеся правило.
Отзывчивость (Responsiveness) [8] – скорость загрузки элементов и наличие
визуальных или звуковых индикаторов. Этот атрибут становится все более актуальным в
последнее время на фоне быстро растущих мощностей технологий. Действительно, сейчас
даже слабые, по современным меркам, устройства способны выполнять огромное
количество операций в секунду. Но, тем не менее, не забывайте о различных факторах,
которые могут повлиять на производительность. Такие, как качество подключения к
глобальной сети или параллельные задачи. Оптимизацию никто и никогда не отменял.
Простота (Simplicity) [8] – простота элементов. Дополняет атрибут «Чистота» (Clarity).
Последнее время очень явно проявляется в дизайне современных интерфейсов,
характеризуемый пользователями как минимализм. Содержит минимальное количество
элементов, выбранных по принципу необходимости. Примером является то же рабочее
пространство, на нем должны быть расположены только первостепенные элементы.
Визуальная иерархия (Visual hierarchy) [8, 10] – это контраст между различными
размерами, цветами и расположением элементов. Это способствует созданию единого
стиля и решает вопросы навигации, с помощью визуального выделения в блоки. Также
используются цветовые решения, устанавливающие контраст. Атрибут обычно описывает
способность разработчиков контролировать фокус внимания пользователя.
3.3. Метрики
Как было описано ранее, существует множество метрик, и перечислять каждую из них
нецелесообразно. Поэтому, для удобства структурирования и изложения, они были
объедены в пять больших категорий, одна из которых включает юзабилити риски
(Convenience) (см. рис. 4).
Производительность (Performance) – важно обеспечить хороший пользовательский
опыт и снизить показатель отказов.
Безопасность (Security) – важно убедиться, что ваш сайт защищает персональные
пользовательские данные. А именно, во время выполнения операций не подвергает их
риску кражи или потери.
SEO (Search engine optimization) – способы убедиться, что адрес веб-сайта
отображается в верхней части списка результатов поиска в Интернете.
Социальность (Sociality) – важен для общения с клиентами, узнаваемости бренда и в
качестве маркетингового канала для привлечения посетителей на вашу платформу.
Удобство (Convenience) – важно максимально увеличить доступную аудиторию и
свести к минимуму количество отказов пользователей (что может косвенно повлиять на
ваш рейтинг в поисковых системах).
Все представленные категории достаточно объёмные. Следовательно, было бы не
целесообразно предоставить весь список метрик для каждой группы. В связи с этим
рассмотрим один из них, остальные можно найти непосредственно в онтологии. (см. табл. 1)
3.4. Сервисы
Последний, но не менее важный класс созданной онтологии – «Сервис» (Service). Он
хранит список инструментов, которые были проанализированы и закреплены к метрикам.
Каждый из них обладает следующими свойствами:
— Автор (Author) – разработчик инструмента;
— Язык (Language) – список поддерживаемых языков;
— Поддерживаемый формат (Supported format) – поддерживаемые форматы для
обработки;
— Тип сервиса (Type of service) – онлайн сервис, расширение, desktop приложение;
— Лицензия (License) – Бесплатное / Платное / Свободно распространяемое;
— Метрика (Metric) – список используемых метрик.
В качестве примера, несколько сервисов приведено в таблице 2
4. Заключение
В ходе представленного исследования была изучена проблема оценки веб-интерфейсов
пользователя и выявления юзабилити рисков, заключающаяся в существование огромного
количества метрик и инструментов. Что, в свою очередь, ведёт к огромным затратам на
весь процесс измерения по отношению к человеческим и временным ресурсам, а значит
необходим ввод эффективной автоматизации.
Результатом проделанной работы стало определение наиболее полезных метрик для
оценки веб-пользовательских интерфейсов и выявления рисков юзабилити, с
последующей их классификации и оформлением в онтологию. Где, помимо отобранных
метрик, также были выделены атрибуты и сформировано базовое представление об
интерфейсах и его компонентах.
Итогом исследования стала вышеописанная онтология. Мы рассчитываем, что данный
проект подержат сторонние разработчики и исследователи в области пользовательских
интерфейсов, начав применять его. Так как считаем, что у данной онтологии есть
огромный потенциал. Она может служить обучающим инструментов в понимании
интерфейсов в общем и пользовательских в частности. Хотя и осознаём, что в данный
момент онтология находиться не в финальной стадии и требует усовершенствований.
Тем не менее, мы собираемся и дальше развивать этот проект, так как цель наших
будущих исследований – создать готовый программный продукт, сочетающий в себе
существующий набор услуг. Видим в нём открытую платформу для оценивания качества
исполнения веб-сайтов, которой могут воспользоваться все желающие: от небольших
команд разработчиков, где недостаточно средств для экспертной оценки, до крупных
компаний, где нужно провести тестовую оценку в короткий срок. Наша глобальная цель –
улучшение качества предоставления информации, сделав доступ к ней удобным и
приятным для всех людей. Более локальная задача – приблизить российский сегмент
глобальной сети до европейского уровня. Описание текущей версии нашей платформы
измерения пользовательских веб-интерфейсов, для которой разработанная онтология
будет служить структурой базы знаний, можно найти в [10].",_rus,"В связи с этим W3C предоставляет список различных инструментов для оценки атрибутов качества [3]. На данный момент их количество уже также превысило сотню, при этом ни один их них не является универсальным, что не упрощает задачу. Она состоит из следующих элементов: стратегия (Strategy), рамки (Scope), структура (Structure), компоновку (Composition) и поверхность (Surface).","Интеграция инструментов и сервисов для оценки веб-интерфейсов пользователя и выявления юзабилити рисков в Новосибирском государственном техническом университете. В данной работе рассматриваются разновидности пользовательских интерфейсов, которые представляют собой совокупность средств и методов для взаимодействия пользователя с вычислительными устройствами."
8,Rogov_IMS_2020_rus,"Применение деревьев решений для анализа сильных позиций текста в задаче атрибуции произведений Ф. М. Достоевского
А.А. Рогов, А.А. Лебедев, Р.В. Абрамов, Н.Д. Москин, К.А. Кулаков
Петрозаводский государственный университет
Введение
Чтобы определить особенности произведений конкретного автора на фоне всего массива текстов художественной литературы, необходимо представить комплексный анализ его текстов, выделить ключевые особенности авторского восприятия мира, а также определить, как эти особенности воплощаются в произведениях. Вряд ли можно поставить под сомнение тот факт, что «каждый писатель подбирает языковые средства не только в соответствии с содержанием и замыслом, но и в зависимости от своего видения мира, обусловленного его мировосприятием, социальным положением, личностными качествами и психологическими особенностями» [1, с. 50]. Однако реализация подобранных автором языковых средств в тексте литературного произведения может быть самой разной.
К классификации авторского стиля как лингвистического явления существует несколько подходов; в зависимости от выбранного варианта исследователь направляет свою работу в нужное ему русло. В частности, можно выделить многоаспектный подход, предложенный в работе [2] и опирающийся на принципы коммуникации (рассмотрение отдельных компонентов художественной системы писателя, прежде всего, рассмотрения языковых средств (как правило, лексических) в сочетании с анализом различных структурных и смысловых форм организации языкового материала для выявления характера соотнесенности на фоне других идиостилей); анализ авторского стиля на основании экстралингвистических и интралингвистических факторов [3]; когнитивный аспект в анализе индивидуально-авторского стиля (истоки подобного подхода к идиостилю лежат в развитии теоретических положений А. А. Потебни, Л. В. Щербы, Г. О. Винокура, В. В. Виноградова, Б. А. Ларина), когда обращение к концептосфере писателя представляет собой возможность лучше понять художественный мир автора (см., например, [4; 5]). 
Мы, вслед за В. В. Виноградовым, отмечавшим, что «изучение литературного стиля должно быть комплексным и системным» [6, с. 198] понимаем идиостиль как систему формальных и содержательных характеристик, которые присущи произведениям того или иного автора и отражают уникальный, авторский способ языкового выражения (подробнее см. [7]). Воплощение подобного авторского способа может проявляться на разных уровнях текста, в том числе и в анализе сильных его позиций.
Вопрос, связанный с выделением сильных позиций текста и определением их роли в понимании и восприятии произведений, не просто является объектом давнего интереса лингвистов [8; 9], но и в последнее десятилетие решается в аспекте анализа индивидуально-авторского стиля и определения особенностей творчества того или иного писателя [10; 11]. Под универсальными сильными позициями текста традиционно понимаются:
—	заглавие текста;
—	инициальная позиция текста (его первое предложение, первый абзац, первое сложное синтаксическое целое);
—	конечная позиция текста (последнее предложение текста, последний его абзац, последнее сложное синтаксическое целое).
При этом в зависимости от жанра текста возможно появление и других сильных позиций (например, эпиграфа в художественных произведениях, рифмы – в стихотворных текстах, слогана – в рекламных текстах и т. п.), однако составляющие текста, перечисленные выше, следует признать универсальными – то есть, характерными для любого произведения. Именно в сильных позициях автор сосредотачивает важные для себя смысловые доминанты, передаваемые речевым произведением.
Поскольку сильные позиции текста играют наиболее значимую роль в выражении авторской идеи, то очевиден дополнительный интерес филологов именно к этим элементам текста при решении вопросов, связанных с атрибуцией текстов [12; 13], установлением авторства анонимных текстов [14], а также в ходе лингвистического анализа материалов, на которые, помимо автора, мог оказать непосредственное влияние другой человек.
В частности, анализируя тексты статей, представленных в журналах «Время» и «Эпоха» (1861-1865 гг.), мы обнаруживаем немалый список публиковавшихся там авторов (Ф. М. Достоевский, М. М. Достоевский, Н. Н. Страхов, А. А. Головачев, И. Н. Шилль, А. Григорьев, А. У. Порецкий, Я. П. Полонский), и, рассматривая морфологическую структуру некоторых материалов, казалось бы, не принадлежащих непосредственно Фёдору Михайловичу Достоевскому, мы можем говорить о непосредственном его влиянии на общее построение и смысловое наполнение текста (что находит отражение в том числе и в перечисленных выше сильных позициях). 
Использованная в работе методика исследования предусматривает работу с большими фрагментами текста (500, 700, 1000 слов), что делает малозначимой позицию заглавия текста; однако инициальная и конечная позиции текста при таком подходе становятся объектом дополнительного интереса и могут привлекать внимание филолога в тех случаях, когда частеречное распределение в них отличается от распределения по частям речи во всем остальном тексте. Выбор в качестве признаков только частей речи трех первых позиций текста опирается на исследования, проведенные Г. Хетсо [15], который учитывает такие признаки, как общее распределение частей речи в первых двух позициях предложения и сочетание частей речи в первых двух позициях предложения. В данном исследовании методика Г. Хетсо была дополнена – под сильной позицией в рамках исследования понимаются три слова в началах каждого предложения текста.
Целью проводимого эксперимента была автоматизация выявления наиболее важных, фундаментальных отличительных характеристик текстов одного автора от текстов других авторов в аспекте распределения частей речи в сильных позициях текста (началах предложений) в сочетании с их последующей точечной лингвистической интерпретацией. В перспективе это должно помочь решить проблему проверки принадлежности перу Ф. М. Достоевского ряда статей, которые входят в раздел Dubia полного собрания сочинений писателя. Использование математических методов в этом случае позволяет лингвисту не просто избавиться от необходимости вручную выполнять подсчеты, но и помогает определить наиболее значимые отличия, которые могут быть не замечены или проигнорированы как нерелевантные при традиционном подсчете. Для решения задачи атрибуции текстов хорошо зарекомендовали себя следующие математические методы [12; 13; 14]: нейронные сети, деревья решений, машина опорных векторов (SVG), метод k-средних, метод QSUM, байесовский классификатор, марковские цепи, метод главных компонент, дискриминантный анализ, генетические алгоритмы, статистические критерии (хи-квадрат Пирсона, критерий Стьюдента, Колмогорова-Смирнова) и др. Среди этих методов интеллектуального анализа данных деревья решений выделяются тем, что они просты в понимании и интерпретации, а также не требуют специальной предварительной обработки данных. Построение дерева решений позволяет однозначно определить, какие из признаков являются наиболее существенными, а потому требующими дополнительной интерпретации в аспекте лингвостилистического анализа – они будут вынесены в вершину дерева решений.
1. Построение и анализ деревьев решений
В табл. 1 представлен список из 19 анализируемых текстов (среди авторов: Ф. М. Достоевский, М. М. Достоевский, Н. Н. Страхов, А. А. Головачев, И. Н. Шилль, А. Григорьев, А. У. Порецкий, Я. П. Полонский). 12 из них принадлежат Ф. М. Достоевскому, остальные – другим авторам. Выбор текстов был осуществлен случайным образом с учетом распределения публикаций этих авторов на страницах журналов «Время» и «Эпоха» (1861-1865 гг.). Грамматическая разметка данных текстов учитывала 14 частей речи (существительное, прилагательное, числительное, местоимение, наречие, категория состояния, глагол, причастие, деепричастие, предлог, союз, частица, модальное слово, междометие), а также позволяла выделять цитаты, иностранные слова, вводные слова, сокращенные слова и неязыковые символы.
Для проведения разметки использовалась информационная система СМАЛТ («Статистические методы анализа литературных текстов»), разработанная в Петрозаводском государственном университете [16]. В рамках системы выполнялся импорт текстовых произведений с автоматизированным разбиением на абзацы, предложения и слова; редактирование подобранного автоматически в ходе импорта морфологического разбора (часть речи и другие параметры) или создание нового разбора филологом; построение фрагментов текстов с заданным размером слов и отступом и с описанием морфологического разбора для детального анализа. Таким образом, в системе СМАЛТ была выполнена автоматизированная разметка произведений с ручным контролем специалистов-филологов.
Далее текст разбивался на фрагменты размером 500, 700 и 1000 слов. Если заключительный фрагмент оказывался меньше указанного размера, то он отбрасывался. Для увеличения объема выборки применялся шаг для отсчета начала следующего фрагмента: 100, 200 слов и т. п. Поскольку на первом этапе было установлено, какие части речи встречаются во фрагментах и в каком порядке, на втором этапе можно перейти к подсчету частоты встречаемости n-грамм (последовательностей из n закодированных частей речи) [17].
Эти частоты легли в основу построения деревьев решений [18]. Каждая вершина дерева определяет условие ветвления по одному из признаков, что позволяет в дальнейшем классифицировать тексты на основе их частеречного распределения. Подобные модели широко используются в интеллектуальном анализе данных, и, в частности, при анализе текстов. Например, их применяла А. Р. Дубовик для исследования принадлежности русскоязычных текстов к тому или иному функциональному стилю (научный, художественный, деловой или публицистический) с опорой на ряд статистических параметров, таких как средняя длина слова, средняя длина предложения, частота встречаемости в текстах определенных n-грамм и др. [19]. Также деревья решений применялись в задаче разграничения фольклорных текстов и текстов, стилизованных под фольклор [20].
На рисунке 1 показан фрагмент графа, полученного в результате расчетов с шагом 100 слов и размером фрагмента 1000 слов для биграмм. Достоинства данного метода заключается в том, что он прост в понимании и интерпретации, а также не требует специальной подготовки данных.
2. Результаты анализа и их интерпретация
Анализируя дерево решений, представленное на рисунке 1, можно заметить, что фрагменты текстов статьей Ф. М. Достоевского, как правило, содержат частоту встречаемости биграммы «Прилагательное + Существительное» меньше 62,5. Анализ этих фрагментов показывает, что среди неверно классифицированных фрагментов статей, которые принадлежат другим авторам (не Фёдору Михайловичу Достоевскому), есть и те, что расположены в начале или в конце текста, то есть в его сильных позициях. Это может быть свидетельством стилистической правки, которую вносил Ф. М. Достоевский в данные фрагменты, что сказывалось на частеречном распределении текстов и потому не соответствовало стилю изначального автора статьи.
В таблице 2 приведены тексты с указанием нетипичных фрагментов (значительная часть которых располагается именно в сильных позициях текста). Данные фрагменты, будучи правильно интерпретированными, могут стать объектом дополнительного интереса со стороны литературоведов в контексте определения вопроса авторства статей и стилистического взаимовлияния Ф. М. Достоевского и других авторов «Времени» и «Эпохи».
К примеру, в тексте «Наши домашние дела» с кодом 92 («Эпоха», 1864, № 12), принадлежащем А. У. Порецкому, именно два последних фрагмента текста имеют иное частеречное распределение в сравнении со всем остальным текстом статьи (в частности, реже встречаются пары «Прилагательное + Существительное» и «Существительное + Местоимение»), что в целом нехарактерно для всех остальных 76 фрагментов данной статьи. В тексте «Письмо к редактору», автором которого является Я. П. Полонский, («Время», 1863, № 3, код 13) последние три фрагмента имеют другое распределение. В тексте «Тарасъ Шевченко» Аполлона Григорьева («Время», 1861, № 4, код 11) обращает на себя внимание первый фрагмент и середина текста. В тексте «ДУРНЫЕ ПРИЗНАКИ» Н. Н. Страхова («Время», 1862, № 11, код 116) также явно выделяются два последних фрагмента.
Вероятно, не всегда причины подобного рода изменений в распределении частей речи следует искать именно в стилистической правке со стороны Ф. М. Достоевского. К примеру, в упомянутом выше тексте «Письмо к редактору» причиной снижения случаев встречаемости комбинации частей речи «Существительное» + «Местоимение» может быть переход автора от размещаемых в начале текста пространных теоретических размышлений о художественных достоинствах повести Л. Н. Толстого «Казаки», к описанию совершаемых в произведении действий, выраженных глаголами (люди живутъ какъ живетъ природа, умираютъ, родятся, совокупляются, опять родятся, дерутся, пьютъ, ѣдятъ, радуются и опять умираютъ), равно как и цитированию чужого текста, что сказывается на частеречном распределении.
В некоторых текстах появление определенных пар частей речи может объясняться тематикой произведения. К примеру, в статье «Тарас Шевченко» (автор: Аполлон Григорьев) активизация во многих фрагментах текста пары «Прилагательное + Существительное» может объясняться характером описываемого явления (для характеристики произведений Шевченко неоднократно используется словосочетание малороссійская литература), а сам Григорьев очень любит пользоваться эпитетом великий, совмещая его с разными существительными: великому таланту, великими представителями, великаго поэта, великой литературы, великому кобзарю и т. п.).
В то же время, даже предположить причину изменения частеречного распределения удается не всегда. К примеру, завершающие фрагменты текстов «Наши домашние дела» и «Дурные признаки», не отличаясь чем-то содержательно или тематически в сравнении с остальным содержанием статьи, классифицируются по-иному. Именно это несоответствие изначальному авторскому стилю может указывать на внесение стилистических правок неким иным лицом (возможно, самим Ф. М. Достоевским).
Заметим, что приведенный признак «частота биграммы «Прилагательное + Существительное» меньше 62,5» не является однозначным признаком стиля Ф. М. Достоевского. Так, например, «Подписка на 1863 годъ» («Время», 1863, № 1, код 40) приписываемая М. М. Достоевскому целиком удовлетворяет этому параметру. Весь текст «Пожары» («Время», 1862, № 1, код 2) Ф. М. Достоевского не удовлетворяет этому признаку. Начало (три фрагмента) текста «Молодое перо» («Время», 1863, № 2, код 35) тоже не удовлетворяет этому параметру.
С учетом вышенаписанного текст статьи «Подписка на 1863 годъ» может стать объектом более пристального изучения литературоведов – весьма вероятно, что Фёдор Михайлович Достоевский мог оказать немалое влияние на Михаила Михайловича (как опосредованное, так и прямое – если предположить, что он составил какую-то часть текста вместо своего старшего брата). Не менее интересен и вопрос авторства текста «Пожары», ответ на который по мнению некоторых литературоведов не столь однозначен, как это может показаться – вполне возможно, что это был не Ф. М. Достоевский (см. статью Н. Г. Розенблюма «Петербургские пожары 1862 г. и Достоевский» [21]).
Выводы
Ф. М. Достоевский, будучи мастером работы не только с художественным, но и с публицистическим текстом, прекрасно представлял себе важность сильных позиций текста с точки зрения их воздействия на читателя, а потому мог уделять более пристальное внимание внесению правок в начальные и в конечные абзацы текстов чужих статей. Ведь именно эти элементы оказывают наибольшее воздействие на читателя – благодаря началу текста складывается первое впечатление о статье, а финал – подводит итоги и, как правило, хорошо откладывается в памяти читателя. Именно поэтому, комплексно решая вопросы, связанные с атрибуцией текстов в журналах «Время» и «Эпоха», в качестве одной из задач можно выделить специальный анализ данных элементов текста.
Приведенный метод предоставляет возможность выделять в тексте фрагменты, отличающиеся частеречными характеристиками. Анализ этих фрагментов позволяет исследователю ставить и решать различные задачи, начиная от авторства тех или иных фрагментов до автоматического реферирования текстов.
Благодарности
Работа выполнена при поддержке Российского фонда фундаментальных исследований, грант № 18-012-90026.
",_rus,"Для решения задачи атрибуции текстов хорошо зарекомендовали себя следующие математические методы [12; 13; 14]: нейронные сети, деревья решений, машина опорных векторов (SVG), метод k-средних, метод QSUM, байесовский классификатор, марковские цепи, метод главных компонент, дискриминантный анализ, генетические алгоритмы, статистические критерии (хи-квадрат Пирсона, критерий Стьюдента, Колмогорова-Смирнова) и др. Среди этих методов интеллектуального анализа данных деревья решений выделяются тем, что они просты в понимании и интерпретации, а также не требуют специальной предварительной обработки данных. Анализ этих фрагментов показывает, что среди неверно классифицированных фрагментов статей, которые принадлежат другим авторам (не Фёдору Михайловичу Достоевскому), есть и те, что расположены в начале или в конце текста, то есть в его сильных позициях. В тексте «Письмо к редактору», автором которого является Я. П. Полонский, («Время», 1863, № 3, код 13) последние три фрагмента имеют другое распределение.","В работе «Атрибуция произведений Ф. М. Достоевского» представлены деревьев решений для анализа сильных позиций текста на фоне массива текстов художественной литературы. Это позволит определить, какие особенности воплощаются в произведениях конкретного автора."
9,Salin_IMS_2015_rus,"Семантическая сегментация веб-гипертекста на
основе дискретных математических моделей
В.С. Салин, С.В. Папшев
Саратовский государственный технический университет
им. Ю.А. Гагарина
salinvs@gmail.com, spapshev@list.ru


1. Иследования в области кластеризации гипертекста
При работе со значительными объемами информации Интернета одной из
актуальных проблем является поиск релевантной запросу размещенной на вебстраницах информации. При этом возникают задачи анализа семантики веб




страниц и структуризации информации. Важным этапом при их решении
является кластеризация обрабатываемых документов, которая позволяет
выявлять группы семантически похожих документов.
Кластеризация веб-страниц по тематике актуальна в различных
приложениях поиска и интеллектуального анализа данных, таких как
распознавание шаблонов, извлечение ключевых слов. Группировка
семантически связанных страниц лежит в основе рекомендательных алгоритмов
и адаптивных интерфейсов, которые могут «подсказывать» пользователю
наиболее релевантные для него страницы. Определение кластеров близких по
теме страниц используется также в веб-аналитике и поисковой оптимизации,
разработке и реинжиниринге веб-сайтов.
Для решения задач кластеризации наиболее просто применить методы
непосредственного определения ключевых слов и понятий текста. Традиционно,
при данном подходе объекты текста описываются характеристическим
вектором. Векторы могут быть интерпретированы как точки в многомерном
пространстве. В классических методах кластеризации используется некоторая
метрика расстояния, например, косинус угла между такими векторами.
Реализация таких методов имеет определенные сложности: необходимость
предварительной индексации, высокое время выполнения при больших объемах
текстов, с другой стороны – необходимость в наличии минимального объема
текста с релевантными ключевыми словами.
Альтернативой текстовой кластеризации, в контексте задачи кластеризации
гипертекстовых документов, является кластеризация, построенная на основе
информации, содержащейся в гипертекстовой структуре. Данная информация
отличает гипертекстовые документы от простых, текстовых документов и
может включать в себя: информацию о внешних гиперссылках, информацию о
внутренних связях в гипертекстовой структуре, данные о статистике переходов
пользователя по элементам гипертекста и т.д.
Впервые задача кластеризации была озвучена в 30-х годах XX века, в
работах Р. Триона [1] и Р. Б. Каттела [2] и имела приложение в областях
антропологии и психологии. Широкое распространение кластеризация данных
получила с развитием подходов к интеллектуальному анализу данных ближе к
концу XX века, сформировав отдельное направление кластерного анализа.
Теоретические и методологические основы на данном направлении заложены в
результатах исследований многих отечественных и зарубежных авторов,
включая Б. Дюрана, П. Оделла [3], И. Д. Манделя [4], С. А. Айвазяна [5], Д. С.
Хайдукова [6] и других.
В области информационных технологий актуальна задача кластеризации
документов,
или
семантической
кластеризации.
Применительно
к
кластеризации веб-документов, стоит отметить обзор К. Карпинето и др. [7], в
котором авторы рассматривают 14 алгоритмов текстовой кластеризации для
решения задачи группировки результатов поиска. Однако рассмотренные ими
подходы хоть и отличаются от классических центроидных алгоритмов
кластеризации документов, однако ориентированы на рассмотрение вебдокумента как текстового объекта и не учитывают его внутренних
гипертекстовых свойств.




Применение математических моделей при анализе гипертекстовой
структуры для различных задач позволяет использовать соответствующий
выбранной модели математический аппарат с учетом внутренних свойств
гипертекста. В 90-х годах существенный вклад в разработку математических
моделей гипертекста внесли Д. Скоттс и Р. Фурута [8–11], последовательно
предложив целый ряд моделей, включая графовую модель, модель сети Петри,
автоматную модель, решетчатую модель. Д. Б. Ланж предложил объектноориентированный подход к моделированию [12], Ф. Дж. Халасц и М. Д. Шварц
разработали модель Декстера для гипертекста [13].
Вместе с появлением концепции Web 2.0 и развитием технологий
разработки веб-сайтов, усложнением их структуры, стремительным увеличением объемов информации исследователи вернулись к вопросу анализа
поведения пользователя в гипертексте, проблемам построения удобной,
визуальной, адаптивной навигации и пользовательского интерфейса.
Подробный обзор работ, посвященных анализу навигационного поведения
пользователей для решения задач построения пользовательских интерфейсов и
навигации в гипертексте, провели авторы В. Холинк, М. ван Сомерен, Б. Дж.
Вилинга [14]. В частности, исследования и разработка семантической и
адаптивной моделей навигации отражены в работах авторов Б. Смита и П.
Коттера [15], М. Дж. Паззани и Д. Биллсуса [16], М. Перковиц и О. Этциони
[17], В.С. Салина, С.В. Папшева и А.А. Сытника [18]. Отдельно стоит отметить
исследования Г. Бейдун и Р. Кульчитски [19], в котором авторы предлагают
применять при построении навигационной модели в гипертексте статистику
переходов пользователей, в то время как традиционно статистика переходов и
посещений веб-страниц использовалась для решения задач веб-аналитики (А.
Кошик [20]). В смежной области реинжиниринга веб-сайтов поведение
пользователей предлагалось взять за основу в работе [21].
Дальнейшее развитие концепции Web 2.0 и ее трансформация в Web 3.0
сместили акцент с пользовательских веб-интерфейсов на программные
интерфейсы доступа к данным в Вебе и автоматизированного анализа их
семантики (Н. Шедболт, В. Холл, Т. Бернерс-Ли [22]). Как следствие, еще
больше внимания стало уделяться методам обработки текстов естественного
языка и интеллектуального анализа данных для извлечения семантики вебстраниц. При этом чаще всего веб-документы анализируются как простые
текстовые документы, а свойства самого гипертекста не используются, равно
как и не используется статистика переходов в нем.
Исходя из результатов проведенного анализа исследований в областях
кластерного анализа, интеллектуального анализа данных, моделирования
гипертекста, веб-аналитики и семантического веба, в данной статье
предлагается использование статистики переходов в гипертекстовой структуре
и разработка на данной основе моделей и методов семантической кластеризации
данной структуры. В работе предлагается метод семантической кластеризации с
использованием статистики переходов пользователей по гиперссылкам, в
частности, на базе существующего метода графовой кластеризации разработан
метод семантической кластеризации по статистике переходов. На основе
данных моделей и методов реализован программный комплекс для решения
задачи кластеризации, а также представлены практические рекомендации по




применению результатов исследования в решении прикладных задач в области
поиска и анализа данных, веб-разработки, веб-аналитики и семантического
веба.

2. Семантическая сегментация веб-гипертекста
2.1. Математические модели для решения задач кластеризации
Основой для представления гипертекстовых данных для последующей
кластеризации может служить одна из математических моделей, все они из
класса так называемых дискретных моделей. В зависимости от целей и
применяемого метода используют модель в виде автомата, сети Петри или
графа.
Кластеризация графов отличается от кластеризации объектов в многомерном
пространстве, так как использует не метрику расстояния между объектами, а
степень связности узлов графа, на основе которой определяется сходство между
объектами (узлами). Достаточно удаленные друг от друга объекты могут не
сравниваться, что делает использование данной модели более эффективным по
сравнению с обычной кластеризацией, основанной на метрике расстояния.
Для решения задачи семантической кластеризации, гипертекстовую
структуру можно рассматривать совместно с информацией о переходах,
совершенных пользователями данной структуры от одного узла к другому в
течение определенного времени. В соответствие с этим гипертекстовой
структуре и статистике по совершенным в ней переходам можно поставить в
соответствие математическую модель в виде взвешенного графа.
, где
В общем случае, гипертекст может быть представлен как
–
множество
гипертекстовых
документов,
– множество гиперссылок между ними.
Тогда формальная постановка задачи семантической кластеризации
гипертекстовых документов будет выглядеть следующим образом. На
задана
множестве объектов – гипертекстовых документов
функция расстояния между объектами
. Требуется разбить исходное
множество объектов на подмножества – кластеры, чтобы каждый кластер
, а объекты разных кластеров
содержал объекты, близкие по метрике
максимально отличались по той же метрике. В результате каждому
приписывается номер
. Функция
называется функцией
семантической кластеризации, а ее конкретная реализация зависит от
выбранного метода кластеризации.
Будем учитывать поведение пользователей данной гипертекстовой
структуры и рассматривать её совместно с маршрутами пользователей в ней.
за временной интервал
известно
Предположим, что для страниц
:
множество маршрутов переходов




В таком случае функция семантической кластеризации должна учитывать не
только данные о самой гипертекстовой структуре, но и о маршрутах в ней:
.
Очевидным образом гипертекстовой структуре
может быть
однозначно поставлена в соответствие математическая модель в виде ориентированного невзвешенного графа
, в котором
– вершины графа,
соответствующие гипертекстовым документам,
– ребра графа, соответствующие гиперссылкам между документами.
Аналогично, маршруты пользователей могут быть представлены графами
, где
– посещенные вершины,
– совершенные
– веса в графе маршрутов, где вес каждого ребра
переходы между ними,
соответствует количеству переходов по гиперссылке. Также для каждого графа
. Все множество маршрутов за промежуток
отмечена корневая вершина
выглядит как
.
Таким образом, задача семантической кластеризации гипертекстовой
структуры сводится к задаче кластеризации соответствующего графа, а функция
семантической кластеризации примет вид:
– маршруты пользователей гипертекстовой структуры.
Обратным преобразованием кластеров – подмножеств вершин графа – к
множеству гипертекстовых документов будет получено разбиение гипертекста
на кластеры.
где

2.2. Метод семантической кластеризации гипертекстовой структуры на
основе статистики переходов
Разработанный метод семантической кластеризации гипертекстовой
структуры основывается на графах маршрутов пользователей в данной
структуре. Графы маршрутов соответствуют последовательностям переходов
пользователей между узлами гипертекста.
.
Пусть маршруты пользователей представлены орграфами
Для произвольных двух графов вводится понятие общей начальной
. Она содержит
подпоследовательности переходов
общую последовательность ребер, начинающихся с корня данных графов, а ее
длина
показывает, сколько общих ребер от корня есть в данном графе. В
,
.
случае
Из всего множества графов маршрутов формируются группы графов, для
которых
. В самом простом случае
.
В каждой полученной группе производится слияние матриц смежности
графов, входящих в данную группу. Для чего сперва объединяются множества
, после чего строится матрица
вершин графов в группе:
, где
. Общий вид матрицы будет выглядеть следующим
образом:




Каждый элемент матрицы вычисляется по формуле:

Полученной матрице будет соответствовать взвешенный ориентированный
. Чтобы исключить случайные переходы, часть вершин
граф
отсеивается по весам, большим порогового значения
исходного множества
:
Повторив действия для каждой полученной группы
:
результате множество вершин
Данное
множество
будет
являться
результатом
кластеризации исходного множества вершин графа.

, получается в
семантической

2.3. Метод кластеризации гипертекстовой структуры с использованием ее
внутренних связей и статистики переходов по ним
Статистика переходов в гипертексте может также применяться для
семантической кластеризации совместно с информацией о внутренних связях в
гипертекстовой структуре. В рамках данного исследования, разработан метод
семантической кластеризации основанный на существующем алгоритме
кластеризации графа BorderFlow, веса для которого формируются исходя из
статистики переходов.
Метод кластеризации BorderFlow определен для взвешенного орграфа
. В его основе лежит концепция объединения в кластеры узлов,
имеющих веса ребер внутри кластера большие, чем снаружи. Чтобы применить
BorderFlow к графовой модели гипертекста, необходимо определить множество
для него. В данном случае, статистика переходов в гипертексте
весов
является источником данных для составления весов в графе.
Основываясь на всех графах маршрутов пользователей, полученных за
,
выбранный интервал времени, составляется общая матрица
учитывающая количество переходов во всей гипертекстовой структуре.
, где
– вершины, посещенные в
Размерность матрицы
рамках i-го маршрута.

Каждый элемент матрицы вычисляется по формуле:

Полученной матрице будет соответствовать взвешенный ориентированный
. Сопоставляя данный граф с исходным графом
граф
гипертекста
, важно отметить, что
.




К
полученному
графу
применяется
алгоритм
кластеризации BorderFlow, результаты его работы трактуются как результаты
семантической кластеризации гипертекста.
2.4. Программный комплекс для автоматизированного построения модели
гипертекста и применения методов кластеризации с учетом статистики
переходов
Для автоматизированного построения графовой модели гипертекста, а также
применения к нему разработанных методов кластеризации, спроектирован и
реализован программный комплекс. Программная система семантической
кластеризации включает в себя четыре основных компонента, показанные на
диаграмме (Рисунок 1). Первый программный компонент (на диаграмме
обозначен буквой А) ответственен за построение модели веб-сайта. В его работу
входит сканирование веб-сайта с целью восстановления гипертекстовой
структуры, которая далее представляется в виде графовой модели.
Второй компонент (B) занимается хранением модели просканированного
гипертекста. В нем сохраняется вся необходимая информация об узлах (URI и
заголовок веб-страницы) и связях между ними. При сохранении, графовая
модель гипертекста соответствующим образом отображается на ER-модель
хранилища.

Компонент (C) предназначен для получения информации о посещении вебсайта. Являясь адаптером к системам сбора статистики, таким как Google
Analytics или Яндекс.Метрика , компонент запрашивает собранную статистику
посещений узлов сайта и переходов между ними. Данная информация
используется в дальнейшем для семантической сегментации веб-сайта.
Четвертый компонент (D) выполняет основную функцию семантической
сегментации на графовой модели веб-сайта с использованием статистики
переходов. Графовая модель получается обратным преобразованием из ERмодели хранилища, информация о статистике посещений поступает из
компонента (С). Результатом работы компонента (D), как и результатом работы




всей системы, являются кластеры веб-страниц сайта, представленные в файле
легковесного CSV-формата.
Согласно рассмотренной архитектуре, программная система реализована как
веб-приложение на платформе Java (компоненты A, C, D) с использованием
СУБД MySQL в качестве хранилища (B). При реализации, помимо стандартных
средств платформы Java SE использовались сторонние библиотеки, в частности,
для сканирования веб-сайтов и построения их гипертекстовой структуры,
формирования файла полученных кластеров, подключения и работы с системой
сбора статистики, подключения к БД MySQL.
2.7. Области приложения методов семантической кластеризации
Часть разработанного программного комплекса, ответственная за
построение математической модели и применения к ней методов семантической
кластеризации, оформлена в виде программной библиотеки и может быть
подключена для использования через программный интерфейс в решении
прикладных задач в смежных областях. Для соответствующих областей,
подготовлены практические рекомендации к использованию разработанных и
реализованных методов.
В области семантического веба, разработанные методы могут применяться в
задачах программного анализа данных и выявления семантики веб-документов.
В частности, семантическая кластеризация веб-документов позволяет
определять ресурсы, схожие по смыслу с заданным, не прибегая к текстовому
анализу содержимого. Кроме того, применение методов статистического
анализа текста к кластерам семантически близких документов помогает в задаче
выявления фактов и терминов. Отсутствие необходимости в непосредственном
анализе текстового содержимого веб-документов позволяет применять
разработанные методы в тех случаях, когда традиционные методы текстовой
кластеризации не применимы или имеют существенные сложности.
В разработке и проектировании веб-сайтов, разработанные модели и методы
могут применяться для решения задач реинжиниринга веб-сайта, реализации
рекомендательных механизмов, оптимизации логической структуры веб-сайта с
учетом поведения пользователей. Задача построения адаптивной навигации на
основе рекомендаций пользователю релевантных страниц является особенно
актуальной для большинства веб-сайтов концепции Web 2.0. Текущие варианты
ее решения основываются либо на методах текстовой кластеризации, либо на
ручном экспертном присвоении меток (тегов) кластеров конкретным вебдокументам и часто сталкиваются с ограничениями обоих подходов.
Применение семантической кластеризации на основе статистики переходов
пользователей не требует ни текстового анализа содержимого, ни ручной
разметки документов тегами.
Разработанные методы могут применяться также при решении задачи
семантической кластеризации при поиске веб-документов, встроенном в
функционал веб-сайта. В этом случае семантическая кластеризация позволит
сформировать кластеры близких по смыслу ресурсов, релевантных поисковому
запросу. При этом для самой кластеризации не потребуется текстовый анализ
всех веб-страниц, так как формирование будет производиться на основе
статистики посещений.




3. Основные результаты исследования
В результате проведенного исследования разработана математическая
модель семантической кластеризации гипертекстовой структуры, а также
методы кластеризации данной гипертекстовой структуры, использующие
статистику переходов и внутреннюю структуру гиперссылок.
Предложенная математическая модель гипертекстовой структуры имеет
расширенный набор свойств по сравнению с существующими моделями
(графовыми, автоматными). Данные свойства позволяют учитывать статистику
переходов между гипертекстовыми документами, а, следовательно, появляется
возможность применять новые методы семантической кластеризации,
основанные на статистике переходов. В то же время, модель не использует
текстовое содержание документов и может быть использована в тех случаях,
когда анализ текста затруднен или невозможен.
Разработанный метод кластеризации гипертекстовых документов основан на
использовании
статистики
переходов
между
документами
внутри
гипертекстовой структуры и не требует полнотекстовой индексации и
последующего поиска по индексу, что отличает от традиционных методов
текстовой кластеризации и повышает его эффективность. В отличие от методов,
построенных на анализе внешних гиперссылок, метод не требует наличия
существенной базы подобных гиперссылок и определения их тематики.
Предложен метод семантической кластеризации, в котором статистика
переходов используется для определения весов в алгоритмах графовой
кластеризации, что позволяет эффективно применять данные методы для
семантической кластеризации гипертекста.
На основе разработанных методов разработана программная система для
автоматизированного построения модели гипертекстовой структуры и
применения к ней разработанных методов кластеризации на основе статистики
переходов. Данная система может применяться как инструмент для решения
прикладных задач в областях проектирования, разработки и реинжиниринга
веб-сайтов, веб-аналитике, поиске и интеллектуальном анализе данных, в
задачах семантического веба.
В области семантического веба, результаты могут использоваться для
программного семантического анализа веб-документов, для выявления фактов в
кластере веб-страниц, установки семантических связей между ними. В вебразработке и проектировании, результаты исследования помогают эффективно
решать задачу построения адаптивной навигации, а также помогают при
реинжиниринге веб-сайта и оптимизации его логической структуры для
пользователей.
",_rus,"При этом чаще всего веб-документы анализируются как простые текстовые документы, а свойства самого гипертекста не используются, равно как и не используется статистика переходов в нем. Исходя из результатов проведенного анализа исследований в областях кластерного анализа, интеллектуального анализа данных, моделирования гипертекста, веб-аналитики и семантического веба, в данной статье предлагается использование статистики переходов в гипертекстовой структуре и разработка на данной основе моделей и методов семантической кластеризации данной структуры. В разработке и проектировании веб-сайтов, разработанные модели и методы могут применяться для решения задач реинжиниринга веб-сайта, реализации рекомендательных механизмов, оптимизации логической структуры веб-сайта с учетом поведения пользователей. Предложен метод семантической кластеризации, в котором статистика переходов используется для определения весов в алгоритмах графовой кластеризации, что позволяет эффективно применять данные методы для семантической кластеризации гипертекста.",Саратовский государственный технический университет им. Ю.А. Гагарина опубликовал исследования в области кластеризации гипертекстовых документов на основе дискретных математических моделей. Для решения этих задач наиболее просто применить методы непосредственного определения ключевых слов и понятий текста.
10,Tatur_IMS_2023,"Выявление скрытых закономерностей в реакции общества на бренд: анализ привлекательности названия 
методами машинного обучения
Е.М. Татур, Е.В. Клименко
1. Введение
Название бренда является одним из возможных способов привлечения внимания клиента к компании. Коммуникативная эффективность названия оказывает прямое влияние на возможность выхода торговой марки на рынок, а также успешность её продвижения. Наименование бренда представляет собой его базовый, наиболее константный атрибут, смена которого крайне нежелательна, так как порождает множество маркетинговых проблем. Маркетинговая значимость названия торговой марки объясняется большим количеством требований, предъявляемых к результату [1]. Имя бренда должно точно отображать заключенную в него идею и ценности компании, ясно выражать его конкурентные преимущества, а также положительно эмоционально ассоциироваться с объектом нейминга. В теории нейминга существуют различные алгоритмы разработки названия торговой марки.
2. Что такое нейминг?
Нейминг – процесс создания названия для компании, продукта, услуги, бренда или любого другого объекта. Он включает в себя анализ целевой аудитории, конкурентов, маркетинговых стратегий и т.д. Цель нейминга – создать уникальное, запоминающееся и привлекательное название, которое отражает суть объекта и привлекает внимание потенциальных клиентов [2]. Названия могут иметь эмоциональный и символический аспект. Нейминг также может вызывать определенные ассоциации, чувства и атмосферу. Например, название «Coca-Cola» может вызывать ассоциации с безалкогольными напитками и праздниками.
Лингвистическая природа нейминга также связана с грамматическими и синтаксическими аспектами языка. Названия могут создаваться с помощью различных морфологических и синтаксических процессов словообразования, таких как суффиксация, префиксация, композиция и т.д. Например, название «Photography» образовано путем добавления суффикса «-graphy» к слову «photo», а наименование «ReDesign» появилось путём присоединения префикса «-re» к слову «design».
Лингвистическая природа нейминга определяет разнообразие способов формирования неймов, включая следующие:
₋	вторичная номинация – создание нейма путем использования уже существующего слова;
₋	словообразовательная модель – создание нейма путем применения продуктивной словообразовательной модели;
₋	фонетическая модель – создание нейма путем изменения произношения или ударения известного слова;
₋	синтаксическая модель – создание нейма путем сочетания слов в определенной синтаксической структуре и т.д.
Таким образом, лингвистическая природа именования включает в себя изучение процессов создания имен, их семантики и символического значения, а также их функции в коммуникации.
Алгоритм разработки названия торговой марки может быть заметен при изучении структуры названия. Например, оно может содержать название сферы и местоположение компании или филиала, что говорит о прямом конструировании названия торговой марки. Подобные действия удлиняют название, что может влиять на его запоминаемость или благозвучие.
3. Процесс проведения исследования
В рамках исследования рассматриваются следующие алгоритмы: название, основанное на ключевых словах, связанных с брендом и его ценностями; поиск синонимов, ассоциаций и метафор для расширения ключевых слов; генераторы названий брендов. Также существуют возможности выбрать пустые название, выбранное лишь из принципа не нарушения авторских прав или торговых марок других компаний. Такие примеры рассматриваются отдельно на основе результатов исследования.
Для проведения данного исследования был собран эмпирический материал – названия брендов в количестве 910 с разделением их на сферы бизнеса – 70 брендов в каждой сфере. Разделение на сферы бизнеса сделано с выделением смежных сфер: кафе и рестораны, санатории, базы отдыха, отели и так далее (табл. 1). В ходе исследование сравниваются оценки в смежных сферах.
В рамках исследования наиболее подходящим методом тестирования была выбрана оценочная шкала, поскольку она предоставляла респондентам возможность выставить оценку по различным критериям, что в свою очередь помогало полно и всесторонне оценить названия брендов. Оценка производилась по конкретно заданным показателям, покрывающим основные характеристики, требующие анализа. Были выделены основные критерии, которые выбирались респондентами без зависимости между значениями: соответствие, запоминаемость, благозвучие, понятность, оригинальность, привлекательность, выразительность. Каждый из критериев отвечал за узнаваемость названия бренда. Так, например, соответствие позволяет человеку понять, к какой сфере бизнеса относится компания без дополнительной информации (логотип, слоган и другие). Также в ходе опросов были собраны информация о респондентах: возраст, пол, сфера деятельности.

Таблица 1. Соответствие каждой сфере смежных к ней сфер 
с учетом синонимичности и вида деятельности
№	Сфера бизнеса	Наличие смежной сферы
1	Косметология	Фармацевтика, Салоны красоты
2	Фармацевтика 	Косметология, Взрослые клиники
3	Рекламные агентства	Туристические агентства
4	Транспортные компании	-
5	Салоны красоты (парикмахерские)	Косметология
6	Санатории и базы отдыха	Отели
7	Рестораны	Кафе
8	Отели	Санатории и базы отдыха
9	Взрослые клиники	Фармацевтика 
10	Магазины одежды	-
11	Продуктовые магазины	Кафе, Рестораны
12	Туристические агентства	Рекламные агентства
13	Кафе	Рестораны

В процессе исследования использовалась оценочная шкала от «0» до «5», где «0» – несоответствие критерию, а «5» – полное соответствие критерию. В ходе исследования оценки объединялись в три группы специально для того, чтобы учесть погрешность. Оценки «0» и «1» относятся к первой группе, «2» и «3» ко второй и «4» и «5» к третьей. Важно отметить, что высокое соответствие оценок позволяет неймингу выполнять свою основную задачу отражения уникальных отличий, которые попадут в сознание потребителей и создадут нужные ассоциации в необходимые моменты. Поиск таких зависимостей позволит оценивать нейминги на соответствие задачам, которые перед маркетологами ставят компании. 
Для проверки принадлежности нейминга или его части к синонимам, ассоциациям и метафорам, связанными со сферой бизнеса, используются статические предсказывающие модели Word2Vec [3; 4; 5]. Далее сравниваются оценки неймингов и пути их создания в смежных сферах. В процессе работы дополнительно использовалась библиотека Gensim. Были разделены все части речи, удалены знаки препинания и стоп-слова. В таблице 2 представлено описание корпусов, на основе которых используются статические предсказывающие модели Word2Vec. В данном случае, под стоп-словами подразумеваются слова, которые использовались для стилизации названия или широкого обозначения местности. Под это обозначение в предложенном контексте попали части наименований, дублирующие названия сайтов компаний: www, ru, ру и так далее. Названия разбивались на части вручную, также сокращенные названия дополнялись. 
Таблица 2. Описание лингвистических корпусов
№	Постоянный идентификатор	Корпус	Размер корпуса
(слов)	Размерность вектора
Синонимы с помощью модели Word2Vec находились и внутри названий самих сфер. В таблице 1 представлены смежные сферы и синонимы. Стоит отметить, что некоторые сферы в дальнейшем можно разделить и изучить их оценки отдельно. Например, базы отдыха и санатории - учреждения этих сфер различаются в своей специфике, что влияет на целевую аудиторию. Санатории подразумевают длительный отдых под присмотром медицинского персонала, а базы отдыха могут использовать в более короткий срок и с иными целями. Также важно отметить, что смежные сферы у базы отдыха и санаториев различны.
Рис. 1. Сравнение средних значений соответствия оценок запоминаемость и благозвучие, соответствие и понятность, благозвучие и выразительность, соответствие и запоминаемость среди всех сфер, аптек, магазинов продуктов и магазинов одежды
4. Результаты исследования
Рассмотрим пример из раздела аптек: Башфармация заменяется в Башкортостанская фармация. В названиях, состоящих из нескольких слов, производился поиск ближайшего синонима сферы. В результате, слова с наличием близкого синонима всегда имели оценки по соответствию из 1 группы. Далее к группе синонимов требуется добавить ассоциации и метафоры, поскольку в неймингах часто используется не синонимичная близость, а культурные ассоциации или транслитерация синонимичных слов.
При дальнейшем рассмотрении соответствия значений оценок было выявлено, что для каждой сферы среднее значение двух параметров уникально. Эту тенденцию можно наблюдать на рисунке 1, представляющей соответствия различных оценок как в трех несвязанных сферах, так и среди всех представленных сфер. Рассмотрим среднее значение соответствия оценок запоминаемости и благозвучия после группировки в сферах «Аптеки», «Санатории» (в которые входят санатории и базы отдыха), и «Взрослые поликлиники». Ни одна из них не имеет значение выше среднего, а сфера аптек имеет наименьшее соответствие оценок запоминаемости и благозвучия.
Рис. 2. Сравнение средних значений соответствий оценок запоминаемость и благозвучие во всех сферах, в сфере аптеки, санатории и взрослые поликлиники
При изучении причин полученного факта было замечено, что сфера аптек имела наибольшее количество стоп-слов. Множество неймингов были составлены из сокращений, которые влияют на благозвучие названий. Среди трех сфер, представленных к сравнению, именно аптеки по среднему показателю имеют большую длину – 14,8 символов, так как некоторые состоят из соединения сокращений, обозначающих регион, в котором работает компания, и ассоциативных слов, связанных со сферой здравоохранения. Самые короткие названия из трех сфер у взрослых поликлиник - средняя длина 10, 1 символ.
При детальном рассмотрении на рисунке 2 соответствия высоких оценок запоминаемости и благозвучия, было замечено, что в сфере аптек несмотря на наименьший показатель соответствия двух оценок, большинство из них являются наивысшими, из чего следует зависимость этих показателей в данной сфере. Было также отмечено, что нейминги с соответствующими высокими оценками имеют всего два названия со стоп-словами, среднее значение длины меньше на 1,5 символа – 13,3 символов против 14,8 символов общей средней длины среди неймингов аптек. Среднее значение длины неймингов с высокими оценками в сферах взрослых поликлиник и санаториев ниже – 11,0 и 9,4 соответственно.
В сферах, связанных с питанием, – продуктовые магазины, рестораны и кафе, видна обратная зависимость – короткие нейминги чаще имеют высокие оценки запоминаемости и благозвучия. В сфере аптек замечено повышенное использование заимствованных слов из латыни – каждое 5 название содержит транслитерацию, а в сфере санаториев и баз отдыха ниже среднего наличие ближайшего синонима – 3 нейминга из 70. В сфере санаториев также используются синонимы к слову природа – 52 нейминга из 70. На примерах видно, что нейминги строятся не только на основе синонимов – используются разные алгоритмы создания названия бренда.
Также нейминги с высокими оценками запоминаемости и благозвучия были рассмотрены на наличие синонимов. В сферах взрослых поликлиник, аптек и санаториев 72,2% рассматриваемых неймингов имеют близкие синонимы в названиях. В сфере питания всего 16,8% рассматриваемых неймингов имеют близкие синонимы в названиях. 
Сфера продуктовых магазинов отличается от других сфер усредненными низкими показателями, которые демонстрируются на рисунке 2. Средняя длина нейминга магазинов продуктов наименьшая среди всех показателей – 7,8 символов. Среди неймингов с большинством оценок из 3 группы присутствуют лишь названия, состоящие из одного слова. По результатам опроса в сфере продуктовых магазинов большинство неймингов чаще имеют высокую оценку понятности и реже остальных имеют высокую оценку оригинальности.
5. Заключение
В результате эксперимента произведено сравнение значений оценки соответствия нейминга бренда и наличия синонимов в названии, также было проведено сравнение неймингов смежных сфер бизнеса. Рассмотрены основные алгоритмы составления неймингов, выявлены алгоритмы с низкой эффективностью по оценкам запоминаемости и соответствия. Замечено понижение оценок при удлинении названия бренда или внесении нескольких сокращений в сферах продажи продуктов, и повышение оценок при использовании ближайших синонимов в сферах здравоохранения и отдыха.
В дальнейших планах по развитию проекта – создание модели, проверяющей привлекательность и запоминаемость неймингов. Планируется увеличение размера корпуса с 910 слов минимум до 20 тысяч названий с выбранными оценками. Для создания модели также необходимо будет увеличить количество исследуемых сфер, расширить опросы, а также привлечь большее количество респондентов.
",2023,"Сравнение средних значений соответствия оценок запоминаемость и благозвучие, соответствие и понятность, благозвучие и выразительность, соответствие и запоминаемость среди всех сфер, аптек, магазинов продуктов и магазинов одежды 4. Рассмотрим среднее значение соответствия оценок запоминаемости и благозвучия после группировки в сферах «Аптеки», «Санатории» (в которые входят санатории и базы отдыха), и «Взрослые поликлиники». В сфере санаториев также используются синонимы к слову природа – 52 нейминга из 70.","Название бренда является одним из возможных способов привлечения внимания клиента к компании, а также может вызывать ассоциации, чувства и атмосферу. Название является базовым атрибутом маркетинга, который оказывает прямое влияние на возможность выхода торговой марки на рынок и успешность ее продвижения."
11,Vissio_IMS_2022,"Выделение русских заимствований в якутских текстах
Н. Кортегосо Виссио, В.П. Захаров
Введение
Якутский язык (эндоним Саха Тыла) — тюркский язык, на котором говорят около 450000 человек в Российской Федерации, большинство из которых проживают в Автономной Республике Саха (Якутия) в северо-восточной Сибири [1]. Он классифицируется как северо-восточный тюркский язык вместе с южносибирскими тюркскими языками, такими как тувинский, алтайский и хакасский.
Со времени присоединения якутов к Российскому государству в XVII веке якутский язык попал под влияние русского языка. С этого момента в лексический состав якутского языка вошло значительное количество элементов, заимствованных из русского. Такие авторы как Л.Н. Харитонов выясняют лингвистические и экстралингвистические причины, определяющие специфику функционирования и заимствований в разные периоды развития якутского языка [2]. 
В силу социальных и политических обстоятельств русский язык до сих пор является важным источником новых терминов и имен собственных в якутском языке.
Современный якутский пишется при помощи кириллического алфавита, который содержит все символы русского языка с добавлением 7 букв { ҕ, ҥ, һ, ө, ү, дь, нь }. Гласные { е, я, ю, ё}, согласные { в, г, ж, з, ф, ц, ш, щ } и твёрдый знак используются только в заимствованиях. Поскольку якутский алфавит является надмножеством русского алфавита, термины и имена русского происхождения могут быть представлены в якутских текстах без каких-либо изменений, однако часто они также претерпевают изменения, в частности, чтобы соответствовать якутской фонетике.
Согласно Н.М. Васильевой [3] при первичном введении лексического элемента в якутский язык его основа сохраняет исходное написание, но, закрепившись в языке, обычно претерпевает различные орфографические изменения. Например, к фонетике якутского языка адаптированы такие русские заимствования, как остуол «стол», куорат «город», бирикээс «приказ», сокуон «закон», норуот «народ», издавна широко употреблявшиеся в разговорной речи. Такие заимствования, до сих пор не разрешенные в разговорной речи, как, например, биисинэс «бизнес», сийиэс «съезд», эрэнгиэн «рентген», мусуой «музей» обычно встречаются в текстах как в русском, так и в якутском написании. К этой категории также относится имена собственные и некоторые географические названия, например, Дьоппуон «Япония», Эмиэрикэ «Америка», Уйбаныап «Иванов», Маарыйа «Мария» и т. д. Сохраняются в русской форме лексические элементы, представляющие общественно-политические, научно-технические понятия и не поддающиеся фонетическим нормам якутского языка, например: «архитектура», «неолит», «материализм» и т. д. [3, с. 166-167]. Васильева также отмечает, что «в географических наименованиях, в мужских фамилиях в форме полного прилагательного и в названиях городов на -ск в конце пишется -ай или -эй, например, Новай Гвинея, Охотскай муора, Пекарскай, Горькай, Курскай, Минскэй, а также в заимствованных прилагательных, фиксируемых в русской форме, окончания передаются через -ай, -эй: этиловай испиир, физическэй география» [3, с. 166-167].
В словарях закрепляются наиболее распространенные варианты, и, следовательно, правописание заимствований в большей степени диктуется их употреблением. Процессы, связанные с написанием русских заимствований, являются актуальной областью лексических исследований якутского языка. С целью обнаружения тенденций употребления заимствовании в текстах лексикографы просматривают огромное количество письменного материала.
В данной статье представлен метод разработки классификатора для автоматического выделения русских заимствований, сохранивших исходное написание. Классификатор может быть применен в рамках тех исследований, где требуется выявить русские заимствования, введенные в якутский язык. Следует отметить, что понятие «заимствование» понимается здесь в широком смысле, включая лексические единицы, являющиеся устойчивой частью лексики якутского языка, а также имена собственные и иноязычные номенклатуры.
Остальная часть статьи включает краткое описание основного подхода, используемого в области компьютерной лингвистики, в рамках которого можно сформулировать данную задачу. За этим следует описание сложностей создания классификатора с учетом доступных ресурсов и предлагается метод построения классификатора и оценка его производительности. Также отдельным разделом представлены результаты выделения заимствований, сохраняющих русскую орфографию, из газеты «Саха Сирэ».
1. Предыдущие работы
Задачу выделения русских заимствований в текстах якутского языка можно сформулировать в рамках автоматической идентификации языка (language identification) — хорошо изученного подхода в области автоматической обработки текста (АОТ). Автоматическая идентификация языка (LI) относится к проблеме определения языка, на котором написан документ или его часть. LI является ключевой частью многих процедур автоматической обработки текста, поскольку обычно необходимо определить язык исходного документа, прежде чем приступать к его дальнейшему анализу. LI применяется в основных областях АОТ, в частности, в машинном переводе, распознавании речи, в интеллектуальном анализе данных и т. д. С 1960-х гг. был разработан ряд компьютерных методов для определения используемого языка на основе правил.
В целом, LI может быть рассмотрена как задача классификации текста, то есть сопоставление документа с заранее определенным набором классов. Современные подходы к LI чаще всего используют статистические методы, которые фокусируются на распределении букв в текстах. Основная идея следующая: каждый язык имеет уникальные сочетания букв, по которым его можно идентифицировать. Это наблюдение можно формализовать с помощью модели N-грамм. N-граммы — это тип вероятностной модели для предсказания следующего элемента в последовательности N элементов. Применительно к буквам N-граммы описываются вероятностью встретить определенную букву с учетом появления перед ней N-1 других определенных букв. Например, в якутском языке употребление гласных подвергается закону гармонии гласных, по которому в рамках одной лексической единицы все гласные должны быть или только задними, или передними, то есть произнесены либо в задней, либо к передней части рта [2, с. 59]. Поскольку в русском языке нет этого ограничения, следует ожидать совершенно другого распределения гласных. Аналогичные закономерности есть и в распределении согласных.
Основная задача LI на основе N-грамм состоит в том, чтобы сгенерировать набор частотных профилей N-грамм для каждого языка, который необходимо идентифицировать. Это рассчитывается на основе корпуса. Требуется создать отдельный репрезентативный корпус для получения N-грамм профиля каждого языка. Затем для определения языка текстовой строки классификатор вычисляет вероятность ее N-грамм для каждого из языковых профилей и выбирает тот, который дает наибольшую вероятность. Более подробно тема рассмотрена в классической статье Canvar W., Trenkle J. [4].
2. Построение классификатора
Задача создания классификатора для отделения русских текстов от якутских является довольно простой. Объема оцифрованного материала на обоих языках более чем достаточно для обучения модели N-грамм. Однако построения классификатора, способного выделять заимствования, сохраняющие русское написание внутри якутских текстов, содержит некоторые специфические трудности, которые обсуждаются ниже.
2.1. Сложности при обучении моделей
Опираясь на то, что было описано в предыдущем разделе, классификатор русских заимствований требует двух профилей N-граммы: одного, моделирующего русские заимствования, которые не подвергались изменениям в соответствии с якутской фонологией, и другого, учитывающего обычные якутские звукосочетания. Получение этих профилей сопряжено с двумя проблемами. Во-первых, полагается, что якутские тексты содержат неизвестное количество русских заимствований. Наличие в них лексических единиц, сохраняющих русскую орфографию, могло внести шум в модель N-граммы. На момент исследования не были найдены текстовые источники, которые были бы современными и гарантировали отсутствие или хотя бы наличие минимального количества русизмов. Кроме того, отсутствуют данные, позволяющие приблизительно оценить наличие русских заимствований в текстах. Во-вторых, даже если набор якутских текстов был бы очищен от заимствований, остается проблема выбора текстового материала для обучения модели. Следует отметить, что заимствования в якутских текстах утрачивают грамматические особенности, которыми они обладают в русском языке, подчиняясь правилам аффиксации якутского языка. Это значит, что заимствования, сохраняющие русскую орфографию, могут встречаться с прикрепленным якутскими аффиксами. Например: Москваҕа «в Москве», космонавтар, «космонавты». Следовательно, тексты на русском языке не являются подходящим вариантом для обучения модели русских заимствований, так как они включают словоформы с русскими флексиями, которые они теряют в якутских текстах, заменяясь аффиксами.
2.2. Исследовательский корпус
Чтобы справиться с обеими проблемами было предложено обучить обе модели на якутских текстах, применяя метод, который поясняется ниже. В качестве текстового материала использовался корпус якутского языка из проекта «Leipzig Corpora Collection Dataset», предлагающего бесплатный онлайн-доступ к 939 корпусам для 292 языков, обогащенным статистической информацией [5]. Источником данного корпуса, который доступен в версиях 2010, 2011, 2014, 2016 и 2021 годов с разными объемами, является якутская Википедия. Для обучения был выбран корпус из 2021 года, самый большой, состоящий из 100000 предложений. 
Корпус был токенизирован, а токены агрегированы по частоте и отсортированы по убыванию. Также корпус был очищен, убирались те токены, которые содержали хотя бы один символ, отсутствующий в алфавите якутского. Таким образом были удалены знаки препинания, цифры и слова, составленные из символов других алфавитов. Также были отфильтрованы акронимы и словообразования, содержащие дефис. Все токены были преобразованы в нижний регистр. В итоге, после процесса обработки осталось 1103453 словоформы (108715 уникальных токенов).
2.3. Создание обучающих выборок
Оперируя правилами трансформации, которые проходят русские заимствования при адаптации к якутской фонетике, сформулированные Харитоновым [2, c. 59-83], был составлен фильтр для выделения тех лексических единиц, которые не подверглись описываемым ниже изменениям и, следовательно, содержат русское оригинальное написание:
—	в начале якутского слова не встречается более одного согласного. Если заимствование начинается с нескольких согласных, тогда перед или между ними вставляются гласные: стакан → ыстакаан, класс → кылаас;
—	в конце якутского слова не встречается более одного согласного. Исключением этого является сочетание сонорного согласного с глухим, причем сонорный всегда предшествует, например «рт» и «лт». Если заимствование оканчивается стечением согласных, тогда лишние согласные опускаются или вставляется гласный: спирт → испиир, морс → муорус;
—	в середине якутского слова не встречается более двух согласных рядом. Если заимствованное слово не соответствует этому правилу, то в нем производятся соответствующие фонетические изменения: качество → хаачыстыба;
—	в начале якутского слова никогда не встречаются согласные { ҕ, й, ҥ, p, ль }. Перед начальным «р» в русских заимствованиях вставляется гласный: рама → араама;
—	в конце якутского слова не встречаются { б, г, ҕ, д, дь, ль, нь, һ, ч }. В конце заимствований эти согласные заменяются другими: ключ → күлүүс.
В фильтр добавлено правило, упомянутое во введении статьи, касающееся буквенного состава заимствований:
—	гласные { е, я, ю, ё}, согласные { в, г, ж, з, ф, ц, ш, щ } и твёрдый знак используются только в лексических элементах, заимствованных из русского языка.
Таким образом, фильтр состоит из 6 правил, соблюдение которых проверяется во входных лексических единицах. Если наблюдается хотя бы одно из них, то фильтр классифицирует данный лексический элемент как заимствование.
Применив фильтр на множестве всех словоформ (словоупотреблений) и на множестве уникальных словоформ, мы получили результаты, показанные в табл. 1.
Таблица 1. Обучающие выборки
	Все словоупотребления	Уникальные словоформы	500 самых частых словоформ
Якутские словоформы	1012420 (92%)	77020 (71%)	498 (99,6%)
Русские заимствования	91033 (8%)	31695 (29%)	2 (0,4%)
Всего	1103453	108715	500
Когда фильтр применяется к уникальным словоформам, доля словоформ, классифицированных как заимствования, значительно увеличивается по отношению к общему количеству. Это понятно, если учесть, что среди 500 наиболее часто встречающихся словоформ (табл. 1, столбец 4) в корпусе встречаются только два заимствования, а именно «Россия» и «км» с рангами 228 и 274, соответственно.
В итоге получилось две обучающих выборки: одна со всеми словоупотреблениями, а другая только с уникальными словоформами.
2.4. Извлечение 3-грамм
Для обучения модели используются 3-граммы. Поскольку 3-граммы представляют собой группу из трех последовательных букв, они способны улавливать группы согласных, которые были описаны в третьем правиле фильтра в предыдущем разделе.
В процессе обучения модели на выборке с уникальными словоформами были извлечены 14262 различных 3-граммы. Из них 11857 3-грамм наблюдались в русских заимствованиях, а 6552 в якутских словоформах. В табл. 2 показаны абсолютные и относительные значения извлеченных 3-грамм.
Таблица 2. Извлеченные 3-граммы
	Количество	Покрытие всех 3-грамм
Из якутских словоформ	6552	45%
Из русских заимствований	11857	83%
Рис. 1. Извлеченные 3-граммы
Несмотря на тот факт, что в обучающей выборке с уникальными словоформами русские заимствования представляют 29% из всех словоформ, в них содержится почти вдвое больше 3-грамм. Это показывает, что состав букв в русских заимствованиях образует больше сочетаний, чем в якутских словоформах. Из 11857 извлеченных 3-грамм 4147 являются общими для двух подмножеств (см. рис. 1).
Рис. 2. Более информативные 3-граммы (все словоупотребления)
Рис. 3. Более информативные 3-граммы (уникальные словоформы)
Описанные выше данные справедливы для двух обучающих выборок, так как выборка, содержащая все словоупотребления, содержит те же самые 3-граммы, которые были выделены из выборки с уникальными словоформами. Однако, вероятности, присвоенные каждой из 3-грамм, будут разными для двух выборок.
Согласно Canvar W., Trenkle J. [4, p. 164] первые 300 N-грамм почти всегда тесно связаны с языком. Примерно с 300-го ранга профиль частоты N-грамм начинает отображать N-граммы, которые более специфичны для предмета документа, откуда был извлечены 3-граммы. 
На рис. 2 и 3 показаны распределения более информативных 3-грамм для каждой обучающей выборки, то есть, те 3-граммы, которые лучше отделяют русские заимствования от якутских словоформ. По оси абсцисс показаны вероятности для русских заимствований, а по оси ординат — для якутских словоформ. Из рис. 2 и 3 видно, что меняются не только значения вероятности), но и распределение 3-грамм.
3. Тестирование модели
Для проведения тестирования была составлена выборка из пары лексических элементов, которые обычно встречаются и в русском, и в якутском написании из статьи Васильевой [6]. В итоге получился список из 528 существительных без аффиксов. В табл. 3 показаны 9 примеров таких пар.
Таблица 3. Якутские-русские варианты написания
Якутский вариант написания	Русский вариант написания
остуол	стол
куорат	город
бирикээс	приказ
сокуон	закон
ачыкы	очки
киинэ	кино
тиэмэ	тема
аптамаат	автомат
биисинэс	бизнес
Чтобы установить базовый уровень, который модели 3-грамм будут способны превысить, к тестовой выборке был применен тот же фильтр, который был применен к корпусу Википедии при создания обучающей выборки. Полученные результаты представлены в табл. 4 и в виде матриц несоответствий на рис. 4, 5 и 6.
Фильтр достиг самой высокой точности: все заимствования, сохраняющие русскую орфографию, кроме одного, были классифицированы правильно. Фильтр ошибся при классификации мэдициинэ «медицина», потому что этот элемент включает букву «ц», что, согласно правилам, определенным в фильтре, должно встречаться только в русских заимствованиях, которые пока не претерпевали орфографические изменения. Васильева наблюдала это явление, при котором новые заимствования способствуют появлению ранее отсутствовавших звукосочетаний, которые не соответствуют якутским фонетическим нормам [6].
Рис. 4. Матрица несоответствия для фильтра
Рис. 5. Матрица несоответствия для фильтра 3-грамм (все словоупотребления)
Рис. 6. Матрица несоответствия для фильтра 3-грамм (уникальные)
Что касается полноты, то фильтр показал менее удачный результат (0.84) по сравнению с моделями 3-грамм (0.96 и 0.97). Это связано с тем, что фильтр не может идентифицировать заимствования с русским написанием, если они не показывают хотя бы одну из указанных в нем характеристик. Например, «карат», «космос», «купон», «нотариус», «пачка» и еще 38 заимствований ушли из поля зрения. Модели 3-грамм не имеют этого ограничения. Модель 3-грамм, обученная на выборке с уникальными словоформами, достигла более высокой точности на всех словоформах. Возможное объяснение более высокой производительности модели, обученной на выборке уникальных словоформ, может заключаться в том, что она уменьшает эффект 3-грамм, встречающихся в частотных словоформах. Как видно из рис. 7, наиболее частыми словами являются служебные слова, частицы, союзы, указательные и личные местоимения и т. д.
Рис. 7. 50 наиболее часто встречающихся словоформ в корпусе
С другой стороны, лексические элементы, встречающиеся с присоединенными к ним разными суффиксами, не собираются вместе (являются разными уникальными словоформами), поэтому их частота в выборке не уменьшается так резко, как таковая из служебных слов. К тому же, как было указано в разделе 3.3, русские заимствования не занимают первых позиций в частотном списке. Как показано на рис. 8, большинство из них являются уникальными.
Рис. 8. Кривая Ципфа по частоте русских заимствований в обучающей выборке
Поскольку модели 3-грамм была обучена на выборке, которая ранее была получена с применением фильтра, то эти модели можно рассматривать как преобразование эвристики фильтра в статистику. Правила из фильтра становятся менее детерминированными при преобразовании в вероятностные, а также начинают фиксировать некоторые закономерности, не указанные в фильтре.
Еще одно преимущество использования статистического подхода заключается в том, что вероятности 3-граммной модели можно комбинировать с другими вероятностями, например, с априорной вероятностью нахождения заимствования, сохраняющего русскую орфографию.
На рис. 9 показано, как истинные положительные и истинные отрицательные значения для модели 3-грамм, обученной на уникальных словоформах, меняются при изменении априорного значения от 0 до 1. Модель достигает наилучшей производительности, когда априорность установлена между 2 и 3. Повышение точности за пределами этой точки (истинно положительные) также увеличит количество истинно отрицательных результатов.
Рис. 9. Априорные значения
4. Тестирование на газетном тексте
Рассматривалась статья под названием «Арктика баайа норуот туһатыгар тахсыа дуо?» (Пойдет ли богатство Арктики на пользу народу?) из газеты «Саха Сирэ» №13 за 18. апреля 2020 г. с. 13. Саха Сирэ – это республиканская газета, публикуемая в Якутске и доступная в цифровом формате [7]. Эта статья была выбрана еще и потому, что она прямо в заголовке содержит два варианта заимствований, с которыми имеет дело текущий тест: фонетизированный вариант норуот «народ» и неизменяющееся русское написание «Артика». Если классификатор работает правильно, то «фонетизированное» заимствование норуот не должно быть выделено, Самое большое отличие от тестирования, описанного в предыдущих разделах, заключается в том, что здесь классификатор должен работать с разными частями речи и с грамматическими признаками, а не только с существительными без аффиксов.
Токенизация текста статьи проводилась по пробелам, что довольно хорошо работает для якутского языка. После устранения цифр и знаков препинания осталось 712 словоупотреблений (489 уникальных словоформ). На рис. 10 представлено распределение по частоте 60 наиболее частых словоформ в документе.
Рис. 10. Распространение словоформ в документе
Модель была обучена на выборке с уникальными словоформами, которая достигла лучших показателей чем выборка всех словоупотреблений. Классификатор выделил 90 русских заимствований в тексте (63 уникальных). 
В табл. 5 показан список обнаруженных заимствованных словоформ с указанием их частотности в тексте.
Таблица 5. Список агрегированных обнаруженных заимствованных слов 
mail (1), rianna789 (1), ru (1), абориген (1), арктика (1), арктикаҕа (2), атомнай (1), Валентин (1), гааска (1), Гаврил (1), геолог (1), геолога (3), геологическай (2), главсевморпуть (1), госком (1), госкомгеологияҕа (1), ГЭC (1), да (4), Дальстрой (2), Депутатскайга (2), Дмитриевич (3), Ефимов (1), империятын (1), инвестиция (1), инвестордар (2), Индигирзолото (2), Канадаҕа (1), корпоративнай (1), Куларзолото (1), кураторынан (1), м2 (1), Магадан (1), манна (1), Марианна (1), материальнай (2), металлургияҕа (1), миллиард (1), Николай (5), НКBД (1), онтон (5), протекционизм (1), регистрациялаах (1), ртуть (1), рудник (2), рудниктар (1), СГУ (1), социальнай (2), ССРС (1), стратегическай (2), субъекка (1), субъект (1), субъектарга (1), сырье (1), томпо (1), транснациональнай (1), Тыртыкова (1), фабрика (1), федеральнай (2), Цареградскай (1), Цветмет (1), экологическай (2), Юрий (1), Янзолото (1)
Четыре из них могут быть классифицированы как ложноположительные: гааска (газ), манна (здесь), онтон (также), да (союз «и») и томпо (выпуклый). Остальные можно считать классифицированными корректно.
ФИО, имена собственные и акронимы, содержащие чуждые якутским словоформам буквосочетания, выделяются как заимствования, так же и словоформы, написанные латиницей. 
Результаты показывают, что классификатор справляется с аффиксами, например, Арктика → Арктикаҕа (в Арктике), рудник → рудниктар (рудники). Так же и в том случае, когда прикрепление аффикса изменяет корень: субъект → субъекка. 
Таблица 6. Классификация обнаруженных заимствованных слов
Категория	Словоформы
географические места	Арктика, Арктикаҕа, Канадаҕа, Магадан
профессия	геолог, геолога, инвестордар, кураторынан
сфера труды	металлургияҕа, рудник, рудниктар, сырье, фабрика
научные или технические термины	геологическай, ртуть, экологическай, атомнай
политические или экономические термины	инвестиция, корпоративнай, миллиард, протекционизм, транснациональнай, федеральнай
аккронимы	ГЭC, м2, НКBД, СГУ, ССРС
ФИО	Валентин, Гаврил, Дмитриевич, Ефимов, Марианна, Николай, Тыртыкова, Цареградскай, Юрий
имена собственные	Главсевморпуть, Госкомгеологияҕа, Дальстрой, Депутатскайга, Индигирзолото, Куларзолото, Цветмет, Янзолото
другой алфавит	mail, rianna789, ru
другие	абориген, империятын, материальнай, социальнай, стратегическай, субъекка, субъект, субъектарга, регистрациялаах (имеющий регистрацию)
Что касается лексического значения найденных заимствований, сохраняющих русское написание, они соответствуют категориям Васильевой [3] (см. табл. 6).
Также в словоформах геологическай, экологическай, атомнай, корпоративнай и др. наблюдаются окончания -ай в прилагательных, которое было упомянуто Васильевой.
Остается проверить, как применение априорного значения может влиять на результаты. При использовании такой же априорной вероятности 0.25, которая была определена на рисунке 6 из раздела 4, классификатор выделяет 56 заимствований, то есть на 7 меньше. Отсутствуют: ru, ГЭС, да, м2, манна, онтон, СГУ. Два акронима утеряны, но также исчезают неправильно классифицированные местоимение манна и союз онтон.
Если учитывается количество найденных классификатором заимствований по отношению к общему количеству словоформ в документе, получается значение 0.13 (90 / 712). Используя значение 0.13 в качестве априорной вероятности, классификатор находит 54 заимствования и теряет следующие: ru, гааска, ГЭС, да, Канадаҕа, м2, манна, онтон, СГУ. Число ошибок уменьшается на единицу (гааска), но за счет потери заимствования Канадаҕа.
Если полнота приносится в жертву точности, то есть, при одновременном увеличении истинно положительных и ложно положительных результатов, то классификатор выделяет 67 заимствований. Новыми заимствованиями, которые были обнаружены в этом случае, являются: Алдан (город), илин (предлог «перед»), Индигиир (название река «Индигиирка»), кини (местоимение третьего лица), онно (нареч. «там; туда»), онон (союз, «поэтому; потому что»), сотон (глагол, «вытирать»), сурьма, хостонор (глагол, «добывается»). В этом случае верное заимствование сурьма выявляется ценой 8 неверных.
Заключение и дальнейшая работа
В статье представлены первые результаты эксперимента по разработке и оценке классификатора для автоматического выделения русских заимствований, сохранивших исходную орфографию в якутском языке. Был предложен метод обучения на основе 3-грамм с использованием доступных ресурсов. Результаты оказались положительными, хотя их не следует обобщать до тех пор, пока не будут проведены дополнительные эксперименты. Как и в любой другой задаче машинного обучения с учителем, производительность модели сильно зависит от обучающих данных. По мере появления более надежных обучающих данных может быть реализован более надежный подход. Код классификатора и обученные данные доступны по ссылке [8]. Нынешний классификатор может служить «металлоискателем» в лексических исследованиях. Он не гарантирует нахождения чего-то абсолютно верного, но может дать ориентир, «где копать».
К недостаткам принятого подхода можно отнести метод отбора русских заимствований, использованный при составлении обучающей выборки. Этот метод делает сильное предположение, что любая словоформа, не соответствующая правилам фильтра, является русским заимствованием. К тому же правила фильтрации могут быть пересмотрены и расширены, чтобы переобучить модели 3-грамм.",2022,"Основная задача LI на основе N-грамм состоит в том, чтобы сгенерировать набор частотных профилей N-грамм для каждого языка, который необходимо идентифицировать. В процессе обучения модели на выборке с уникальными словоформами были извлечены 14262 различных 3-граммы. Извлеченные 3-граммы Количество	Покрытие всех 3-грамм Из якутских словоформ	6552	45% Из русских заимствований	11857	83% Рис. 1.","Введение русских заимствований в якутских текстах — одна из основных источников новых терминов и имен собственных в якутском языке. Однако, по мнению авторов, русский язык до сих пор является важным источником новых имен собственных."
