,names,texts,years,annotations_sumy,annotations_t5
0,paper_0,"133
133
ISSN 2500-4255Всероссийский криминологический журнал. 2021. Т. 15, № 1. C. 133–143
Russian Journal of Criminology, 2021, vol. 15, no. 1, pp. 133–143УДК  342.56
DOI 10.17150/2500-4255.2021.15(1).133-143
ДЕТСКАЯ ПОРНОГРАФИЯ В СЕТИ ИНТЕРНЕТ: СОСТОЯНИЕ ПРОБЛЕМЫ  
И МИРОВЫЕ ТЕНДЕНЦИИ ПРОТИВОДЕЙСТВИЯ ЕЙ
И.В. Павленко, В.С. Егорова
Национальный технический университет Украины «Киевский политехнический институт  
имени Игоря Сикорского», г. Киев, Украина
Информация о статье
Дата поступления
31 октября 2019 г.
Дата принятия в печать
19 февраля 2021 г.
Дата онлайн-размещения
9 марта 2021 г.
Ключевые слова
Детская порнография; сексуальное 
насилие над детьми; преступление; 
Интернет; защита; противодействиеАннотация. В статье предложен к рассмотрению вопрос о распространении 
детской порнографии в сети Интернет. Авторами проанализировано состояние 
этого явления в современном мире. Констатирована масштабность таких пре -
ступлений по количеству и их универсальность по территориальному признаку. 
В то же время установлено, что на сегодняшний день криминология не распо -
лагает специальными научными методиками отслеживания киберпреступности 
в целом и детской порнографии в сети Интернет в частности. Отмечено отста -
вание науки от стремительного развития информационно-телекоммуникацион -
ных технологий и неразвитость именно такого рода криминологических науч -
ных разработок. Применяя компаративистский метод научного исследования, 
авторы показали состояние национальных законодательств в части кримина -
лизации такого деяния, как распространение детской порнографии с помощью 
сети Интернет. Установлено, что перед национальными законодательствами 
стоят различные задачи по противодействию распространению детской порно -
графии в сети Интернет — от криминализации этого явления до совершенство -
вания технических средств противодействия ему. Сделано предположение, что 
такое расхождение в задачах связано с социально-экономическим и технологи -
ческим уровнем развития того или иного государства. Использование метода 
системного анализа позволило выделить основные тенденции в противодей -
ствии рассматриваемому явлению. Одна из них — отказ в нормативных доку -
ментах от понятия «детская порнография» в пользу термина «сексуальное наси -
лие над детьми». Насилие — это конструктивный признак детской порнографии. 
Авторами обоснована резонность такого отказа. Описаны методы противодей -
ствия распространению детской порнографии в сети Интернет, применяемые в 
различных странах. Предложена их условная классификация на нормативные, 
организационные и технические. Отмечено, что немаловажную роль в противо -
действии распространению детской порнографии в сети Интернет играют не -
правительственные международные организации. Определены актуальные 
перспективы международного сотрудничества в борьбе с сексуальной эксплу -
атацией детей, основной из которых выступает активизация взаимодействия 
между государствами, в том числе под эгидой международных организаций.
ONLINE CHILD PORNOGRAPHY: PROBLEM OVERVIEW  
AND GLOBAL TRENDS IN COUNTERACTION
Irina V. Pavlenko, Valentina S. Egorova
National Technical University of Ukraine «Igor Sikorsky Kiev Polytechnic Institute », Kiev, Ukraine© Павленко И.В., Егорова В.С., 2021Article info
Received
2019 October 31
Accepted
2021 February 19
Available online
2021 March 9
Keywords
Child pornography; child sexual 
abuse; crime; Internet; protection; 
counteractionAbstract. The authors discuss the online dissemination of child pornography. The  
authors analyze this phenomenon in the contemporary world and state that such 
crimes are large-scale and occur on all territories. At the same time, the authors claim 
that modern criminology does not have any special research methods of monito ring 
cyber-crimes in general, or online child pornography specifically. They note that re -
search cannot keep up with the rapid pace of information and telecommunication 
technologies' progress and that criminological research in this sphere is lagging be -
hind. Applying the comparative method, the authors studied the criminalization of 
the online dissemination of child pornography in national legislations of different 
countries. It is stated that national legislations contain various tasks of counteract -
ing the spread of online child pornography, ranging from the criminalization of this 
phenomenon to the improvement of the technical means of countering it. It is sug -
gested that such a divergence of tasks is connected with the social, economic and 
134
134
ISSN 2500-4255Всероссийский криминологический журнал. 2021. Т. 15, № 1. C. 133–143
Russian Journal of Criminology, 2021, vol. 15, no. 1, pp. 133–143technological development of different countries. The use of systemic analysis made 
it possible to specify key trends in counteracting the analyzed phenomenon. One of 
them is the replacement of the term «child pornography» in normative documents by 
the term «sexual violence against children». Violence is a constructive feature of child 
pornography. The authors explain he grounds for such a replacement. They describe 
the methods of counteracting the spread of online child pornography used in diffe-
rent countries, and suggest conditionally dividing them into normative, organizational 
and technical ones. It is noted that NGOs and international organizations play a sig -
nificant role in countering the dissemination of online child pornography. The authors 
outline the most relevant prospects of international cooperation in countering the 
sexual exploitation of children, the key of which is more active interaction between 
states, inclu ding interaction under the auspices of international organizations.
Защита детей в онлайновой среде — это 
глобальная проблема,
поэтому требуется ее глобальное решение.
Доктор Хамадун И. Туре,
генеральный секретарь  
Международного союза электросвязи
Состояние проблемы
В условиях стремительного развития ин -
формационных технологий вопрос сексуальной 
эксплуатации детей в целом и распространения 
порнографических изображений несовершенно -
летних в Интернете в частности приобрел масшта -
бы глобальной проблемы. Она затрагивает каждое 
государство, общество и отдельно взятых лиц. Как 
справедливо отмечает А.Л. Осипенко, если рань -
ше детскую порнографию можно было получить 
с большим риском только в специальных клубах, 
то сегодня это можно сделать анонимно с помо -
щью Интернета [1, с. 110]. На наш взгляд, не будет 
преувеличением назвать масштабное распростра -
нение порнографии явлением XXI столетия, ведь 
она заполонила современный мир. Ею пропитаны 
реклама, мода, фильмы, музыка, пресса, телеви -
дение и видеоигры. Ее можно просматривать с по -
мощью смартфонов, мобильных устройств и т.п. на 
различных веб-сайтах, в том числе и в социальных 
сетях. Кажется, она стала привычным явлением в 
обществе. Еще никогда за всю историю человече -
ства порнография не была такой распространен -
ной и популярной, как сегодня [2, с. 173].
Сама природа сети Интернет является благо -
приятной для совершения преступлений. Такие 
ее свойства, как глобальность, трансграничность, 
анонимность пользователей, охват широкой  
аудитории, распределение основных узлов сети 
и их взаимозаменяемость обеспечивают преступ -
никам, использующим Интернет, преимущества 
на всех этапах совершения ими преступления, а 
также позволяют им эффективно скрываться от 
правоохранительных органов [3, с. 8].Для понимания масштабов обозначенной 
проблемы следует обратиться прежде всего к 
статистике. Однако отметим, что подобных ис -
следований в рамках Организации Объединен -
ных Наций, к сожалению, не проводилось. Тем 
не менее этот вопрос находится в поле зрения 
данного международного института. На XII Кон -
грессе ООН по предупреждению преступности и 
уголовному правосудию (Сальвадор, Бразилия, 
12–19 апреля 2010 г.) был принят рабочий до -
кумент «Последние тенденции в использовании 
научно-технических достижений правонаруши -
телями и компетентными органами, ведущими 
борьбу с преступностью, в том числе примени -
тельно к киберпреступности». В нем обобщены 
проблемы, вызываемые киберпреступностью, 
одной из которых является неясность ее мас -
штабов. В частности, в документе подчерки -
вается, что трудности, связанные со статисти -
ческими выкладками, зачастую обусловлены 
неоднократным цитированием ненадежной 
или не поддающейся проверке информации. В 
качестве одного из примеров можно привести 
статистические данные о коммерческих аспек -
тах распространения детской порнографии в 
Интернете. Так, в нескольких аналитических 
обзорах упоминалось, что ежегодный общеми -
ровой доход от распространения детской пор -
нографии в Сети составляет 2,5 млрд дол. США. 
Однако источник, откуда были позаимствованы 
эти данные (www.toptenreviews.com), не содер -
жит никакой информации о методах исследова -
ния, на котором она основана1. В другом случае 
журналист «Уолл-стрит джорнал», решивший в 
1 Текст на веб-сайте данной компании («Здесь Вы 
найдете всю информацию, нужную Вам, чтобы делать 
покупки с умом. Мы рекомендуем лучший товар в каж -
дой из категорий. Наши сравнительные таблицы, ново -
сти, обзоры и видеоматериалы облегчают покупателям 
правильный выбор») заставляет серьезно усомниться в 
надежности приводимых ею сведений.
135
135
ISSN 2500-4255Всероссийский криминологический журнал. 2021. Т. 15, № 1. C. 133–143
Russian Journal of Criminology, 2021, vol. 15, no. 1, pp. 133–1432006 г. проверить утверждение о том, что бизнес 
на детской порнографии приносит 20 млрд дол. 
США в год, обнаружил, что два основных доку -
мента, в которых назывались суммы таких до -
ходов в диапазоне от 3 до 20 млрд дол. США, со -
держат ссылки на учреждения, где эти данные 
подтвердить не смогли2. 
Таким образом, статистика доходов от рас -
пространения детской порнографии приводится 
множеством различных организаций, фондов 
и пр., но ее надежность остается под вопро -
сом. Вместе с тем касательно объемов детской 
порнографии, которую можно отследить с по -
мощью компьютерных технологий, ООН ссы -
лается на данные, приводимые Internet Watch 
Foundation (IWF) как проверенным источником 
(это международная организация, которая за -
нимается ликвидацией в Сети изображений и 
видеороликов со сценами сексуального наси -
лия над детьми).
Согласно последнему отчету IWF, в 2018 г. 
работники фонда провели работу над удале -
нием 105 047 веб-страниц, которые содержали 
изображения или видеоролики со сценами сек -
суального насилия над детьми. За последние 
пять лет это абсолютный рекорд (табл. 1).
Таблица 1 / Table 1
Количество удаленных с 2014 по 2018 г. веб-
страниц с материалами, содержащими сцены 
сексуального насилия над детьми*
Number of web pages with child sexual abuse 
content deleted in 2014–2018
2014 2015 2016 2017 2018
31 266 68 092 57 335 78 589 105 047
* Составлена по данным: Annual Report 2018 // 
IWF. 2018. URL: https://www.iwf.org.uk/sites/default/
files/%20reports/201904/Once%20upon%20a%20
year%20%20IWF%20Annual%20Report%202018.
Исходя из идентифицированных изображе -
ний, содержавших сцены сексуального насилия 
над детьми, аналитиками IWF было проведено 
ранжирование жертв такого насилия в зависи -
мости от пола: в подавляющем большинстве 
случаев это девочки  — 78 %, 17 % жертв состав -
2 Последние тенденции в использовании научно-
технических достижений правонарушителями и ком -
петентными органами, ведущими борьбу с преступно -
стью, в том числе применительно к киберпреступности : 
рабочий док. XII Конгр. ООН по предупреждению пре -
ступности и уголов. правосудию. A/CONF.213/9. URL: 
https://www.un.org/ru/conf/crimecongress2010/docu -
ments.shtml.ляли мальчики, в 4 % случаев это были предста -
вители обоих полов, в 1 % случаев пол ребенка 
установить не удалось.
Также специалисты IWF выделили геогра -
фические локации, откуда в сеть Интернет за -
гружался контент со сценами сексуального на -
силия над детьми (табл. 2). По странам общая 
картина представлена в табл. 3.
Таблица 2 / Table 2
География загрузки в Интернет контента  
со сценами сексуального насилия над детьми* 
Geographic distribution for uploading child 
sexual abuse content online
Часть света, откуда был  
загружен контент / 
Continent from which 
content was uploadedКоличество загружен -
ных веб-страниц (%) / 
Number of uploaded 
web-pages (%)
Европа (включая Россию и 
Турцию)82 803 (79)
Северная Америка 16 986 (16)
Азия 4 961 (5)
Африка 1 (< 1)
Южная Америка 28 (< 1)
Австралия и Тихоокеанский 
регион183 (< 1)
Скрытые сервисы 85 (< 1)
Всего 105 047
* Составлена по данным: Annual Report 2018 // IWF. 
2018. URL: https://www.iwf.org.uk/sites/default/files/%20
reports/201904/Once%20upon%20a%20year%20%20
IWF%20Annual%20Report%202018.
Таблица 3 / Table 3
Топ-5 стран, откуда был загружен контент  
со сценами сексуального насилия над детьми*
Top-5 countries for uploading child  
sexual abuse content
Страна / CountryДоля выявленного и 
удаленного контента, % / 
Share of identified and 
deleted content, %
Нидерланды 47
США 12
Российская Федерация 11
Словакия 11
Франция 6
* Составлена по данным: Annual Report 2018 // IWF. 
2018. URL: https://www.iwf.org.uk/sites/default/files/%20
reports/201904/Once%20upon%20a%20year%20%20
IWF%20Annual%20Report%202018.
Вне сомнения, приведенные сведения ука -
зывают на масштаб проблемы и говорят об ее 
актуальности, причем данная проблема касает -
136
136
ISSN 2500-4255Всероссийский криминологический журнал. 2021. Т. 15, № 1. C. 133–143
Russian Journal of Criminology, 2021, vol. 15, no. 1, pp. 133–143ся не отдельно взятых государств, а мирового 
сообщества в целом.
Следует отметить, что за последние де -
сятилетия на международном уровне был 
принят ряд документов, направленных на 
противодействие киберпреступности в це -
лом и отдельным ее видам, в том числе рас -
пространению детской порнографии в сети 
Интернет. Так, в 2000 г. ООН приняла Фа -
культативный протокол к Конвенции о пра -
вах ребенка относительно торговли детьми, 
детской проституции и детской порнографии 
(на октябрь 2019 г. документ ратифицирова -
ли 176 государств)3. В этом документе среди 
прочего впервые сформулировано понятие 
детской порнографии. 
На региональном уровне, в частности в 
рамках Совета Европы, в 2001 г. была принята 
Конвенция о киберпреступности (далее — Кон -
венция). Ее положения касаются  полномочий, 
достаточных для эффективной борьбы с престу -
плениями в сфере информационно-телекомму -
никационных технологий как на внутригосудар -
ственном, так и на международном уровне, а 
также заключения договоренностей о между -
народном сотрудничестве. Согласно указанной 
Конвенции, сотрудничество сторон в рамках 
расследования или преследования уголовных 
правонарушений, связанных с компьютерными 
системами и данными, сбором доказательств 
в электронной форме и т.п., регламентируется 
соответствующими международными доку -
ментами о международном сотрудничестве в 
уголовных вопросах, соглашениями, заключен -
ными на основе единого или взаимного зако -
нодательства, а также внутригосударственного 
законодательства. Помимо процессуальных 
аспектов Конвенция содержит ряд рекомен -
даций к пониманию отдельных терминов в 
области материального уголовного права: не -
законный доступ; нелегальный перехват; вме -
шательство в данные; вмешательство в систе -
му; злоупотребление устройствами; подделка, 
связанная с компьютерами; мошенничество, 
связанное с компьютерами; правонарушения, 
связанные с детской порнографией; право -
нарушения, связанные с нарушением автор -
3 Optional Protocol to the Convention on the Rights 
of the Child on the Sale of Children, Child Prostitution 
and Child Pornography // United Nation. New York, 
2000. 25 May. URL: https://treaties.un.org/Pages/View -
Details.aspx?src=TREATY&mtdsg_no=IV-11-c&chapter 
=4&clang=_en.ских и смежных прав4. Нельзя не согласиться с  
Н.В. Лесько, которая отмечает, что «Конвенцию 
о киберпреступности можно считать первой се -
рьезной попыткой наведения порядка в Интер -
нете» [4, с. 117].
Безусловной предпосылкой борьбы с дет -
ской порнографией, в том числе с ее распро -
странением в сети Интернет, выступает опреде -
ление этого понятия и установление уголовной 
ответственности за подобные деяния в нацио -
нальных законодательствах. В этой связи сле -
дует отметить, что, несмотря на ратификацию 
176 государствами вышеупомянутого Факульта -
тивного протокола к Конвенции о правах ребен -
ка относительно торговли детьми, детской про -
ституции и детской порнографии, состояние дел 
в сфере противодействия распространению дет -
ской порнографии в большинстве стран остает -
ся неудовлетворительным. Так, согласно отчету, 
проведенному International Centre for Missing & 
Exploited Children (ICMEC) в 2016 г., из 196 стран 
мира только 82 имеют законодательство, до -
статочное для борьбы с детской порнографией5. 
Для констатации этого факта ICMEC разработал 
определенные критерии достаточности такого 
законодательства. Их всего шесть:
– признание детской порнографии как 
проблемы; 
– наличие определения детской порно -
графии;
– криминализация преступлений, совер -
шенных с помощью информационно-телеком -
муникационных технологий;
– криминализация деяний, связанных с 
изображениями и видеороликами, содержащи -
ми детскую порнографию, независимо от того, 
распространялись такие материалы или нет;
– требования к интернет-провайдерам со -
общать о предполагаемых случаях распростра -
нения детской порнографии уполномоченным 
органам;
– требования от интернет-провайдеров о 
разработке и внедрении положений о сохране -
нии данных.
Нормативные определения детской порно -
графии различаются в разных странах. При опи -
сании этого уголовного деяния одним из ключе -
4 Convention on Cybercrime // Council of Europe. 
2001. 23 Nov. URL: https://www.coe.int/ru/web/conven -
tions/full-list/-/conventions/treaty/185.
5 Child Pornography: Model Legislation & Global Re -
view 2016. URL: https://indd.adobe.com/view/bdb05055-
1c51-433f-a77c-4119d308de76.
137
137
ISSN 2500-4255Всероссийский криминологический журнал. 2021. Т. 15, № 1. C. 133–143
Russian Journal of Criminology, 2021, vol. 15, no. 1, pp. 133–143вых элементов является определение природы 
изображений: какие из них можно считать пре -
ступными, где граница между разрешенным 
изображением и тем, которое считается неза -
конным.  С одной стороны, аудиоматериал не 
подпадает под определение детской порногра -
фии, поскольку последняя обязательно предпо -
лагает визуальные образы. С другой стороны, 
простые изображения с обнаженными детьми 
также не считаются детской порнографией, по -
скольку должно быть соблюдено требование, 
чтобы изображения представляли несовершен -
нолетних, участвующих в реальном или смо -
делированном сексуальном поведении, или 
показывали половые органы ребенка для удов -
летворения сексуальных целей [5, р. 218–219].
В этой связи следует отметить, что законо -
дательство только 11 стран соответствует всем 
разработанным ICMEC критериям, законода -
тельство 71-й страны — четырем критериям (его 
можно определить как достаточное), 79 стран 
имеют некоторые законы (законодательство не -
достаточное), а в 35 странах вообще нет законов 
в области противодействия распространению 
детской порнографии. Разработав эти критерии, 
ICMEC создал ориентиры, на которые странам 
следует опираться, принимая законы о борьбе 
с детской порнографией. 
Тем не менее ICMEC все же констатирует, 
что за последние десять лет законодательства 
разных стран в сфере противодействия детской 
порнографии демонстрируют хоть и медлен -
ный, но устойчивый прогресс.
Стремительное развитие информационно-
телекоммуникационных технологий поставило 
еще один важный вопрос виктимологического 
толка. Речь идет о технологиях, с помощью ко -
торых может создаваться в том числе и так назы -
ваемая виртуальная детская порнография. Это 
технология создания фото- и видеоизображений 
людей без использования их реальных образов, 
т.е. комбинация миллионов компьютерных пик -
селей, созданных опытным художником. Вторая 
технология именуется морфингом — это когда 
фото- или видеоизображение реального чело -
века может быть изменено путем заполнения 
пробелов между различными объектами для 
получения комбинированного изображения [6, 
р. 1; 7, р. 175]. В связи с этим возникает вопрос о 
том, реальными или виртуальными в таком слу -
чае будут жертвы и, соответственно, можно ли 
считать это порнографией с точки зрения уголов -
ного права. Стоит согласиться с I. O’Donnell в том, что как только национальные законодательные 
органы начали всерьез воспринимать вред, при -
чиняемый журналами и видео с детской пор -
нографией, и реализовывать соответствующие 
меры по противодействию ее распространению, 
на сцену вышел Интернет. Цифровой век создал 
потенциал для злоупотреблений в доселе нево -
образимых масштабах [8, р. 5].
Социальная обусловленность криминализации 
детской порнографии и особенности  
дефиниции данного понятия
Исследователи в области противодействия 
детской порнографии четко разграничивают так 
называемую взрослую и детскую порнографию. 
Так, в большинстве штатов США, а также в не -
которых европейских странах (Испания, Герма -
ния) взрослая порнография является законной. 
По данным P. Lehman, просмотр порногра -
фии — наиболее популярное занятие в Интер -
нете для американских мужчин в возрасте от 18 
до 34 лет. Порнографические сайты на 50 % по -
пулярнее музыкальных или eBay и в 4 раза по -
пулярнее сайтов по оказанию туристических ус -
луг, таких как бронирование гостиниц и покупка 
авиабилетов [9, с. 32]. 
Легальность взрослой порнографической 
продукции рассматривается прежде всего как 
выражение права на свободу слова и печати, т.е. 
ее производство и распространение могут огра -
ничиваться, но не запрещаться. В США считает -
ся, что взрослая порнография не есть предмет 
защиты и охраны в соответствии с Первой по -
правкой к Конституции США. Для определения 
того, что является, а что не является порногра -
фией, применяется так называемый тест Мил -
лера, согласно которому произведение может 
быть признано порнографическим, если оно от -
кровенно пропагандирует интерес к сексу для 
среднестатистического человека по современ -
ным общественным стандартам, содержит изо -
бражения сексуального акта в оскорбительной 
манере и не имеет серьезной политической, ху -
дожественной или научной ценности. В против -
ном случае порнография может быть допущена 
в ограниченный оборот. В частности, в спорных 
случаях произведение может быть изготовлено 
в двух версиях: более мягкой для кинотеатров и 
более жесткой на видео [10, с. 76].
При этом общественная польза от легаль -
ности и широкой доступности взрослой пор -
нографии отдельными авторами ставится под 
сомнение. Так, C. Itzin в своем исследовании 
138
138
ISSN 2500-4255Всероссийский криминологический журнал. 2021. Т. 15, № 1. C. 133–143
Russian Journal of Criminology, 2021, vol. 15, no. 1, pp. 133–143отмечает, что «порнография сама по себе есть 
инструмент причинно-следственной связи в эти -
ологии сексуальных преступлений» [11, р. 40]. В 
свою очередь, K.V. Lanning не так категоричен и 
предполагает, что порнографические изображе -
ния играют важную роль в сексуальной фанта -
зии и используются для целей возбуждения [12, 
р. 28]. Тем не менее, несмотря на научные дис -
куссии по этому поводу, факт остается фактом: 
в одних странах она разрешена, в других запре -
щена. И не существует унифицированного под -
хода к этому вопросу.
Иначе обстоит ситуация с детской порно -
графией. В подавляющем большинстве стран 
установлена уголовная ответственность за ее 
производство, хранение и распространение. На 
повестке дня стоит вопрос не о криминализации 
детской порнографии, а о разработке и (или) усо -
вершенствовании законодательства, которое бы 
эффективно противодействовало данному явле -
нию в сети Интернет. В этой связи западными ис -
следователями ставится вопрос об осторожном 
использовании отдельных терминов. В отличие 
от взрослой порнографии, которая предполага -
ет «согласованность» сексуальной активности 
между взрослыми, в контексте детей не может 
быть и речи о согласии, а следовательно, и об 
использовании слова «порнография» [13, р. 67].
Согласно словарю С.И. Ожегова, под пор -
нографией следует понимать крайнюю натура -
листичность и цинизм в изображении половых 
отношений [14]. Сексологическая энциклопедия 
дает определение порнографии как непристой -
ного, вульгарно натуралистического изображе -
ния или словесного описания полового акта, 
имеющего целью сексуальное возбуждение6. 
Обращаясь к уголовно-правовым научным раз -
работкам, посвященным этому явлению, выде -
лим следующие. Н.И. Коржанский определяет 
порнографию как «предметы (произведения, 
рисунки, фотографии, видео-, кинопродукция и 
пр.), в которых грубо, натуралистично и цинично 
изображается половой акт» [15, с. 394]. М.В. Гу-
сарова определяет порнографию как «деталь -
ную демонстрацию половых органов или по -
лового акта, умышленно созданную с целью 
производства сильного полового возбуждения, 
не обладающую при этом культурной, научной 
и исторической ценностью и являющуюся по 
своей сути оскорбительной для общественной 
нравственности» [16, с. 88]. Примечательно то, 
6 Сексологическая энциклопедия. URL: https://dic.
academic.ru/dic.nsf/seksolog/167.что западные исследователи, давая опреде -
ление рассматриваемому явлению, не делают 
акцент на таких признаках, как непристойность 
или цинизм. Так, Р. Крукс и К. Баур указывают, 
что порнография — это визуальные и письмен -
ные материалы сексуального характера, ис -
пользуемые для сексуального возбуждения [17, 
с. 458]. По мнению Г.Ф. Келли, порнография — 
это «фотографии, фильмы или литература, 
предназначенные для сексуального возбужде -
ния, характеризующиеся откровенным изобра -
жением сексуального действия» [18, с. 645].
Таким образом, несмотря на различные 
акценты при определении термина «порногра -
фия», все же можно выделить общие ее призна -
ки: это натуралистичность изображения и цель 
сексуального возбуждения. Половая неприкос -
новенность (в отличие от половой свободы), но -
сителями которой по общему правилу являются 
дети, сама по себе исключает сексуальное воз -
буждение (речь идет не о физиологии, а о диа -
лектическом толковании юридического терми -
на). Именно поэтому мы разделяем мнение, что 
термин «порнография» правильно применять 
к фото- и видеоматериалам, где изображены 
взрослые, участвующие в половых актах, их ими -
тации, доступным широкой общественности для 
получения сексуального удовольствия. Наряду с 
этим сексуальное насилие над детьми, приме -
няемое при создании изображений и видео, как 
тяжкое  преступление требует серьезного опре -
деления и не может сводиться к дефинициям 
вроде «детское порно» или «порнушка с деть -
ми». Зачастую подобными понятиями опериру -
ют преступники. Кроме того, соединение слов 
«порно» и «дети» характеризуется явно цинич -
но-пренебрежительной смысловой нагрузкой, 
поэтому вполне резонно ставится вопрос о том, 
чтобы в официальных текстах, законодательстве, 
в деятельности правоохранительных и судебных 
органов, средств массовой информации и, нако -
нец, гражданском обществе в целом отказаться 
от терминологии «детская порнография». 
Эти и прочие аргументы послужили предпо -
сылкой принятия в 2016 г. Люксембургских руко -
водящих принципов (The Luxembourg Guidelines). 
Данный документ стал плодом сотрудничества 
18 авторитетных международных организаций, 
таких как Секретариат Совета Европы, Европол, 
Детский фонд ООН, Африканская комиссия по 
правам и здоровью детей, Интерпол, Между -
народный центр пропавших и эксплуатируемых 
детей и пр. Документ предлагает четкие ре -
139
139
ISSN 2500-4255Всероссийский криминологический журнал. 2021. Т. 15, № 1. C. 133–143
Russian Journal of Criminology, 2021, vol. 15, no. 1, pp. 133–143комендации, как ориентироваться в сложном 
наборе терминов, обычно используемых при 
рассмотрении вопросов о сексуальной эксплуа -
тации детей и надругательства над ними. Так, в 
табл. 4 приведены некоторые ключевые терми -
ны, которых следует избегать, когда речь идет о 
сексуальном насилии над детьми.
Таблица 4 / Table 4
Термины, рекомендуемые к использованию, 
когда речь идет о сексуальной  
эксплуатации детей*
Terminology recommended for describing sexual 
exploitation of children
Термины, которые 
следует использовать 
с осторожностью или 
полностью избегать / 
Terminology to be used 
with care or avoidedРекомендуемые  
термины / 
Recommended 
terminology
Детская порнографияСексуальное насилие 
над детьми
Детский секс-туризмСексуальная эксплуата -
ция детей в контексте 
путешествий и туризма
Детский секс-туристПутешествующие, вино -
вные в совершении сек -
суальных преступлений 
над детьми
Детская проституцияЭксплуатация детей для 
проституции
Детская проститутка, дет -
ский секс-работникЖертва сексуальной экс -
плуатации
Заказчик, клиент, ДжонЗлоумышленник, дет -
ский секс-преступник
Веб-камера детского секс-
туризма / веб-камера 
детского сексуального 
насилияОнлайн детское сексу -
альное насилие
* Источник: T erminology Guidelines for the Pro -
tection of Children from Sexual Exploitation and Sexual 
Abuse. Adopted by the Interagency Working Group in Lux -
embourg. 2016. 28 Jan. URL: http://luxembourgguidelines.
org/english-version.Отметим, что использование рекомендо -
ванных терминов, кроме морально-этических, 
диктуется и вполне практическими соображе -
ниями: когда речь идет о международном со -
трудничестве, а также о сотрудничестве между 
различными организациями, секторами и т.п., 
удобнее применять унифицированную терми -
нологию. По сути, Люксембургские руководя -
щие принципы — первый документ, в котором 
затронут этот вопрос.
Международная практика противодействия 
распространению детской порнографии  
в сети Интернет
Противодействие распространению  дет-
ской порнографии в сети Интернет — это безус -
ловно и преимущественно обязанность отдель -
ных государств. Но не менее важным аспектом 
в этой работе является помощь неправитель -
ственных некоммерческих организаций. 
Как выше упоминалось, одна из них — IWF. 
Это некоммерческая организация, членами ко -
торой являются такие интернет-гиганты, как 
Microsoft, Google, Apple, Amazon, Vodafone и пр., 
также IWF сотрудничает с Европейской комисси -
ей. Следует отметить, что в своей работе сотруд -
ники названной организации руководствуются 
нормативными документами, такими как Закон 
о защите детей 1978 г., Закон о сексуальных пре -
ступлениях 2003 г. (Англия и Уэльс), Меморандум 
о взаимопонимании: ст. 46 Закона о сексуальных 
преступлениях 2003 г., Правовые нормы для хо -
стинговых компаний и их сотрудников (Шотлан -
дия), Закон о полиции и правосудии 2006 г. и пр. 
Кроме законов Соединенного Королевства, ана -
литики IWF руководствуются также положениями 
Директивы 2000/31/EC Европейского парламента 
и совета от 8 июня 2000 г. о некоторых правовых 
аспектах услуг информационного общества (Ди -
ректива об электронной торговле). В соответствии 
с этими документами были разработаны крите -
Таблица 5 / Table 5
Деление материалов, содержащих сцены сексуального насилия над детьми, на категории
Categories of materials with child sexual abuse
Категория / 
CategoriesОписание / Description
АИзображения, включающие сексуальную активность с проникновением, изображения,  
связанные с сексуальной активностью животного или садизмом
В Изображения, включающие сексуальную активность без проникновения
С Другие непристойные изображения, не подпадающие под категории A или B
140
140
ISSN 2500-4255Всероссийский криминологический журнал. 2021. Т. 15, № 1. C. 133–143
Russian Journal of Criminology, 2021, vol. 15, no. 1, pp. 133–143рии оценки материалов, которые содержат сцены 
сексуального насилия над детьми (табл. 5).
На основании этих критериев специально 
подготовленные аналитики IWF отслеживают, 
оценивают, локализируют и удаляют контент, ко -
торый содержит сексуальное насилие над деть -
ми. Таким образом, IWF, удаляя изображения с 
детской порнографией, с помощью технических 
средств противодействует этой проблеме. 
Техническое решение данной проблемы 
имеет научную основу. Одними из первых этим 
вопросом заинтересовались ученые из Канады 
и Чили. В своем исследовании они подробно 
описывают сущность предлагаемого ими техно -
логического подхода к борьбе с детской порно -
графией в сети Интернет [19, р. 56–61].
IWF является членом и соучредителем такой 
международной организации, как INHOPE — это 
глобальная сеть горячих линий, которая зани -
мается искоренением незаконного контента в 
сети Интернет, в том числе материалов, содер -
жащих сцены сексуального насилия над деть -
ми. По состоянию на январь 2019 г. в INHOPE 
входила 41 страна. Примечательно, что среди 
стран постсоветского пространства членами этой 
организации являются Эстония, Латвия, Литва и 
Россия. Сущность работы INHOPE состоит в том, 
что горячая линия принимает и обрабатывает за -
явки от пользователей сети Интернет о ресурсах 
с признаками противоправности, анализирует их 
содержание, устанавливает адресные и техни -
ческие характеристики, после чего передает со -
ответствующую информацию провайдерам для 
последующего удаления или блокировки таких 
ресурсов. В случае наличия признаков наруше -
ния уголовного законодательства информация о 
противоправных ресурсах доводится до правоох -
ранительных органов. В России, в частности, свою 
деятельность горячая линия осуществляет при 
поддержке Управления «К» МВД России, также 
она взаимодействует практически со всеми веду -
щими представителями интернет-индустрии.
Кроме технических средств борьбы с дет -
ской порнографией в Интернете, существуют и 
нормативно-организационные. К таким, напри -
мер, можно отнести Руководящие указания для 
директивных органов по защите ребенка в он -
лайновой среде, разработанные Международ -
ным союзом электросвязи7. В этом документе 
7 Руководящие указания для директивных органов 
по защите ребенка в онлайновой среде // Междуна -
родный союз электросвязи : офиц. сайт. URL: https://
www.itu.int/en/cop/Documents/guidelines-educ-r.pdf.определены ключевые области, требующие вни -
мания, и сформулированы рекомендации, что 
именно государствам нужно предпринять в це -
лях противодействия распространению детской 
порнографии в Интернете. Помимо организа -
ционных и правовых мер, таких как усовершен -
ствование законодательства, обеспечение меха -
низма обнаружения незаконного контента и его 
удаления, требуется объединение усилий всех 
заинтересованных сторон в вопросах безопасно -
сти детей в режиме онлайн, в частности прави -
тельственных организаций, правоохранительных 
органов, органов социального обслуживания, 
родительских сообществ, объединений учите -
лей, академических и исследовательских орга -
низаций, поставщиков услуг Интернета и других 
электронных услуг, поставщиков услуг коллек -
тивного доступа, например библиотек, центров 
связи, интернет-кафе и т.д. На наш взгляд, тезис о 
совместных усилиях государственного и частного 
секторов в противодействии распространению 
детской порнографии является очевидным. В до -
кументе также подчеркивается, что важная роль 
должна отводиться образовательным и техни -
ческим ресурсам. Так, стимулирование регуляр -
ного сервисного обслуживания пользователей, 
предусматривающего обновление операцион -
ной системы, установку и обновление брэндмау -
эра и антивирусных программ, внесет свой вклад 
в решение рассматриваемой проблемы.
Еще одним инструментом противодей -
ствия распространению детской порнографии в 
сети Интернет является работа, проделываемая 
Международной организацией уголовной поли -
ции (Интерпол). Так, в рамках этого направления 
была создана международная база данных о сек -
суальной эксплуатации детей (International Child 
Sexual Exploitation (ICSE)). Используя программ -
ное обеспечение для сравнения изображений и 
видео, следователи могут мгновенно установить 
связь между жертвами, преступниками и ме -
стами совершения преступлений. База данных 
позволяет избежать дублирования усилий и 
экономит драгоценное время, сообщая следо -
вателям, была ли серия изображений уже обна -
ружена или идентифицирована в другой стране 
или же она аналогична другим изображениям. 
Это также позволяет следователям обменивать -
ся информацией со своими коллегами из более 
чем 50 стран. Таким образом, анализируя циф -
ровой, визуальный и аудиоконтент, эксперты 
могут находить улики, выявлять любые совпаде -
ния в делах и объединять свои усилия по поиску 
141
141
ISSN 2500-4255Всероссийский криминологический журнал. 2021. Т. 15, № 1. C. 133–143
Russian Journal of Criminology, 2021, vol. 15, no. 1, pp. 133–143жертв сексуального насилия и совершивших его 
лиц. Следует отметить эффективность этой базы 
данных. По состоянию на сегодняшний день ICSE 
содержит более 1,5 млн изображений и видео, 
и благодаря содержащейся в ней информации 
удалось выявить 19 400 жертв сексуальной экс -
плуатации по всему миру.
Выводы
Подводя итог, можно сформулировать сле -
дующие выводы. Изобретение человечеством 
Интернета стало прорывом в использовании та -
кого важного для современного общества ресур -
са, как информация. Все больше людей в мире 
прибегает к этой технологии каждый день. Чаще 
всего «первопроходцами» в освоении новых 
технологий становятся дети и молодые люди, 
поэтому очень важным аспектом при обмене 
информацией является ее безопасность и закон -
ность. Поскольку Интернет стал всеобъемлющей 
технологией, вопрос безопасности обмена ин -
формацией  — это вызов всему сообществу.
Одно из серьезнейших киберпреступле -
ний — распространение детской порнографии 
через Интернет. Общественная опасность этого 
деяния не ставится под сомнение ни одним го -
сударством в мире.
Несмотря на усилия, прилагаемые государ -
ствами к расследованию нарушений в сфере ин -
формационно-телекоммуникационных техноло -
гий, реальные масштабы таких преступлений и 
количество пострадавших остаются неизвестными.
Перед национальными законодательства -
ми стоят различные задачи по противодей -
ствию распространению детской порнографии 
в сети Интернет: перед одними  — кримина -
лизация таких деяний, совершаемых с помо -
щью информационно-телекоммуникационных 
технологий, перед другими  — усовершенство -
вание законодательства в области борьбы с 
детской порнографией, перед третьими  — на -лаживание эффективного международного со -
трудничества в рамках противодействия рас -
сматриваемому явлению и совершенствование 
технических средств борьбы с ним. Такое рас -
хождение в задачах связано, как представля -
ется, с социально-экономическим, техноло -
гическим уровнем развитием того или иного 
государства, а также с масштабами использо -
вания населением информационно-телеком -
муникационных технологий.
Социальная опасность рассматриваемой 
проблемы настолько существенна, что к ее 
разрешению присоединилось множество не -
правительственных международных орга -
низаций. Причем они не только осуществля -
ют наблюдение и гражданский надзор, но и 
предпринимают реальные меры по борьбе с 
детской порнографией.
На международном уровне (в рамках ООН, 
Совета Европы) принят ряд документов, на -
правленных на защиту детей от сексуальной 
эксплуатации и противодействие распростра -
нению детской порнографии в сети Интернет. 
Достаточно ли этого? На сегодняшний день 
может быть. Поскольку интернет-технологии 
постоянно развиваются, вопрос правового обе -
спечения безопасности детей должен всегда на -
ходиться на контроле. По нашему мнению, одно 
из наиболее слабых мест в противодействии 
распространению детской порнографии в сети 
Интернет — в недостаточной мере отлаженное 
взаимодействие между государствами. В свете 
глобализационных процессов в мире, а также с 
учетом того, что Интернет не имеет границ, счи -
таем, что основные усилия государств должны 
быть направлены на активизацию сотрудниче -
ства (в том числе под эгидой международных 
организаций, в первую очередь Интерпола) в 
противодействии деяниям, связанным с сексу -
альной эксплуатацией детей, и координацию 
своих действий в этой сфере.
СПИСОК ИСПОЛЬЗОВАННОЙ ЛИТЕРАТУРЫ
1. Осипенко А.Л. Уголовно-правовые и иные средства противодействия обороту материалов с порнографическими 
изображениями несовершеннолетних в сети Интернет / А.Л. Осипенко // Уголовное право. — 2007. — № 1. — С. 110–114.
2. Павленко І.В. Інтернет-порнографія — явище ХХІ століття / І.В. Павленко, Я.П. Найдьон // Матеріали Всеукраїнського 
самміту приватних детективів (м. Дніпро, 30 листопада 2017 р.). — Дніпро : Дніпропетровський державний університет 
внутрішніх справ, 2018. — С. 170–174.
3. Дремлюга Р.И. Интернет-преступность : автореф. дис. ... канд. юрид. наук : 12.00.08 / Р.И. Дремлюга. — Владиво -
сток, 2007. — 25 с.
4. Лесько Н.В. Боротьба з дитячою порнографією в мережі Інтернет / Н.В. Лесько // ІТ-право: проблеми та перспек -
тиви розвитку в Україні : збірник 2-ї Міжнародної науково-практичної конференції (Львів, 17 листопада 2017 р.). — Львів, 
2017. — С. 116–123.
5. Negredo L. Child Pornography on the Internet / L. Negredo, O. Herrero // Psychologist Papers. — 2016. — Vol. 37, iss. 3. — 
P. 217–223.
142
142
ISSN 2500-4255Всероссийский криминологический журнал. 2021. Т. 15, № 1. C. 133–143
Russian Journal of Criminology, 2021, vol. 15, no. 1, pp. 133–1436. Cisneros D. Virtual Child Pornography on the Internet: A «Virtual» Victim? / D. Cisneros // Duke Law & Technology Re -
view. — 2002. — URL: https://scholarship.law.duke.edu/cgi/viewcontent.cgi?article=1060&context=dltr.
7. Gray M. The new Face of Child Pornography: Digital Imaging Technology and the Law / M. Gray // Journal of Law, Techno-
logy & Policy. — 2008. — Vol. 1. — P. 175–198.
8. O'Donnell I. Child Pornography: Crime, Computers and Society / I. O'Donnell, С. Milner. — Portland, 2007. — 272 p.
9. Lehman P. Pornography: Film and Culture / P. Lehman. — London : Rutgers Univ. Press, 2006. — 272 p.
10. Пілат Є.Г. Обмеження обігу друкованої та аудіовізуальної інформації з міркувань суспільної і державної безпеки 
у Сполучених Штатах Америки / Є.Г. Пілат // Проблеми вдосконалення правового регулювання щодо забезпечення прав 
та основних свобод людини і громадянина в Україні : Матеріали Всеукр. наук.-практ. конф. молодих вчених та аспірантів 
(Івано-Франківськ, 23–24 квіт. 2009 р.). — Івано-Франківськ, 2009. — С. 74–76.
11. Itzin C. Pornography and the Construction of Misogyny / C. Itzin // Journal of Sexual Aggression. — 2002. — Vol. 8, 
№ 3. — P. 4–42.
12. Lanning K.V. Child Molesters: A Behavioral Analysis / K.V. Lanning. — Washington : National Center for Missing and Ex -
ploited Children, 1992. — 149 p.
13. Quayle E. The COPINE Project / E. Quayle // Irish Probation Journal. — 2008. — Vol. 5. — P. 65–83.
14. Ожегов С.И. Толковый словарь русского языка / С.И. Ожегов. — URL: http://www.ozhegov.com/words/25592.shtml.
15. Коржанський М.Й. Кримінальне право і законодавство України. Частина особлива: курс лекцій / М.Й. Коржан -
ський. — Київ : Атіка, 2001. — 544 с.
16. Гусарова М.В. Порнография. К вопросу о необходимости выработки дефиниции данного понятия и его законода -
тельного закрепления / М.В. Гусарова // Закон и право. — 2009. — № 1. — С. 87–88.
17. Крукс Р. Сексуальность / Р. Крукс, К. Браур. — Санкт-Петербург : Прайм-ЕВРОЗНАК, 2005. — 480 с.
18. Келли Г.Ф. Основы современной сексологии / Г.Ф. Келли. — 6-е изд. — Санкт-Петербург : Питер, 2000. — 890 с.
19. Cyber Child Pornography: a Review Paper of Social and Legal Issues and Remedies — and a Proposed Technological So -
lution / B.H. Shell, M.V. Martin, P.C.K. Hung, L. Rueda // Aggression and Violent Behavior. — 2007. — Vol. 12, № 1. — P. 45–63.
REFERENCES
1. Osipenko A.L. Criminal law and other means of counteracting online trade of content with underage pornography. Ugo-
lovnoe pravo = Criminal Law , 2007, no. 1, pp. 110–114. (In Russian).
2. Pavlenko I.V., Najd'on Ja.P. Internet Pornography is a Phenomenon of the XXI Century. Materialy Vseukrai'ns'kogo sam -
mitu pryvatnyh detektyviv (m. Dnipro, 30 lystopada 2017 r.). [Materials of the All-Ukrainian Summit of Private Detectives (Dnipro, 
November 30, 2017)]. Dnipropetrovsk State University of Internal Affairs, 2018, pp. 170–174. (In Ukrainian).
3. Dremluga R.I. Internet-prestupnost’. Avtoref. Kand. Diss.  [Internet Crimes. Cand. Diss. Thesis]. Vladivostok, 2007. 25 p.
4. Les'ko N.V. Combating child pornography on the Internet. ІT-pravo: problemi ta perspektivi rozvitku v Ukraїnі. Zbіrnik 2-ї 
Mіzhnarodnoї naukovo-praktichnoї konferentsії (L'vіv, 17 listopada 2017 r.). [IT Law: Problems and Prospects of Development in 
Ukraine. Collected Papers Based on the Materials of the II International Scientific and Practical Conference]. Lviv, 2017, pp. 116–
123. (In Ukrainian).
5. Negredo L., Herrero О. Child Pornography on the Internet. Psychologist Papers , 2016, vol. 37, iss. 3, pp. 217–223.
6. Cisneros D. Virtual Child Pornography on the Internet: A «Virtual» Victim? Duke Law & Technology Review , 2002. Available 
at: https://scholarship.law.duke.edu/cgi/viewcontent.cgi?article=1060&context=dltr.
7. Gray M. The new Face of Child Pornography: Digital Imaging Technology and the Law. Journal of Law, Technology & Policy , 
2008, vol. 1, pp. 175–198.
8. O'Donnell I., Milner C. Child Pornography: Crime, Computers and Society . Portland, 2007. 272 p.
9. Lehman P. Pornography: Film and Culture. London, Rutgers University Press, 2006. 272 p.
10. Pilat Je.G. Limiting the circulation of print and audio-visual information due to public and state security considerations 
in the United States of America. Problemi vdoskonalennya pravovogo regulyuvannya shchodo zabezpechennya prav ta osnovnikh 
svobod lyudini і gromadyanina v Ukraїnі. Materіali Vseukraїns'koї naukovo-praktichnoї konferentsії molodikh vchenikh ta aspіrantіv 
(Іvano-Frankіvs'k, 2009 r.). [Problems of Improving the Legal Regulation of Ensuring the Rights and Basic Liberties of Man and Citi -
zen in Ukraine. Material of All-Ukrainian Research Conference of Young Researchers and Ph.D. students (Ivano-Frankovsk, 2009)]. 
Ivano-Frankivsk, 2009, pp. 74–76. (In Ukrainian).
11. Itzin C. Pornography and the Construction of Misogyny. Journal of Sexual Aggression , 2002, vol. 8, no. 3, pp. 4–42.
12. Lanning K.V. Child Molesters: A Behavioral Analysis.  Washington, National Center for Missing and Exploited Children, 
1992. 149 p.
13. Quayle E. The COPINE Project.  Irish Probation Journal , 2008, vol. 5, pp. 65–83.
14. Ozhegov S.I. Tolkovyi slovar’ russkogo yazyka [Explanatory Dictionary of Russian Language]. Available at: http://www.
ozhegov.com/words/25592.shtml. (In Russian).
15. Korzhans'kii M.I. Krimіnal'ne pravo і zakonodavstvo Ukraїni. Chastina osobliva [Criminal Law and Legislation of Ukraine. 
The Part is Special]. Kiev, Atika Publ., 2001. 544 p.
16. Gusarova M.V. Pornography. To the issue of the necessity of developing a definition of the concept and its inclusion in 
legislation. Zakon i pravo = Law and Right , 2009, no. 1, pp. 87–88. (In Russian).
17. Crooks R.L., Baur K. Our Sexuality . Belmont, Thomson/Wadsworth, 1941. 631 p. (Russ. ed.: Crooks R.L., Baur K. 
Seksual'nost'. Saint Petersburg, Praim-EVROZNAK Publ., 2005. 480 p.).
18. Kelly G.F. Sexuality Today: The Human Perspective. Boston, McGraw-Hill, 1998. 647 p. (Russ. ed.: Kelly G.F. Osnovy sovre -
mennoi seksologii. Saint Petersburg, 2000. 890 p.).
19. Shell B.H., Martin M.V., Hung P.C.K., Rueda L. Cyber Child Pornography: a Review Paper of Social and Legal Issues and 
Remedies — and a Proposed Technological Solution. Aggression and Violent Behavior , 2007, vol. 12, no. 1, pp. 45–63.
143
143
ISSN 2500-4255Всероссийский криминологический журнал. 2021. Т. 15, № 1. C. 133–143
Russian Journal of Criminology, 2021, vol. 15, no. 1, pp. 133–143ИНФОРМАЦИЯ ОБ АВТОРАХ
Павленко Ирина Владимировна  — доцент кафедры пу -
бличного права Национального технического университета 
Украины «Киевский политехнический институт имени Иго -
ря Сикорского», кандидат юридических наук, г. Киев, Украина; 
e-mail: pavlenko_irp@ukr.net.
Егорова Валентина Сергеевна  — доцент кафедры 
публичного права Национального технического универси -
тета Украины «Киевский политехнический институт имени 
Игоря Сикорского», кандидат юридических наук, доцент, 
г. Киев, Украина; e-mail: vsegorova@hotmail.com.
ДЛЯ ЦИТИРОВАНИЯ
Павленко И.В. Детская порнография в сети Интернет: 
состояние проблемы и мировые тенденции противодей -
ствия ей / И.В. Павленко, В.С. Егорова. — DOI: 10.17150/2500-
4255.2021.15(1).133-143 // Всероссийский криминологиче -
ский журнал. — 2021. — Т. 15, № 1. — С. 133–143.INFORMATION ABOUT THE AUTHORS
Pavlenko, Irina V. — Ass. Professor, Chair of Public Law, 
National Technical University of Ukraine «Igor Sikorsky Kiev 
Polytechnic Institute», Ph.D. in Law, Kiev, Ukraine; e-mail: pav -
lenko_irp@ukr.net.
Egorova, Valentina S. — Ass. Professor, Chair of Public 
Law, National Technical University of Ukraine «Igor Sikorsky 
Kiev Polytechnic Institute», Ph.D. in Law, Ass. Professor, Kiev, 
Ukraine; e-mail: vsegorova@hotmail.com.
FOR CITATION
Pavlenko I.V., Egorova V.S. Online child pornography: 
problem overview and global trends in counteraction.  Vseros -
siiskii kriminologicheskii zhurnal  = Russian Journal of Crimino-
logy , 2021, vol. 15, no. 1, pp. 133–143. DOI: 10.17150/2500-
4255.2021.15(1).133-143. (In Russian).",2025,"— С. 110–114. — С. 170–174. Shell B.H., Martin M.V., Hung P.C.K., Rueda L. Cyber Child Pornography: a Review Paper of Social and Legal Issues and Remedies — and a Proposed Technological Solution.","В российском криминологическом журнале опубликовано исследование, посвященное распространению детской порнографии в сети Интернет. На сегодняшний день перед национальными законодательствами стоят различные задачи по противодействию распространению этого явления, от криминализации до совершенство - вания технических средств противодействия ему."
1,paper_1,"""Теория и практика современной науки"" № 5(71) 2021  99 
 УДК 796.8  
Кантюкова Д.Р.  
студент  
юридический факультет  
Башкирский государственный  университет  
Стерлитамакский филиал БашГУ  
Волкова Е.А.  
старший преподаватель  
Башкирский государственный университет  
Стерлитамакский филиал БашГУ  
 
ЕДИНОБОРСТВА. ВИДЫ И ОСОБЕННОСТИ  
 
 Аннотация: Что из себя представляет такой вид спорта как 
единоборства? Каки е виды единоборств существуют? В чём состоит 
особенность единоборств?  
 Ключевые слова: Единоборства, спорт, спортсмены.  
 
Kantukova D.R.  
student  
Faculty of Law  
Bashkir State University  
Sterlitamak branch of Bashkir state University  
Volkova E .A. 
senior lecturer  
Bashkir State University  
Sterlitamak branch of Bashkir state University  
 
MARTIAL ARTS. TYPES AND FEATURES  
 
 Annotation: What is such a sport as martial arts? What types of martial 
arts exist? What is the peculiarity of martial arts?  
 Keywords: Martial arts, sports, athletes.  
 
Сейчас мир спорта полон своего разнообразия. Он включает в себя 
различные направления, которые направлены на поддержание здоровья 
человека, помогают обрести хорошую форму и разработать различные 
показатели. В этой статье мы  поговорим о боевых искусствах.  
Что такое единоборства?  
Единоборства - это вид деятельности, направленный на то, чтобы 
человек овладевал основными элементами борьбы. Многие мужчины 
записываются в эти секции, чтобы научиться вести рукопашный бой. 
""Теория и практика современной науки"" № 5(71) 2021  100 
 Довольно п риемлемая нагрузка тоже привлекает девушек, хотя для них есть 
и более женственные виды тренировок.  
В современном мире единоборство принято рассматривать в двух 
аспектах — как рукопашную боевую схватку двух противников и их 
спортивный поединок с применением  физической силы или какого -либо 
снаряжения.  
Польза спортивных единоборств заключается в следующем:  
 развивают ловкость;  
 улучшают здоровье;  
 поддерживаю тонус и физическую подготовку человека;  
 придают силу;  
 развивают мышцы.  
Отличительные особенности единоборств:  
Во-первых, единоборства - это спорт, предполагающий соревнования. 
Победитель определяется согласно правилам, утвержденным для каждого 
конкретного вида боя. Техника ведения поединка и использование 
различных тактических приемов зависит от прави л. Причем в любом виде 
поединка соперники изначально находятся в одинаковых условиях.  
Еще одна отличительная черта - физический контакт участников. 
Фактически это означает нанесение ударов или бросков, при этом борец 
должен использовать силу, а также проде монстрировать некоторые 
физические качества, такие как ловкость, гибкость, выносливость и т. д.  
В-третьих, для любого вида единоборств считается использование 
специального снаряжения и снаряжения спортсмена, что также определяет 
технику боя. Например, в бо ксе это перчатки строго определенного типа, 
называемые унциями. Они необходимы для уменьшения травм от 
выстрелов как рук бьющего, так и его противника.  
Следующим признаком является разделение борцов на категории по 
различным критериям, основных из которых три: 
- Масса. В разных видах борьбы может быть разное количество 
весовых категорий, но по общему принципу их три: легкие, средние и 
тяжелые спортсмены. Однако возможны и промежуточные варианты.  
- Возраст. По возрасту борцы делятся на юниоров, взрослых, 
ветеранов и т. д. Разделение на группы по возрасту важно, так как правила 
и продолжительность матча различаются.  
- Класс. Здесь все просто — это любители и профессионалы. От 
классовых особенностей, сражающихся зависят и правила, и 
обмундирование. Для професси ональных соревнований они одни, а для 
любительских боев — другие. Например, в том же боксе профессионалы 
дерутся в шлемах, а любители — без таковых.  
В единоборствах всегда регулируется время боя - количество раундов 
и их продолжительность. Время поединка д ля разных категорий борцов 
неодинаково.  
""Теория и практика современной науки"" № 5(71) 2021  101 
 Любой вид борьбы требует проведения турнира. Для бокса это ринг, 
для карате, дзюдо и т. д.  
Наконец, судьи и медицинский персонал всегда присутствуют на 
соревнованиях по боевым искусствам. Это установлено регламентом.  
Классификация борьбы на отдельные разновидности основана на 
специфике и методах подготовки спортсменов. Выделено:  
Боевые. Их цель - овладеть приемами, которые позволят им 
противостоять противнику в смертельной ситуации, нанося ему 
наибольший урон. Здесь спортсмен учится сражаться с одним или 
несколькими противниками не только голыми руками, но и используя 
любые подручные предметы.  
Спортивные. Как упоминалось ранее, главная цель борца - превзойти 
соперника, а не нанести ему вред. Только двое дерутся между собой и 
действуют по строго определенным правилам. В этом случае участники 
драки надевают средства защиты.  
Смешанный. Название говорит само за себя - здесь встречаются 
представители разных школ и направлений, в контексте которых могут 
меняться некоторые пр авила и особенности боя.  
Восточные. Самый старый спорт, пришедший с востока. Он включает 
в себя не только определенные техники, но также традиции и философию. 
Борьба восточных народов признана наименее опасной и травматичной.  
Единоборства, пожалуй, самая п опулярная физическая активность в 
мире. Именно в этом виде спорта можно овладеть приемами борьбы и 
самообороны, чтобы в крайнем случае защитить себя.  
Использованные источники:  
1. Барчуков, И.С. Физическая культура / И.С. Барчуков. - М.: Academia, 
2017. - 416 c. 
2. Виноградов, П.А. Физическая культура и спорт трудящихся / П.А. 
Виноградов, Ю.В. Окуньков. - М.: Советский спорт, 2015. - 172 c.  
3. Решетников, Н.В. Физическая культура: Учебник / Н.В. Решетников. - М.: 
Academia, 2015. - 480 c.  
 
  ",2025,"Ключевые слова: Единоборства, спорт, спортсмены. По возрасту борцы делятся на юниоров, взрослых, ветеранов и т. д. Разделение на группы по возрасту важно, так как правила и продолжительность матча различаются. Именно в этом виде спорта можно овладеть приемами борьбы и самообороны, чтобы в крайнем случае защитить себя.","Единоборства - это вид спорта, направленный на поддержание здоровья человека, а также для того, чтобы человек овладевал основными элементами борьбы. В этой статье мы расскажем, какие виды спорта существуют, в чём состоит особенность единоборств."
2,paper_2,"НАУЧНАЯ  МЫСЛЬ  КАВКАЗА 2010 127 № 3
СТРАНИЧКА  ГАЗЕТЫ  “ДАР ”
Забабурова  Нина  Владимировна  – доктор  филологи -
ческих  наук  профессор  кафедры  теории  и истории  мировой  
литературы  Южного  федерального  университета , 344010,  
г. Ростов -на Дону , ул. Пушкинская , 150, e-mail: zababouro-
va.@yandex.ru.Zababourova Nina  – doctor of philology, professor of 
the Theory and History of World Literature Department in the Southern Federal University, 150 Pushkinskaya Street, Rostov-on-Don, 344010, e-mail: zababourova.@yandex.ru.
 ББК Ш 5(2=Р)5-4/Толстой /
ЕВРОПЕЙСКИЕ  ПУТЕШЕСТВИЯ  Л.Н. ТОЛСТОГО
(к 100-летию  со дня смерти  Л.Н. Толстого )
Н.В. Забабурова  
Äëÿ åâðîïåéñêîé äâîðÿíñêîé êóëüòóðû XVIII–XIX ââ. ïóòåøåñòâèÿ ñîñòàâëÿëè îäíî-
âðåìåííî ïåäàãîãè÷åñêè-îáðàçîâàòåëüíûå è îáûäåííûå ñþæåòû. Ïóòåøåñòâîâàëè ïî Åâðîïå, çàãëÿäûâàëè íà Âîñòîê è äàæå â Ñåâåðíóþ Àìåðèêó. Â Ðîññèè ìîäà íà 
îáðàçîâàòåëüíûå ïóòåøåñòâèÿ íà÷àëàñü åùå ñ ïåòðîâñêîé ýïîõè, êîãäà ñàì öàðü ïîêàçàë ïðèìåð ñóãóáî ïðàêòè÷åñêîãî îñâîåíèÿ åâðîïåéñêèõ äîñòèæåíèé. “Ïèñüìà ðóññêîãî ïóòåøåñòâåííèêà” Í.Ì. Êàðàìçèíà îòêðûëè íîâûå ôîðìû ýìîöèé è îùóùåíèé, êîòîðûå ìîæåò è äîëæåí èñïûòû-âàòü ðîññèÿíèí, ñòðàæäóùèé ñâåæèõ çíàíèé è âïå÷àòëåíèé. 
Â Ðîññèè XIX â. ïîâîäû è âîçìîæíîñòè äëÿ çàãðàíè÷íûõ ïóòåøåñòâèé çíà÷èòåëüíî ðàñøèðè-
ëèñü. Çà äâîðÿíñòâîì ïîñëåäîâàëà íàó÷íàÿ è õóäîæåñòâåííàÿ èíòåëëèãåíöèÿ. Åçäèëè, â îñíîâíîì, â Åâðîïó: ó÷èòüñÿ è ïîñòèãàòü íàóêè è èñêóññòâà, ïðîñòî ðàçâëå÷üñÿ (“îõîòà ê ïåðåìåíå ìåñò”), ïîëå÷èòüñÿ (íà âîäû â Ãåðìàíèþ îò âñåõ áîëåçíåé, íà þã Ôðàíöèè, â Øâåéöàðèþ è â Èòàëèþ – ãëàâíûì îáðàçîì, îò ÷àõîòêè). Íåâûåçäíîé Ïóøêèí – ïî÷òè íîíñåíñ äëÿ òîé ýïîõè.
Íà Çàïàä îòïðàâëÿëàñü êóëüòóðíàÿ ðóññêàÿ ïóáëèêà. Îíà åõàëà â Åâðîïó ïîäãîòîâëåííîé, 
ñ æåëàíèåì ñîçåðöàòü è îñìûñëÿòü ïàìÿòíèêè èñêóññòâà, èñòîðèþ è íðàâû, ñ æèâûì ëþáîïûò-ñòâîì, ñ çàðàíåå ñôîðìèðîâàâøèìñÿ îòíîøåíèåì ê ðåàëèÿì çàïàäíîé æèçíè. Ïðèìåð – Ãîãîëü, î÷åíü êîìôîðòíî ÷óâñòâîâàâøèé ñåáÿ íà Çàïàäå, ÷òî íå ìåøàëî åìó èçäàëè ëþáèòü Ðîññèþ. Ðóññêèå íå øîêèðîâàëè òîãäà ïóáëèêó áåñöåðåìîííîñòüþ, ãðóáîñòüþ ìàíåð è êóïå÷åñêèì ðàç-ìàõîì òðàò. Ìîæåò áûòü, è ïîýòîìó ðóññêàÿ ýìèãðàöèÿ ïîñëå ðåâîëþöèè óñòðåìèëàñü ïðåèìó-ùåñòâåííî â çíàêîìóþ è îñâîåííóþ Åâðîïó (íå â Àìåðèêó, íå íà Âîñòîê). 
Óæå ñ äàâíèõ ïîð íà áûòîâîì è èäåîëîãè÷åñêîì óðîâíå ñëîæèëèñü äâå òðàäèöèîííûå 
ôîðìû îòíîøåíèÿ Ðîññèè ê Çàïàäó: ïðåêëîíåíèå è æåëàíèå ïîäðàæàòü è íåäîâåðèå êàê ê ÷óæîìó è çàâåäîìî ñîìíèòåëüíîìó, ïðåæäå âñåãî, â íðàâñòâåííîì ñìûñëå. Â îáûâàòåëüñêîì ñî-çíàíèè îáå ýòè ôîðìû áûëè ÷ðåçâû÷àéíî óñòîé÷èâû â ñîâåòñêèé ïåðèîä – íà ôîíå çàêðûòîãî ïðîñòðàíñòâà. Â Ðîññèè XIX â. ýòà ïðîáëåìà óæå îïðåäåëèëàñü â ñïîðå çàïàäíèêîâ è ñëàâÿ-íîôèëîâ. Ñ êåì áûë Ëåâ Òîëñòîé? Êàê îáû÷íî, ñàì ïî ñåáå. Íî îí îáëàäàë ÷èñòî ðóññêèì ñâîéñòâîì ìûñëèòü â ñèñòåìå àíòèòåç. 
Ëåâ Íèêîëàåâè÷ ïóòåøåñòâîâàë ïî Åâðîïå äâàæäû. Âïåðâûå îí ñîâåðøèë òðàäèöèîííûé 
âîÿæ äâîðÿíñêîãî îáðàçîâàííîãî þíîøè â 1857 ã. (ñ ôåâðàëÿ ïî àâãóñò). Âòîðîé ðàç îí îò-ïðàâèëñÿ â Åâðîïó â 1860 ã. ïî ïå÷àëüíîìó ïîâîäó: â ñåíòÿáðå, áóêâàëüíî íà ðóêàõ Ë. Òîë-ñòîãî, îò òóáåðêóëåçà ñêîí÷àëñÿ âî Ôðàíöèè åãî áðàò Íèêîëàé. Íà ýòîò ðàç Òîëñòîé ïðîáûë çà ãðàíèöåé äî àïðåëÿ 1861 ã. [1]*.
Èìåííî ïåðâîå ïóòåøåñòâèå îêàçàëîñü äëÿ Ë.Í. Òîëñòîãî âî ìíîãîì ïîâîðîòíûì â ìèðî-
âîççðåí÷åñêîì ñìûñëå. Ñíà÷àëà â Åâðîïå åìó âñå íðàâèëîñü, â îñîáåííîñòè òî, ÷òî â ïèñüìå Ä.ß. Êîëáàñèíó îò 24 ìàðòà 1857 ã. îí îïðåäåëèë òàê: “…÷óâñòâî ñîöèÿëüíîé (sic!) ñâîáîäû, êîòîðàÿ ñîñòàâëÿåò ãëàâíóþ ïðåëåñòü çäåøíåé æèçíè è î êîòîðîé, íå èñïûòàâ åå, ñóäèòü 
* В данной  статье  подробно  прослежены  основные  парижские  маршруты  Л.Н. Толстого , свидетельствующие  о том, 
что писатель  успел  посетить  все знаменитые  музеи  и театры , часто  бродил  по Лувру , рядом  с которым  поселился  – сло-
вом, исполнил  весь традиционный  сюжет  русского  путешественника .
128 2010 НАУЧНАЯ  МЫСЛЬ  КАВКАЗА № 3íåâîçìîæíî” [2, ñ. 154]. Â ýòîò æå äåíü Òîëñòîé ïèñàë Â.Ï. Áîòêèíó ïðèìåðíî òî æå ñàìîå – 
÷òî æèâåò â Ïàðèæå ïî÷òè äâà ìåñÿöà, íî ãîðîä íå ïîòåðÿë äëÿ íåãî èíòåðåñà, à æèçíü â íåì ñâîåé ïðåëåñòè: “Ïîòîì íàñëàæäåíèÿ èñêóññòâàìè, <…> à ãëàâíîå ñîöèàëüíîé ñâîáîäîé, î êîòîðîé ÿ â Ðîññèè íå èìåë äàæå ïîíÿòèÿ…” [2, ñ. 155].
Ïîíÿòèå “ñîöèàëüíàÿ ñâîáîäà” Òîëñòîé íèêàê íå ïîÿñíÿåò – ìîæåò áûòü, ðå÷ü èäåò îá 
îñîáîì íåïåðåäàâàåìîì îùóùåíèè, êîòîðîå èñïûòûâàåò êàæäûé ðîññèÿíèí â öèâèëèçîâàííîé Åâðîïå è ïîíûíå. Âåðîÿòíî, ñìûñë åãî ñîñòîèò â òîì, ÷òîáû èìåòü âîçìîæíîñòü äåëàòü âñå, ÷òî íå çàïðåùåíî çàêîíîì, è êàê ñëåäñòâèå – ñòðàæåé çàêîíà íå áîÿòüñÿ. Íî ïèñüìî Â.Ï. Áîòêèíó â ýòîò äåíü Òîëñòîé íå óñïåë çàêîí÷èòü, à íà ñëåäóþùèé äåíü, 25 ìàðòà (ïî ñòàðîìó ñòèëþ), âñå ïåðåìåíèëîñü. Îùóùåíèå èäèëëèè ðàçðóøèëîñü, êîãäà Òîëñòîìó ïî÷åìó-òî ïðèøëî â ãîëîâó ïðèñóòñòâîâàòü íà ïóáëè÷íîé êàçíè ÷åðåç ãèëüîòèíó. Îí ïðîäîëæèë ïèñüìî Â.Ï. Áîòêèíó: “Ýòî ÿ íàïèñàë â÷åðà, ìåíÿ îòîðâàëè è íûí÷å ïèøó ñîâñåì â äðóãîì íàñòðîåíèè. ß èìåë ãëóïîñòü è æåñòîêîñòü åçäèòü íûí÷å óòðîì ñìîòðåòü íà êàçíü” [2, ñ. 156]. Òî, ÷òî êàçàëîñü Òîëñòîìó “ñîöèàëüíîé ñâîáîäîé”, ðàçðóøèëîñü âìèã: “ß ïîíèìàþ çàêîíû íðàâñòâåííûå, çàêîíû ìîðàëè è ðåëèãèè, íåîáÿçàòåëüíûå íè äëÿ êîãî, âåäóùèå âïåðåä è îáåùàþùèå ãàðìîíè÷åñêóþ áóäóùíîñòü, ÿ ÷óâñòâóþ çàêîíû èñêóññòâà, äàþùèå ñ÷àñòèå âñåãäà; íî ïîëèòè÷åñêèå çàêîíû äëÿ ìåíÿ òàêàÿ óæàñíàÿ ëîæü, ÷òî ÿ  íå âèæó â íèõ íè ëó÷øåãî, íè õóäøåãî. Ýòî ÿ ïî÷óâñòâîâàë, ïîíÿë è ñîçíàë íûí÷å” [2, ñ. 157]. Óæå ÷åðåç òðè äíÿ, ñáåæàâ èç Ïàðèæà, Òîëñòîé ïèñàë È.Ñ. Òóðãåíåâó èç Æåíåâû: “Îòëè÷íî ÿ ñäåëàë, ÷òî óåõàë èç ýòîãî ñîäîìà. Ðàäè áîãà, óåçæàéòå êóäà-íèáóäü è âû…” [2, ñ. 158]. Ïóòåøåñòâèå ïî Øâåéöàðèè îêàçàëîñü äëÿ Òîëñòîãî îñîáåííî âàæíûì ïîòîìó, ÷òî îíî íàøëî îòêëèê â åãî òâîð÷åñòâå, – è òîæå âïîëíå ïàðàäîêñàëüíûé. 
Ñíà÷àëà âñå øëî õîðîøî. Ñàìè íàçâàíèÿ ãîðîäîâ è ìåñò íàâåâàëè ðóññîèñòè÷åñêèå ãðåçû: 
Êëàðàí, Ìîíòðå. Â Êëàðàíå Òîëñòîé âñòðåòèëñÿ ñ Ìèõàèëîì Ïóùèíûì, êîòîðûé ðàññêàçûâàë î âñòðå÷àõ ñ Ïóøêèíûì íà Êàâêàçå è ïî ñîâåòó Òîëñòîãî, â êîíöå êîíöîâ, çàïèñàë ýòè áåñöåí-íûå âîñïîìèíàíèÿ. Â Øâåéöàðèè, âûáèðàÿ äëÿ ïðèþòà òèõèå ïðîâèíöèàëüíûå ïàíñèîíû, îí íà÷àë àêòèâíî ðàáîòàòü íàä ïîâåñòüþ “Êàçàêè” (êàê â ñâîå âðåìÿ Ãîãîëü, æèâÿ â Èòà ëèè, – íàä 
“Ìåðòâûìè äóøàìè”). 
Òîëñòîé ïîäðîáíî îïèñàë â äíåâíèêå ñâîå ïóòåøåñòâèå ïî àëüïèéñêèì ãîðàì â îáùåñòâå 
îäèííàäöàòèëåòíåãî ðóññêîãî ìàëü÷èêà, ñîñåäà ïî ïàíñèîíó. Ýòà çàïèñü äàòèðîâàíà 15 ìàÿ 1857 ã. [3, ñ. 203–226]. Çäåñü îí ïåðåæèâàåò ìèíóòû óïîåíèÿ îòêðûâàþùåéñÿ êðàñîòîé è áåç-ëþäíîñòüþ îêðåñòíîñòåé, íàñëàæäàåòñÿ ÷óâñòâîì ïîêîÿ è íåçàâèñèìîñòè. Êàçàëîñü, öèâèëèçàöèÿ îòñòóïèëà, è îí îùóùàåò ñåáÿ â åäèíåíèè ñ ïðèðîäîé. Ëþäè, â îñíîâíîì áåäíûå øâåéöàðñêèå êðåñòüÿíå, åãî íå ðàçäðàæàþò, õîòÿ, ñêîðåå, åìó íåñèìïàòè÷íû: “ß íèãäå íå âñòðå÷àë òàêîé óðîäëèâîé èäèîòè÷åñêîé ñòàðîñòè ðàáî÷åãî êëàññà, êàê â Øâåéöàðèè” [3, ñ. 217]. Íî âñå ìå-íÿåòñÿ, êîãäà ïðîèñõîäèò êîíòàêò ñ åäèíñòâåííûì âñòðå÷åííûì ïðåäñòàâèòåëåì öèâèëèçàöèè – êàññèðîì, îñêîðáèâøèì (!) åãî íà ñòàíöèè è âûçâàâøèì òåì ñàìûì íåîæèäàííî áóðíóþ ðåàê-öèþ: “Íåò, ïîäîáíîé áåñ÷åëîâå÷íîé ãðóáîñòè ÿ íå òîëüêî íèêîãäà íå âèäàë â Ðîññèè ìåæäó êîëîäíèêàìè, íî ÿ ïðåäñòàâèòü ñåáå íå ìîã íè÷åãî ïîäîáíîãî” [3, ñ. 226]. Ãðóáîñòü êàññèðà ñîñòîÿëà â òîì, ÷òî îí íå îòâåòèë ãðàôó Òîëñòîìó íà åãî âåæëèâóþ ïðîñüáó íè ñëîâà, âñåì ñâîèì âèäîì âûðàæàë íåëþáåçíîñòü, “áðîñèë” íà ñòîë äâà áèëåòà è “øâûðíóë” ñäà÷ó. Ýòî áûë çàâåðøàþùèé ýïèçîä ñòîëü ñ÷àñòëèâîé ãîðíîé ïðîãóëêè. Òðóäíî ñóäèòü, êàê ýòî ñëó÷àëîñü â XIX â., íî äëÿ Ðîññèè âåêà XX è äàëåå ñþæåò ñîâåðøåííî òèïè÷íûé. Íàøè ãðàæäàíå â îò-âåò, êàê ïðàâèëî, ðåàãèðóþò ñëîâåñíî, õîòÿ ïîðîé âïîëíå ýíåðãè÷íî. Òîëñòîé æå ïðèçíàåòñÿ, ÷òî ó íåãî “ðóêè òàê è ÷åñàëèñü, ÷òîáû ñãðåñòü åãî çà øèâîðîò è ðàçáèòü â êðîâü åãî ðÿáóþ ôèãóðó” [3, ñ. 226]. 
Òàêàÿ òîíêàÿ ÷óâñòâèòåëüíîñòü, â ñî÷åòàíèè ñ èìïóëüñèâíîñòüþ è îáîñòðåííûì ÷óâñòâîì 
ñïðàâåäëèâîñòè, îïðåäåëèëà ïàôîñ ðàññêàçà “Èç çàïèñîê êíÿçÿ Ä. Íåõëþäîâà. Ëþöåðí”. Çàìå-òèì, ÷òî ýòî óæå òðåòèé (è ïîñëåäíèé!) ñþæåòíûé âàðèàíò êîíôëèêòà, ïåðåæèâàåìîãî Ë. Òîë-ñòûì â åâðîïåéñêîì ïðîñòðàíñòâå. Äàííûé ðàññêàç, ìàëî êåì èç ñîâðåìåííèêîâ îäîáðåííûé, ñàì Òîëñòîé íàçâàë “÷óòü íå ñòàòüÿ” [2, ñ. 164], ïîä÷åðêíóâ òåì ñàìûì åãî ÿâíóþ ïóáëèöè-ñòè÷åñêóþ íàïðàâëåííîñòü. Êíÿçü Íåõëþäîâ – ïåðñîíàæ àâòîáèîãðàôè÷åñêèé, êîòîðûé íå ðàç ïîÿâëÿåòñÿ â ïðîèçâåäåíèÿõ Òîëñòîãî, âîèñòèíó alter ego ïèñàòåëÿ. Ýïèçîä, îïèñàííûé â ðàñ-ñêàçå, ïðîèçîøåë ñ ñàìèì ïèñàòåëåì, è îí óïîìÿíóë î íåì â äíåâíèêå [3, ñ. 194–195], Çàïèñü äàòèðîâàíà  7 èþëÿ, â íà÷àëå ðàññêàçà âïîëíå ðåàëüíàÿ äàòà – 8 èþëÿ, ò.å. âðåìÿ çàïèñè 
НАУЧНАЯ  МЫСЛЬ  КАВКАЗА 2010 129 № 3ñîáûòèÿ. “Â÷åðà âå÷åðîì ÿ ïðèåõàë â Ëþöåðí”… – òàê íà÷èíàåòñÿ ðàññêàç [4, ñ. 7]. Âñå ýòî 
ïðèçâàíî ïîä÷åðêíóòü àâòîáèîãðàôè÷åñêèé õàðàêòåð  ïîâåñòâîâàíèÿ. Ðàáîòà íà÷àëàñü ïî ñâåæèì 
âïå÷àòëåíèÿì. Óæå 11 èþëÿ Òîëñòîé çàïèñàë â “Äíåâíèêå”: «Äîïèñàë äî îáåäà “Ëþöåðí”. Õî-ðîøî» [3, ñ. 195]. 
Ëþöåðí – î÷àðîâàòåëüíûé ãîðîäîê, ðàñïîëîæåííûé íà áåðåãàõ îäíîèìåííîãî îçåðà. Ïðè 
òîì, ÷òî îçåð â Øâåéöàðèè âåëèêîå ìíîæåñòâî, ýòî – îäíî èç êðàñèâåéøèõ. Îïèñàíèåì åãî, óäèâèòåëüíî òî÷íûì, îòêðûâàåòñÿ òîëñòîâñêèé ðàññêàç: “Íè íà îçåðå, íè íà ãîðàõ, íè íà íåáå íè îäíîé öåëüíîé ëèíèè, íè îäíîãî öåëüíîãî öâåòà, íè îäíîãî îäèíàêîâîãî ìîìåíòà, âåçäå äâèæåíèå, íåñèììåòðè÷íîñòü, ïðè÷óäëèâîñòü, áåñêîíå÷íàÿ ñìåñü è ðàçíîîáðàçèå òåíåé è ëèíèé, è âî âñåì ñïîêîéñòâèå, ìÿãêîñòü, åäèíñòâî è íåîáõîäèìîñòü ïðåêðàñíîãî” [4, ñ. 8]. Êîãäà ÿ ïî-áûâàëà â Ëþöåðíå, ÿ ïîïûòàëàñü ïîñìîòðåòü íà ãîðîä è îçåðî ãëàçàìè Òîëñòîãî. Ê îïèñàííîìó èì îùóùåíèþ ïîäâèæíîé è àáñîëþòíî ãàðìîíè÷íîé êðàñîòû äîáàâèòü íå÷åãî. Èñïûòûâàåøü êàêîå-òî íåìîå ýñòåòè÷åñêîå óïîåíèå… 
Ë. Òîëñòîé ñíà÷àëà îñòàíîâèëñÿ â äîñòàòî÷íî øèêàðíîì, äàæå ïî òåì âðåìåíàì, îòåëå 
Øâåéöåðãîô, ãäå ñ íèì è ïðîèçîøëà îïèñàííàÿ â ðàññêàçå êîíôóçèÿ.  Îòåëü â òó ïîðó áûë íîâûì, è åãî ïîñòðîèëè íà áåðåãó îçåðà, íà ìåñòå ñòàðèííîãî ìîñòà, ñîîòâåòñòâóþùèì îáðàçîì îáîðóäîâàâ è âñå óäîáñòâà äëÿ îòäûõàþùèõ. Òîëñòîìó î÷åíü íå ïîíðàâèëèñü ïðÿìàÿ, êàê ïàëêà, íàáåðåæíàÿ, ãäå âàæíî ïðîãóëèâàëèñü áîãàòûå àíãëè÷àíå, ëèïêè â äâà ðÿäà è íîâûå êâàäðàòíûå äîìà â ïÿòü ýòàæåé. Ïîñëå íåïðèÿòíîãî ýïèçîäà ñ áðîäÿ÷èì àðòèñòîì îí ïåðååäåò â ïðåäìå-ñòüå Ëþöåðíà, â îäèí èç òåõ äåðåâåíñêèõ ïàíñèîíîâ, êîòîðûå îí âñåãäà ïðåäïî÷èòàë. Îòåëü Øâåéöåðãîô ñòîèò íà ìåñòå è ïîíûíå. Òîëñòîìó àíòèðåêëàìó çàâåäåíèÿ, ïî-âèäèìîìó, òàê è íå ïðîñòèëè, à ìåìîðèàëüíàÿ äîñêà â ïàìÿòü î ïîñåùåíèè ïèñàòåëåì Ëþöåðíà áûëà îòêðûòà òîëüêî â 2009 ã. â äðóãîì îòåëå, “Ïàëàñ”, âî âðåìÿ Âñåìèðíîãî êîíãðåññà ðóññêîé ïðåññû. 
Ðàññêàç “Ëþöåðí” ïðåäñòàâëÿåòñÿ ñâîåãî ðîäà ïðîëîãîì ê èñòîðèè íðàâñòâåííîãî ðàçâè-
òèÿ Òîëñòîãî: â èñïîâåäè êíÿçÿ Íåõëþäîâà óæå î÷åð÷åíû âñå ïóòè èñêàíèé è íåðàçðåøèìûå ïðîòèâîðå÷èÿ ëè÷íîñòè àâòîðà.
Íåò íè÷åãî ëåã÷å, êàê ðàñêðèòèêîâàòü ýòîò ðàññêàç. Îí è âïðàâäó ñîâðåìåííèêàì íå ïî-
íðàâèëñÿ – íè Òóðãåíåâó, íè Ï. Àííåíêîâó, íè Â. Áîòêèíó, íè È. Ïàíàåâó. Ðàçãðîìíóþ ñòàòüþ ïîñâÿòèë “Ëþöåðíó” Ä. Ïèñàðåâ, è ýòî òîò ñëó÷àé, êîãäà äîñòàòî÷íî ýïàòàæíûé êðèòèê óáåäè-òåëåí [5]. Ñàì Òîëñòîé â ïóáëèöèñòè÷åñêîì ôèíàëå îáîçíà÷èë ñþæåò ðàññêàçàííîé èì èñòîðèè êóðñèâîì, ïðèäàâ òåì ñàìûì ñîáûòèþ èñêëþ÷èòåëüíîå çíà÷åíèå: “ Ñåäüìîãî èþëÿ 1857 ãîäà 
â Ëþöåðíå ïåðåä îòåëåì Øâåéöåðãîôîì, â êîòîðîì îñòàíàâëèâàþòñÿ ñàìûå áîãàòûå ëþäè, ñòðàíñòâóþùèé íèùèé ïåâåö â ïðîäîëæåíèå ïîëó÷àñà ïåë ïåñíè è èãðàë íà ãèòàðå. Îêîëî ñòà ÷åëîâåê ñëóøàëî åãî. Ïåâåö òðè ðàçà ïðîñèë âñåõ äàòü åìó ÷òî-íèáóäü. Íè îäèí ÷åëîâåê íå äàë åìó íè÷åãî, è ìíîãèå ñìåÿëèñü íàä íèì”  [4, ñ. 28–29]. Òîëñòîé/Íåõëþäîâ â ýòîé ñèòóàöèè 
ïîâåë ñåáÿ, ñ òî÷êè çðåíèÿ ïðèíÿòûõ ïðèëè÷èé è çäðàâîãî ñìûñëà, íå âïîëíå àäåêâàòíî: ïðè-âåë íèùåãî ìóçûêàíòà â ðîñêîøíûé îòåëü, ÷òîáû íàïîèòü ñàìûì äîðîãèì øàìïàíñêèì, óñïåë îñêîðáèòü âñþ ïðèñëóãó, çàòåì äåìîíñòðàòèâíî ïåðåñàäèë ñâîåãî ãîñòÿ èç çàëà äëÿ îáû÷íîé ïóáëèêè â ðåñòîðàí, çà ñòîë, ãäå îáåäàë àíãëè÷àíèí ñ äàìîé, òåì ñàìûì âûíóäèâ äîáðîïî-ðÿäî÷íóþ ïàðó ïðåðâàòü òðàïåçó è óéòè (ýòî ïðè òîì, ÷òî ðåñòîðàí áûë ïóñò). Îí æåëàë âñåõ óñòûäèòü, íî åãî íèêòî íå ïîíÿë, äàæå áåäíûé ìóçûêàíò, êîòîðûé èñïûòûâàë ëèøü ÷óâñòâî íåëîâêîñòè. Êñòàòè, ñàì êíÿçü Íåõëþäîâ äàë ìóçûêàíòó âñåãî “íåñêîëüêî ñàíòèìîâ”, ò.å. êîïååê. Íî ýòîò ñëó÷àé çàñòàâèë àâòîðà ïåðåæèòü íàñòîÿùåå íðàâñòâåííîå ïîòðÿñåíèå è îáðóøèòüñÿ íà öèâèëèçàöèþ, êîòîðàÿ ðàçðóøàåò âñå åñòåñòâåííûå ÷óâñòâà è ÷åëîâå÷åñêèå ñâÿçè.
Öèâèëèçàöèÿ äâèæåòñÿ âïåðåä, õîòÿ ïîíÿòèå ïðîãðåññà âñåãäà àìáèâàëåíòíî. Åñëè íà-
ëîæèòü îïèñàííóþ Òîëñòûì ñèòóàöèþ íà ñîâðåìåííûå íðàâû, òî íåòðóäíî ïðåäâèäåòü, ÷òî îíà ðàçâèâàëàñü áû ãîðàçäî áîëåå äðàìàòè÷íî è êàðèêàòóðíî. Áåäíîãî îáîðâàííîãî ìóçûêàí-òà, ñêîðåå âñåãî, ê îòåëþ âîîáùå áû íå ïîäïóñòèëè è óæ âî âñÿêîì ñëó÷àå íå âïóñòèëè â ðîñêîøíûé ðåñòîðàí – ôýéñ-êîíòðîëü. Îí èìåë áû äåëî ñ ñåêüþðèòè, â õóäøåì ñëó÷àå – ñ ìèëèöèåé/ïîëèöèåé. Âìåñòî áîãàòûõ àíãëè÷àí – âïîëíå âîçìîæíî, íå ìåíåå áîãàòûå ðóññêèå, êîòîðûå âðÿä ëè âûøëè áû íà áàëêîíû ïîñëóøàòü íèùåãî ïåâöà. Ñåé÷àñ êàæäûé ñëóøàåò ñâîþ ìóçûêó. À ìèìî óëè÷íûõ ìóçûêàíòîâ â íûíåøíåé Åâðîïå ÷àùå âñåãî ïðîñòî ïðîõîäÿò ìèìî, íå ñëóøàþò è äàæå íå ñìåþòñÿ. Ïîìíþ, êàê â Ñòðàñáóðãå, íà ïëîùàäè, íà çàðàíåå ïðèïàñåííîì ñòóëü÷èêå, ðàñïîëîæèëñÿ ñòàðèê ñ äðåâíèì àêêîðäåîíîì è íàèãðûâàë âåñåëûå ïåñåíêè. Ïëîùàäü 
130 2010 НАУЧНАЯ  МЫСЛЬ  КАВКАЗА № 3áûëà çàñòàâëåíà ñòîëèêàìè, è âñå óñòà æåâàëè, âäîëü äâèãàëàñü áåñêîíå÷íàÿ òîëïà òóðèñòîâ. 
ß ïîëîæèëà â ñòîÿùóþ íà çåìëå êîðîáî÷êó îäèí åâðî è îêàçàëàñü ñàìîé áîãàòîé: íà äíå åå ïîáëåñêèâàëî ëèøü íåñêîëüêî öåíòîâ. Ïîñèäåâ ñ ÷àøêîé êîôå, ïîíàáëþäàëà ïîë÷àñèêà: íèêòî íè ðàçó ê êîðîáî÷êå íå íàêëîíèëñÿ, à ñòàðèê âñå èãðàë. 
ß îöåíèëà èçîáðåòàòåëüíîñòü ìîëîäîãî ïîêîëåíèÿ. Îíè óæå ïîíèìàþò, ÷òî íà ñàìîäåÿ-
òåëüíóþ æèâóþ ìóçûêó òóðèñòû íå êëþþò. Â ìàëåíüêîì øâåéöàðñêîì ãîðîäêå Àñêîíà êî ìíå íà ïëîùàäè, íà âûõîäå èç óìîïîìðà÷èòåëüíîãî ñðåäíåâåêîâîãî êâàðòàëà, ãäå òåðÿåøü îùóùå-íèå âðåìåíè, âäðóã (è êàê âîâðåìÿ!) ïîäîøåë î÷àðîâàòåëüíûé ïîäðîñòîê ëåò ÷åòûðíàäöàòè ñ áóêåòèêîì ðîç-áóòîíîâ. Áûëî æàðêî, è, âèäèìî, îí òîëüêî ÷òî îñâåæèëñÿ â ñòðóÿõ ôîíòàíà: êàïëè ñòåêàëè ñ åãî ÷åðíûõ êóäðåé è ñ áåëûõ áóòîíîâ. “Ñèíüîðà, ÿ õî÷ó ïîäàðèòü âàì ðîçó”, – óñëûøàëà ÿ èòàëüÿíñêóþ ôðàçó (íà þãå Øâåéöàðèè íàðîä ãîâîðèò ïî-èòàëüÿíñêè). Ñåðäöå ìîå ðàñòàÿëî, íî îí ñìîòðåë íà ìåíÿ ñ ïîíÿòíûì îæèäàíèåì, è ÿ áûñòðî ñïîõâàòèëàñü. Ïîðûëàñü â êîøåëüêå è âûíóëà òå ñàìûå ìîíåòêè äëÿ íèùèõ, êîòîðûìè îäàðèë ìóçûêàíòà è ãðàô Òîë-ñòîé. Íî ìîé ìàëü÷èê áûë îïûòíåå. Îí ñêàçàë, ÷òî åìó íóæíî äâà åâðî, «äëÿ ïðîïèòàíèÿ». ß ïîêîðèëàñü, ïðàâäà, ñ ýòîé ðîçî÷êîé â ðóêàõ ïðîõîäèëà âåñü äåíü. Åãî ìàëåíüêèé áèçíåñ äëÿ îïðåäåëåííîé êàòåãîðèè âîñòîðæåííûõ òóðèñòîâ, âèäèìî, ðàáîòàë áåçîòêàçíî.  Êàê ïñèõîëîã, îí ìåíÿ ïåðåèãðàë. Íî ÿ è ïî ñåé äåíü íå â îáèäå. 
×òîáû óâèäåòü â äîñòàòî÷íî áàíàëüíîé, õîòÿ è ãðóñòíîé, ñèòóàöèè âñåëåíñêèé çíàê ðàñ-
ïàäà è íðàâñòâåííîé êàòàñòðîôû, íàäî áûòü Òîëñòûì. 
Íî ïàðàäîêñ òîëñòîâñêîãî “Ëþöåðíà” çàêëþ÷àåòñÿ â òîì, ÷òî çäåñü ðàâíîïðàâíû âñå òî÷êè 
çðåíèÿ, à ñàì àâòîð-ïîâåñòâîâàòåëü ïî îòíîøåíèþ ê ñåáå ïîëíîñòüþ àíàëèòè÷åí è êðèòè÷åí. Ðàññêàç ïèñàëñÿ î÷åíü áûñòðî, ïî ñâåæåìó âïå÷àòëåíèþ, è ýòî îêàçàëîñü öåííûì è âàæíûì. Ñ ñàìîãî íà÷àëà çàäàíà îïðåäåëåííàÿ òîíàëüíîñòü – äóõîâíûé äèñêîìôîðò. Ñòåðèëüíûé ìèð äî-áðîïîðÿäî÷íûõ àíãëè÷àí, çàâëàäåâøèõ îòåëåì è íàáåðåæíîé, ïðîòèâîñòîèò äåâñòâåííîé ïðèðîä-íîé ïîýçèè. Ìàëåíüêèé ìóçûêàíò ñîçâó÷åí ýòîé ïîýçèè, ñî ñâîèìè íàèâíûìè ìåñòíûìè ïåñíÿìè. Äëÿ â âûñøåé ñòåïåíè ìóçûêàëüíîãî Òîëñòîãî ýòè íåâåäîìûå òèðîëüñêèå íàïåâû íåèçáåæíî àññîöèèðóþòñÿ ñ îêðóæàþùåé êðàñîòîé è äèññîíèðóþò ñ “çàìåðçøèìè ëþäüìè”, ñîñòàâëÿþùèìè ÿäðî ðåñïåêòàáåëüíîé ïóáëèêè: “… ñòðîãîå, çàêîíîì ïðèçíàííîå ïðèëè÷èå, íåñîîáùèòåëüíîñòü, îñíîâàííûå íå íà ãîðäîñòè, íî íà îòñóòñòâèè ïîòðåáíîñòè ñáëèæåíèÿ, è îäèíîêîå äîâîëüñòâî â óäîáíîì è ïðèÿòíîì óäîâëåòâîðåíèè ñâîèõ ïîòðåáíîñòåé” [4, c. 9].
Åñëè îòìåíèòü ïîíÿòèå “ïðèëè÷èå” (ñ ýòèì òåïåðü ïðîáëåìà), íå åñòü ëè ýòî ïñèõîëîãè÷å-
ñêèé ïîðòðåò îáùåñòâà ïîòðåáëåíèÿ? Âñå ýòî ïîäãîòàâëèâàåò òèïè÷íóþ äëÿ êíÿçÿ Íåõëþäîâà/Òîëñòîãî ðåàêöèþ – ãíåâíûé áóíò. Íî ÷òî ñàìîå èíòåðåñíîå – áóíò óïðàâëÿåìûé, îñîçíàííûé: “ß ñîâñåì îçëèëñÿ òîé êèïÿùåé çëîáîé íåãîäîâàíèÿ, êîòîðóþ ÿ ëþáëþ â ñåáå, âîçáóæäàþ äàæå, êîãäà íà ìåíÿ íàõîäèò, ïîòîìó ÷òî îíà óñïîêîèòåëüíî äåéñòâóåò íà ìåíÿ è äàåò ìíå õîòü íà êîðîòêîå âðåìÿ êàêóþ-òî íåîáûêíîâåííóþ ãèáêîñòü, ýíåðãèþ è ñèëó âñåõ ôèçè÷åñêèõ è ìîðàëüíûõ ñïîñîáíîñòåé” [4, ñ. 24]. Âèäèìî, òîò æå ïñèõîëîãè÷åñêèé ìåõàíèçì ñðàáîòàë è â èñòîðèè ñ êàññèðîì. Â ýòîì ñâåòå è äàëüíåéøåå ïîâåäåíèå ãåðîÿ, çàòåÿâøåãî íåëåïóþ ññîðó ñî øâåéöàðîì è îôèöèàíòàìè, “ïðîãíàâøåãî” èç-çà ñòîëà àíãëè÷àíèíà ñ äàìîé, ïîëó÷àåò òî÷íóþ ïñèõîëîãè÷åñêóþ ìîòèâàöèþ: “Ëàêåé íå ïîíèìàë ìåíÿ, è ìîÿ íåìåöêàÿ ðå÷ü ïðîïàëà äàðîì. Ãðóáûé øâåéöàð âñòóïèëñÿ áûëî çà ëàêåÿ, íî ÿ íàïàë íà íåãî òàê ñòðåìèòåëüíî, ÷òî øâåéöàð ïðèòâîðèëñÿ, ÷òî òîæå íå ïîíèìàåò ìåíÿ, è ìàõíóë ðóêîé. …Íî âî ìíå âñå áîëüøå è áîëüøå ðàçãîðàëàñü çëîáíàÿ ñëîâîîõîòëèâîñòü. ß âñå ïðèïîìíèë: è òîëïó, êîòîðàÿ ñìåÿëàñü íàä íèì, è ñëóøàòåëåé, íè÷åãî íå äàâøèõ åìó, è íè çà ÷òî íà ñâåòå íå õîòåë óñïîêîèòüñÿ. ß äóìàþ, ÷òî, åñëè áû êåëüíåðû è øâåéöàð íå áûëè òàê óêëîí÷èâû, ÿ áû ñ íàñëàæäåíèåì ïîäðàëñÿ ñ íèìè èëè ïàëêîé ïî ãîëîâå ïðèáèë áû áåççàùèòíóþ àíãëèéñêóþ áàðûøíþ” [4, ñ. 24–25].
Âñÿ ýòà èñòîðèÿ ðàçûãðûâàåòñÿ íà ãëàçàõ åå íåâîëüíûõ ó÷àñòíèêîâ: êåëüíåðîâ, øâåéöàðà, 
à ãëàâíîå, ìàëåíüêîãî ìóçûêàíòà. È íè îäèí èç íèõ íå ïîíèìàåò, ÷òî ïðîèñõîäèò. Ýòî àáñî-ëþòíî ãåíèàëüíîå õóäîæåñòâåííîå îòêðîâåíèå ïèñàòåëÿ. Ïðè âñåé ïóáëèöèñòè÷íîñòè ðàññêàçà, çäåñü âñå èìåþò ñâîþ ïðàâäó. Â îñîáåííîñòè èíòåðåñåí îáðàç ìàëåíüêîãî ìóçûêàíòà, ñ åãî àáñîëþòíî åñòåñòâåííûìè ðåàêöèÿìè: îí ãîòîâ ðàñïèòü áóòûëî÷êó â ïðîñòåíüêîì êàôå, íî åìó íåïîíÿòíî, çà÷åì ãîñïîäèí âåäåò åãî â îòåëü, åìó íåóþòíî ïèòü äîðîãîå øàìïàíñêîå, íî êîãäà ãåðîé ðàññêàçà îòâîäèò åãî â çàëó ðåñòîðàíà, òî îí òîðîïëèâî äîïèâàåò áóòûëêó, ëèøü áû ïî-ñêîðåå âûáðàòüñÿ. È âîîáùå îí ïî ïðèðîäå äîáð è äåëèêàòåí, à ïîòîìó íè íà êîãî íå îáèæåí, 
НАУЧНАЯ  МЫСЛЬ  КАВКАЗА 2010 131 № 3â îòëè÷èå îò ñâîåãî çàùèòíèêà. Âîçíèêàåò êîíòðàñò, óñëîæíÿþùèé ñìûñë ðàññêàçà. Ãåðîé íå 
âûñòóïàåò êàê íîñèòåëü àáñîëþòíîé èñòèíû, îí ðàñêðûâàåò ñîáñòâåííûå êîìïëåêñû è îáëàäàåò ñïîñîáíîñòüþ âèäåòü ñåáÿ ñî ñòîðîíû. Ïî ñóòè , ïåðåä íàìè îïûò èñïîâåäàëüíîãî è ïîêàÿííîãî 
ñàìîàíàëèçà, õàðàêòåðíîãî äëÿ òîëñòîâñêèõ äíåâíèêîâ. Âîññîçäàííûé ñ óäèâèòåëüíîé ãëóáèíîé êîíôëèêò ýòè÷åñêîãî è ýñòåòè÷åñêîãî ñîñòàâëÿåò êëþ÷ ê íðàâñòâåííîé ëè÷íîñòè Òîëñòîãî è îáúÿñíÿåò ïîñëåäóþùèå òðàãè÷åñêèå èñêàíèÿ è ïðîòèâîðå÷èÿ ãåíèÿ: áåçóïðå÷íàÿ õóäîæíè÷å-ñêàÿ ÷óòêîñòü è ðåçêîå îñóæäåíèå èñêóññòâà, ãëóáîêàÿ ðåëèãèîçíîñòü è ðàçðûâ ñ ïðàâîñëàâíîé öåðêîâüþ, ïðîïîâåäü íåïðîòèâëåíèÿ çëó è íåòåðïèìîñòü, îñëîæíÿâøàÿ ñîöèàëüíîå è áûòîâîå ïîâåäåíèå. Óæå â íà÷àëå àâãóñòà Òîëñòîé îêàçàëñÿ â ßñíîé Ïîëÿíå, íî äóøà åãî ïîêîÿ íå íàøëà: “Ïðåëåñòü ßñíàÿ. Õîðîøî è ãðóñòíî, íî Ðîññèÿ ïðîòèâíà, è ÷óâñòâóþ, êàê ýòà ãðóáàÿ, ëæèâàÿ æèçíü ñî âñåõ ñòîðîí îáñòóïàåò ìåíÿ” [3, ñ. 197].
Âòîðàÿ ïîåçäêà Òîëñòîãî â Åâðîïó â 1860 ã. áûëà âûíóæäåííîé (ñìåðòü áðàòà) è, ãëàâíûì 
îáðàçîì, äåëîâîé. Â ýòî âðåìÿ îí óæå çàíèìàëñÿ óñòðîéñòâîì ÿñíîïîëÿíñêîé øêîëû, è åãî èí-òåðåñîâàë îïûò åâðîïåéñêîé ïåäàãîãèêè. Â “Äíåâíèêå” îí áåãëî (êàê ãîâîðèòñÿ, “îäíîñëîæíî”) ïåðå÷èñëèë ñâîè ìàðøðóòû: Íèööà, Ôëîðåíöèÿ, Ëèâîðíî, Íåàïîëü, Ðèì, Ãèåð, Ïàðèæ, Ëîíäîí, Áðþññåëü, Ýéçåíàõ, Èåíà, Âåéìàð, Áåðëèí. Ðèì îáîçíà÷èë äëÿ íåãî “âîçâðàùåíèå ê èñêóññòâó”, Ëîíäîí – “îòâðàùåíèå ê öèâèëèçàöèè” [3, ñ. 244]. Ñîçäàåòñÿ âïå÷àòëåíèå, ÷òî Åâðîïà ñàìà ïî ñåáå åãî óæå íå èíòåðåñîâàëà. Îí äåéñòâîâàë ñîãëàñíî ïðîãðàììå: ïîñåùàë äåòñêèå ñàäû è øêîëû, çàãëÿíóë â ó÷èòåëüñêóþ ñåìèíàðèþ â Âåéìàðå, îáùàëñÿ ñ ïåäàãîãàìè è áûë, êàê âñåãäà, íåèçìåííî òðåáîâàòåëåí è êðèòè÷åí. Âïðî÷åì, íåìåöêèå èäåè â îáëàñòè íàðîäíîãî îáðàçîâà-íèÿ åìó îêàçàëèñü âî ìíîãîì áëèçêè. Íåêîòîðûå íåìåöêèå øêîëû îí îòêðîâåííî (äëÿ ñåáÿ) ïîõâà ëèë [6]*. Ñ ýòèìè âïå÷àòëåíèÿìè è çíàíèÿìè îí ïîêèíóë Åâðîïó íàâñåãäà è ñ ýòèõ ïîð 
ïîïûòàëñÿ îãðàíè÷èòü, íàñêîëüêî ìîã, ëþáûå êîíòàêòû ñ ãîðîäñêîé öèâèëèçàöèåé. Äàæå ñâîé ìîñêîâñêèé äîì â Õàìîâíèêàõ îí îáóñòðîèë íà ìàíåð ñåëüñêîé óñàäüáû.  
Ñåé÷àñ Ðîññèÿ çàíîâî “îñâàèâàåò” çàïàäíóþ öèâèëèçàöèþ. Òîëüêî ïóáëèêà ðåçêî èçìåíè-
ëàñü. Â XIX â. òðóäíî âîîáðàçèòü áîãàòîãî òîðãîâöà èç ðóññêîé ãëóáèíêè, äàæå áåç êðèìèíàëü-íîãî ïðîøëîãî, ïîêóïàþùåãî îñîáíÿê/çàìîê íà ôðàíöóçñêîé Ðèâüåðå. Äåòè òàêèõ íóâîðèøåé ñ áîëüøåé ÷àñòüþ òåìíûìè ñîñòîÿíèÿìè íå ïî ñâîåé âîëå ñêó÷àþò ãîäàìè â äîðîãóùèõ åâðîïåé-ñêèõ ÷àñòíûõ øêîëàõ, çàáûâàÿ ðîäèíó, ðîäíîé ÿçûê. Ñ ÷åì âåðíóòñÿ îíè â Ðîññèþ? Èõ îòöû äåìîíñòðàòèâíî ðîñêîøåñòâóþò íà ñàìûõ äîðîãèõ ìèðîâûõ êóðîðòàõ ïîä äåâèçîì “ìû ìîæåì êóïèòü âñå”, øîêèðóÿ òðàäèöèîííî ýêîíîìíûõ åâðîïåéñêèõ ãðàæäàí ýïàòàæíûìè ðàçâëå÷åíèÿìè è ìíîãîìèëëèîííûìè òðàòàìè íà âåòåð. È ìóçûêàíòîâ ê ñåáå íà èìåíèíû è äðóæåñêèå ïîñè-äåëêè âûïèñûâàþò ïî êàïðèçó â ëþáóþ òî÷êó ìèðà. Íàñêîëüêî ãðóñòíûì è ñòðàííûì âûãëÿäèò ñþæåò “Ëþöåðíà” â ñîâðåìåííûõ ðåàëèÿõ! 
Ãðàô Òîëñòîé ðåøèë îòäàòü âñå ñâîå ñîñòîÿíèå íàðîäó è æèòü ïî ïðàâäå. Åãî íå ïîíÿ-
ëè, è îí òàéíî óøåë èç ðîäíîé óñàäüáû õîëîäíîé îñåííåé íî÷üþ, ÷òîáû íå âåðíóòüñÿ. Ìîæåò áûòü, â ýòîì îêàçàëîñü åãî äóõîâíîå ñïàñåíèå. Âåäü Ëåâ Íèêîëàåâè÷ ïîêèíóë ìèð íàêàíóíå êàòàñòðîôè÷åñêèõ äëÿ Ðîññèè ñîáûòèé, êîòîðûå äëÿòñÿ óæå âåê. Âåðíåòñÿ ëè Ðîññèÿ ê íðàâ-ñòâåííûì çàïîâåäÿì ÿñíîïîëÿíñêîãî îòøåëüíèêà?  
ËÈÒÅÐÀÒÓÐÀ
1. Ïîëîñèíà À.  Ë.Í. Òîëñòîé â Ïàðèæå // Íåâà. 2009. № 7. Ñ. 199–255.
2. Òîëñòîé Ë.Í.  Ïèñüìà 1845–1886 ãã. // Ñîáð ñî÷.: Â 20 ò. Ò. 17. Ì.: Õóä. ëèò., 1965.
3. Òîëñòîé Ë.Í. Äíåâíèêè 1847–1894 ãã. // Ñîáð ñî÷.: Â 20 ò. Ò. 19. Ì.: Õóä. ëèò., 1965. Ñ. 203–226.
4. Òîëñòîé Ë.Í.  Èç çàïèñîê êíÿçÿ Ä. Íåõëþäîâà. Ëþöåðí // Ñîáð ñî÷.: Â 20 ò. Ò. 13. Ì.: Õóä. ëèò., 
1961. Ñ. 7.5. Ïèñàðâ Ä.È.  Ïðîìàõè íåçðåëîé ìûñëè // Ëèòåðàòóðíàÿ êðèòèêà: Â 3 ò. Ò. 2. Ë.: Õóä. ëèò., 1981. Ñ. 
166–221.6. ×óãóíîâ Ä.À . Ë.Í. Òîëñòîé è Ãåðìàíèÿ // Âåñòíèê ÂÃÓ. Ñåðèÿ Ãóìàíèòàðíûå íàóêè. 2003. № 2. 
Ñ. 42–52.
14 июля  2010 г.
* В данной  статье  более  подробно  обозначены  интересы  Л. Толстого  в связи  с немецкой  педагогикой .",2025,"[3, ñ. Ñ. Ñ.","Н.В. Забабурова Нина Владимировна – доктор филологи - ческих наук профессор кафедры теории и истории мировой литературы Южного федерального университета, г. Ростов -на Дону, ул. Пушкинская, 150, e-mail: Zababourova."
3,paper_3,"стр. 2 из 6  
УДК  629 
К ВОПРОСУ  ПРИМЕНЕНИЯ  АВТОМОБИЛЬНОЙ  ЭЛЕКТРОНИКИ   
В АВТОСЕРВИСЕ  
А.В. Колосков , студент ,  
ФГОУВПО  «Российский  государственный  университет  туризма  и сервиса » 
В статье  проведен  анализ  автомобильной  электроники , используемой  при 
эксплуатации  и обслуживании  автотранспортных  средств  отечественного  и 
импортного  производства  на предприятиях  автосервиса . Проведен  анализ  систем  
управления , применяемых  при эксплуатации  автомобилей . Рассмотрена  необходимость  
применения  и рекомендованы  отдельные  системы  электронного  управления  для 
транспортных  средств  различной  модификации . 
Ключевые  слова : автомобиль , электроника , система , управление . 
 В настоящее  время  неуклонно  растет  парк  автомобилей , являющихся  
индивидуальной  собственностью  населения . Этот  фактор  требует  расширения  рынка  
услуг  автосервиса , который  вырос  в самостоятельную  отрасль  производства , являясь  
экономическим  потенциалом  страны . Цель  развития  автосервисных  предприятий
 — 
наиболее  полное  удовлетворение  разнообразных  потребностей  населения  в 
индивидуальных  услугах  ремонта , обслуживания , диагностики  транспортных  средств . 
Развитие  автосервиса  определяется  тенденциями  роста  парка  автомобилей  и 
изменения  их структурного  состава . В последние  годы  увеличился  приток  автомобилей  
иностранного  производства  в Россию . Эти автомобили  являются  комфортными  и 
удобными  в применении , имея  ряд преимуществ  по сравнению  с отечественными  
моделями . Однако  на дороги  нашей  страны  прибывают , в основном , автомобили , бывшие  
в употреблении . Все это создает  определенные  трудности  при их использовании  и 
значительно  осложняет  работу  автосервисных  предприятий . Для ремонта  и обслуживания  
иномарок  необходимо  знание  автомобильной  электроники . 
Автомобильная  электроника  охватывает  комплексное  научно -техническое  
направление , включающее  в себя не только  проектирование  и производство  автомобилей , 
но и эксплуатацию , ремонт  и обслуживание  электронных  систем . 
Электроника  начала  применяться  в автомобиле  в 30-е годы  прошлого  столетия  с 
ламповых  автомобильных  радиоприемников . Но электронные  лампы  в условиях  
эксплуатации  автомобиля  не выдерживают  экстремальных  условий , возникающих  при 
стр. 2 из 6  
работе  транспортных  средств  (повышенная  вибрация , изменение  температуры  в 
широких  пределах , изменение  напряжения  питания  и др.), поэтому  лампы  не нашли  
широкого  применения . Полупроводниковые  приборы  (диоды , транзисторы ) по этой  же 
причине  долго  не находили  применения  на автомобиле . Изобретенный  в 1948 году  
транзистор  нашел  самое  широкое  распространение  сначала  в транзисторных  ключах  
(регуляторах  напряжения , коммутаторах  систем  зажигания ), а затем  и в других  
электронных  системах . 
Интегральные  микросхемы  на полупроводниковых  элементах  значительно  
продвинули  решение  задач  в оснащении  автомобилей  современными  средствами , 
облегчив  управление  автомобильными  агрегатами  и автомобилем  в целом . В настоящее  
время  в мировом  масштабе  не выпускается  ни одного  автомобиля  без электронных  
средств . После  80-х годов  появились  электронные  приборные  панели , системы  
управления  подвеской , автоматические  кондиционеры  воздуха , радиоприемники  с 
электронной  настройкой , многофункциональные  информационные  системы  с дисплеями  
на электроннолучевых   трубках  и др. В настоящее  время  широкое  распространение  
получили  бортовые  системы  контроля  на базе электронных  блоков  управления , которые  
осуществляют  также  диагностирование  собственной  работы  на борту  автомобиля . 
Можно  классифицировать  электронные  блоки , применяемые  в современных  
автомобилях , на три основные  системы  управления : двигателем ; оборудованием  салона ; 
трансмиссией  и ходовой  частью  [2]. К основным  можно  отнести   использование  
следующих  электронных  устройств :  регуляторы  напряжения , управление  впрыском  
топлива , трансмиссией , подвеской , рулевым  управлением , тормозной  системой . Благодаря  
высокой  точности  управления  стало  возможным  значительно  улучшить  показатели  
двигателя . 
Системы  управления  двигателями  в настоящее  время  выпускаются  в различных  
модификациях . Системы  управления  двигателями  по назначению  бывают  
многофункциональными  и комплексными . В комплексных  системах   один  электронный  
блок  управляет  несколькими  подсистемами , такими  как впрыск  топлива , зажигания , 
фазами  газораспределения , самодиагностики  и др. В многофункциональных  системах  
электронный  блок  управления  подает  сигналы   только  системе  впрыска . По 
распределению  топлива  различают  многоточечный   и центральный  впрыски .  
При многоточечном  впрыске  установлено  по одной  форсунке  на каждый  цилиндр , 
а при центральном  одна  форсунка  на все цилиндры . Кроме  того, имеются  различия  и в 
  
способе  впрыска , так как  впрыск   может  осуществляться  постоянно  и импульсами . 
При постоянной  подаче  топлива  его количество  изменяется  за счет изменения  давления  в 
топливопроводе , а при импульсном  — за счет продолжительности  импульса  и его 
частоты . Если  за каждый  оборот  коленчатого  вала происходит  только  один  впрыск  
топлива  в каждый  цилиндр , то  такой  впрыск  называют  синхронным . 
Системы  управления  двигателем  подразделяются  на системы  управления  
карбюраторным  (бензиновым ) и дизельным  двигателем  и трансмиссией . Структурная  
схема  системы  управления  бензиновым  двигателем  представлена  на рис.1 
                                               Рис. 1. Структурная  схема  управления  бензиновым  двигателем : 
1 — электронный  блок  управления ; 
2 — датчик  расхода  воздуха ; 
3 — исполнительное  устройство ; 
4 — форсунка ; 
5 — двигатель ;  
6 — датчик  кислорода ; 
7 — катушка  зажигания ; 
8 — распределитель ; 
9 — 
свеча  зажигания . 
 Комплексная  система  управления  бензиновым  двигателем  обеспечивает  
оптимальную  его работу  путем  управления  впрыском  топлива , углом  опережения  
зажигания , частотой  вращения  коленчатого  вала двигателя  на холостом  ходу  и проведения  
диагностики . 2 
1 3
4 5 6
7 8 9 
  
Бензиновые  двигатели  развивают  максимальную  мощность  примерно  при 10-
процентном  избытке  топлива , а номинальный  расход  топлива  обеспечивается  примерно  
при 10-процентном  избытке  воздуха . При слишком  богатой  смеси  энергия , заключенная  в 
топливе , недостаточно  используется , при этом  происходит  неполное  сгорание  топлива , 
что приводит  к загрязнению  атмосферы  воздуха , нарушая  экологическую  безопасность  
среды  обитания  всего  живого  на земле . При слишком  бедной  смеси  горение  замедляется , 
что приводит  к падению  мощности , в результате  двигатель  перегревается .  
На различных  режимах  работы  (холостой  ход, разгон , частичная  или полная  
нагрузка ) требуются  различные  составы  рабочей  смеси , обеспечить  которые  карбюратор  
не может , т.к. обладает  большой  инерционностью . Для определения  дозировки  топлива  
необходимо  знать  количество  воздуха , всасываемого  в каждый  цилиндр . Регулирование  
впрыска  может  обеспечиваться  изменением  давления  во впускном  трубопроводе  и 
частоты  вращения  коленчатого  вала или изменения  расхода  воздуха , поступающего  в 
цилиндры . 
Система  электронного  управления  дизельным  двигателем  контролирует  количество  
впрыскиваемого  топлива , момент  начала  впрыска , ток факельной  свечи  и др. 
В электронной  системе  управления  трансмиссией  объектом  регулирования  
является  главным  образом  автоматическая  трансмиссия . Электронная  система  управления  
выбирает  оптимальное  передаточное  число  трансмиссии  и время  включения  сцепления  на 
основании  сигналов  датчиков  угла открытия  дроссельной  заслонки  и скорости  
автомобиля . 
Электронная  система  управления  трансмиссией  в сравнении  с применявшейся  
ранее  гидромеханической  системой  повышает  точность  регулирования  передаточного  
числа , упрощает  механизм  управления , повышает  экономичность  и управляемость . 
Управление  ходовой  частью  включает  в себя управление  процессами  движения , 
изменяя   траектории  и торможения  автомобиля , воздействует  на подвеску , рулевое  
управление  и тормозную  систему , обеспечивает  поддержание  заданной  скорости  
движения . 
Управление  оборудованием  салона  призвано  повысить  комфортабельность  и 
потребительскую  ценность  автомобиля . 
С этой  целью  используются  кондиционер  воздуха , электронная  панель  приборов , 
мультифункциональная  информационная  система , компас , фары , стеклоочиститель  с 
прерывистым  режимом  работы , индикатор  перегоревших  ламп , устройство  обнаружения  
  
препятствий  при движении  задним  ходом , аппаратура  связи , центральная  блокировка  
замков  дверей , стеклоподъемники , сидения  с измененным  положением , режим  
безопасности  и т.д. 
Особое  внимание  следует  уделить  приборам  электронной  автосигнализации . 
Внедрение  и эксплуатация   автомобильных  сигнализаций  в автосервисе  находят  в 
настоящее  время  широкое  распространение  и являются  востребованной  услугой  
автосервиса  [1]. Автосигнализация  — это устройство , предназначенное  для 
предотвращения  угона  автомобиля , несанкционированного  запуска  двигателя , а также  для 
выдачи   предупреждающих  и оповещающих  сигналов  при попытке  взлома  автомобиля  
или вторжения  в него . 
По конструктивному  исполнению  автосигнализации  делятся  на два типа : 
компактные  и модульные . Сигнализация  в компактном  исполнении  представляет  собой  
моноблок , содержащий  в себе почти  все элементы  системы : электронные  узлы , сирену , 
датчики . Ввиду  того, что электронные  компоненты  располагаются  в корпусе  сирены , 
которая  устанавливается  под капотом , они более  доступны  злоумышленникам . 
Сигнализация  в модульном  исполнении  состоит  из отдельных  частей : центрального  
блока , сирены  и внешних  датчиков . Центральный  блок  располагается  в салоне  автомобиля , в 
защищенном  от доступа  месте , и не подвергается  атмосферным  воздействиям . Этот  тип 
сигнализации  также  оборудуется  дополнительными  датчиками  и исполнительными  
устройствами , такими  как центральным  замком , замком  багажника , стеклоподъемниками  и  
т.п. Имеется  широкий  набор  сервисных  функций . 
В последних  моделях  сигнализаций  применяют  технологию  поверхностного  
автоматизированного  монтажа , планерные  корпуса  микросхем , монтаж  элементов  по 
бескорпусной  технологии . Данная  технология  повышает  полисоустойчивость  схем , а также  
надежность  и безотказность  элементной  базы  охранных  систем . В некоторых  моделях  
применяют  электронные  реле  блокировки  (двигателя , стартера  и т.д.), управляемые  по 
штатной  проводке  автомобиля . 
Все разрабатываемые  модели  проходят  комплексные  испытания  для получения  
международного  сертификата  соответствия  стандартам  качества  сборочного  производства . 
Таким  образом , вопросы  автомобильной  электроники  в настоящее  время  чрезвычайно  
актуальны , эффективные  технологии  работы  с электроникой  необходимы  для успешного  
развития  автосервисных  предприятий . 
 
  
Литература  
1. Андрианов  В.И., Соколов  А.В. Автомобильные  охранные  системы .  
Справочное  пособие . СПб .: БХВ - Санкт -Петербург ; Арлит . 2006.  278 с.; ил. 
2. Данов  Б.А. Электронные  системы  управления  иностранных  
автомобилей . М.: Горячая  линия  – Телеком , 2004.  224 с.; ил. 
 
УДК  504/ 338. 48 
 
ЭКОЛОГИЧЕСКИЙ  ТУРИЗМ  В КУРСКОЙ  ОБЛАСТИ  И ПЕРСПЕКТИВЫ  ЕГО  
РАЗВИТИЯ  
Г.А. Лукашова , студент , 
ГОУ  ВПО  «Курский  государственный  университет » 
 
Развитие  экологического  туризма  – один  из возможных  путей  экологического  
просвещения  населения . Действия , отрицательно  влияющие  на окружающую  среду , вызвали  
внимание  со стороны  человечества , а это, в свою  очередь , способствовало  возникновению  и 
развитию  экологического  туризма . В результате  были  выработаны  различные  меры  по 
охране  окружающей  среды , в том числе  разнообразные  виды  экологического  туризма .   
Природно -ресурсный  потенциал  Курской  области  достаточен  для его развития . Однако  
востребованность  этого  потенциала  крайне  мала . Причины  пониженного  спроса  на 
экологические  туры  в пределах  Курской  области , как внутри  региона , так и от внешних  
потребителей , различны , но главная  из них, слабая  информированность  населения  об 
особенностях  эколого -туристических  ресурсов  Курской  области  и о возможных  видах  
экотуризма . Статья  отражает   теоретические  аспекты  особенностей  развития  
экотуризма , региональные  проявления  этого  процесса  и определяет  перспективы  его 
развития  в области . 
Ключевые  слова : экологический  туризм , эколого -туристский  потенциал , ООПТ . 
 
 Туризм  стал неотъемлемой  частью  жизни  современного  общества . Бурное  развитие  
туризма  во второй  половине  ХХ столетия  было  вызвано  не только  ростом  рекреационных  и 
оздоровительных  потребностей , но и расширением  круга  потребностей  людей  в получении  
прямой  информации  о различных  явлениях , процессах , объектах  и предметах  окружающего  
мира . Информационный  аспект  потребляемой  информации  многогранен  и отражает  все 
стороны  окружающей  действительности . Существует  множество  различных  видов  туризма : ",2025,Системы  управления  двигателями  в настоящее  время  выпускаются  в различных модификациях . Системы  управления  двигателем  подразделяются  на системы  управления карбюраторным  (бензиновым ) и дизельным  двигателем  и трансмиссией . Развитие  экологического  туризма  – один  из возможных  путей  экологического просвещения  населения .,"Автомобильная электроника применяется при ремонте и обслуживании автомобилей отечественного и импортного производства на предприятиях автосервиса. Для этого необходимо знание автомобильной электроники, используемой при эксплуатации автомобилей различной модификации."
4,paper_4,"90 ЧЕЛОВЕК И ОБРАЗОВАНИЕ.  2019.  № 4 (61)
Образовательные системы и технологииН.С. Радевская,
Т .А. Антонова,
А.В. Радевский
(Санкт-Петербург) 
ОРГАНИЗАЦИЯ ЛЕТНЕГО ДЕТСКОГО ОЗДОРОВИТЕЛЬНОГО 
ОТДЫХА В УСЛОВИЯХ РЕАЛИЗАЦИИ 
НАЦИОНАЛЬНОГО ПРОЕКТА «ОБРАЗОВАНИЕ»
ORGANIZING SUMMER
CHILDREN’S HEALTH RECREATION IN THE CONDITIONS OF 
IMPLEMENTATION OF THE NATIONAL EDUCATION PROJECT  
В статье описывается опыт внедрения программы профильной кадетской смены детского оз -
доровительного лагеря на базе школы, позволяющей соприкоснуться с историей, культурой и 
достижениями своего Отечества, пробуждающей интерес к истории кадетства в России. 
Ключевые слова:  Программа профильной кадетской смены, детский оздоровительный лагерь, 
исторические ценности, патриотическое, нравственное воспитание.
The article describes the experience of introducing a program of profile cadet shift for a children’s 
recreation camp on the basis of a school that allows to get in touch with the history, culture and 
achievements of Motherland, arousing interest in the history of cadetism in Russia.
Key words: : Program of specialized cadet shift, children’s recreation camp, historical values, patriotic, 
moral education.
С 2019 года в России реализуется феде -
ральный проект «Успех каждого ребенка» в 
рамках национального проекта «Образова -
ние». Он направлен на развитие дополни -
тельного образования, выявление, сопро -
вождение и поддержку одаренных детей, 
самоопределение и профессиональную ори -
ентацию обучающихся [3].
Предполагается, что каждый ребенок в 
любом общеобразовательном учреждении 
должен получить опыт успешных дел, за -
думок, проектов. Лето – это именно та пора, 
когда мы, педагоги, можем «сделать жизнь 
ребенка», полной интересных знакомств, 
полезных увлечений и занятий, научить де -
тей петь, танцевать, играть в различные ин -
теллектуальные или в спортивные игры, с 
пользой провести свободное время, способ -
ствуя развитию творческих способностей и 
совершенствованию возможностей ребен -
ка, воспитанию в нем лучших качеств.Современное определение понятия лет -
него детского учреждения как «детского оз -
доровительно-образовательного учрежде -
ния» в соответствии с Законом Российской 
Федерации «Об образовании в Российской 
Федерации» (ст. 15, п. 2) объединило воз -
никшее в последнее время многообразие 
различных форм дополнительного обра -
зования в сфере летнего детского отды -
ха (детский центр отдыха и оздоровления 
детей и подростков, база детского отдыха, 
летний дом детского отдыха, экологическая 
площадка, дача, детский лагерь санаторно -
го типа, летняя школа здоровья, туризма, 
лидеров и т.д.) [5].
Одной из проблем общества и школы яв -
ляется сохранение и укрепление здоровья 
обучающихся в образовательном процес -
се и во внеурочное время.  Объединив эти 
два направления деятельности, мы видим 
возможности формирования гражданских, 
ЧЕЛОВЕК И ОБРАЗОВАНИЕ.  2019.  № 4 (61) 91
Радевская Н.С., Антонова Т .А., Радевский А.В. Организации летнего детского оздоровительного отдыха ...патриотических качеств у молодежи через 
систему летнего оздоровительного отдыха 
для детей и подростков на базе ОУ , органи -
зацию профильных смен военно-патриоти -
ческой направленности.
В соответствии с задачами, поставлен -
ными национальным проектом «Образова -
ние», сегодня становится необходимым ус -
ловием создание  образовательной среды, 
предоставляющей возможность повыше -
ния уровня гражданского и патриотическо -
го воспитания молодого поколения,  воспи -
тания личности гражданина, способного 
встать на защиту интересов своей Родины, 
занимать активную жизненную позицию и 
влиять на развитие общества.
По мнению Т .В. Перегудовой, педагоги -
ческая модель по патриотическому воспита -
нию старшеклассников в детском оздорови -
тельном лагере состоит из взаимосвязанных 
элементов: социального заказа общества, 
концептуального блока (цель, задачи, фак -
торы, принципы и социально-культурные 
условия), организационно-деятельност -
ного блока (функции, виды деятельности 
старшеклассников, содержание, средства, 
формы и методы), критериально-резуль -
тативного блока (критерии, показатели и 
уровни сформированности патриотических 
качеств), при интеграции которых повыша -
ется эффективность патриотического вос -
питания старшеклассников [4].
Поставленные перед школой задачи ста -
ли основанием для разработки и принятия 
программы профильной кадетской смены 
детского оздоровительного лагеря на базе 
школы, позволяющей соприкоснуться с 
историей, культурой и достижениями сво -
его Отечества, таким образом, ориенти -
рованной на практическое воплощение в 
жизнь гуманистических ценностей, на фор -
мирование у детей и подростков активной 
гражданской позиции и их социализацию, 
направленную на пробуждение интереса к 
истории кадетства в России, уважительное 
отношение к его историческим ценностям, 
на патриотическое, нравственное воспита -
ние, содержательное общение и межлич -
ностные отношения в разновозрастном 
коллективе. Приоритеты в соответствии с програм -
мой кадетской смены отдаются духов -
но-нравственному, спортивно-оздорови -
тельному и гражданско-патриотическому 
направлениям .  
Кадетская смена летнего оздоровитель -
ного лагеря на базе школы становится тем 
местом, где дети и подростки  в течение сме -
ны приобщаются к здоровому и безопасно -
му образу жизни в естественной природной 
среде, где отдых, развлечения и всевозмож -
ные хобби дают им возможность восстано -
вить свои физические и душевные силы, 
приобрести новый социальный опыт.
Мы убеждены, что реализация програм -
мы профильной (кадетской) смены через 
систему организации отдыха и оздоровле -
ния кадетов будет более эффективно ре -
шать проблемы профилактики детской без -
надзорности и других социальных проблем, 
оказывать помощь семьям и детям, попав -
шим в трудную жизненную ситуацию.
На идее служения Отечеству, на общече -
ловеческих ценностях и нравственных нор -
мах, в атмосфере братства и взаимопомощи 
будет воспитываться новое патриотиче -
ски-настроенное, высококультурное поко -
ление молодых людей.
Таким образом, главным в летней ра -
боте школы по организации отдыха детей 
становится, бесспорно, создание Единого 
пространства оздоровительной и воспита -
тельной работы, потому что для каждого 
ребенка важны:
•	 возможность проявления способно -
стей во всех областях досуговой и творче -
ской деятельности;
•	 распределение эмоциональной и фи -
зической нагрузки в течение каждого дня;
•	 моделирование и создание ситуации 
успеха при общении детей и взрослых;
•	 ежедневная рефлексия с возможно -
стью для каждого участника лагеря выска -
зать свое мнение о прошедшем дне.
Чтобы отдых в лагере приблизить к дет -
ским ожиданиям, надо окунуться самим в 
детские воспоминания, и тогда организо -
ванный нами досуг будет с интересом при -
нят детьми. 
92 ЧЕЛОВЕК И ОБРАЗОВАНИЕ.  2019.  № 4 (61)
Образовательные системы и технологииПрофессия педагога – это единствен -
ная профессия, которая дает возможность 
никогда не расставаться с детством, быть 
всегда молодым, задорным, пробовать рас -
крывать в себе разные компетенции, реа -
лизовывать свои актерские способности, 
пробовать быть литератором, спортсменом, 
романтиком, добрым волшебником, фанта -
зером… Именно летние каникулы способ -
ствуют реализации творческого и спортив -
ного запала каждого, кто связал свою жизнь 
со школой. 
Среди форм работы, которые активно и 
успешно используются в работе профиль -
ного лагеря, которые принимаются детьми, 
выделим в первую очередь традиционные 
формы, интересные для детей во все вре -
мена, – это Игры, Конкурсы, Викторины, 
Эстафеты, КВНы, Праздники, Развлекатель -
ные программы, Турниры, Походы, Библи -
отечный час, Посещения музея, Просмотр 
военно-патриотических фильмов и анализ 
их, Чтение книги, Соревнования, Эстафеты, 
Трудовой десант.
Но вместе с тем очевидно, что сегод -
ня в воспитание должны входить и социа -
лизация, и адаптация ребенка к условиям 
взрослой жизни, и разумное отношение к 
своему здоровью, и взращивание граждан -
ской позиции, и коммуникативные навыки, 
и множество иных компетенций, необходи -
мых современному человеку.
Новые методики воспитания  подрас -
тающего поколения сегодня необходимы 
и должны быть устремлены на формиро -
вание и развитие новой личности. Воспи -
тывая ребенка, нужно иметь в виду, что он 
активный и живой и в большей степени сам 
решает свои задачи. Мы хотим, чтобы ребе -
нок учился у нас или учился сам, а у ребен -
ка в это время свои дела и интересы, своя 
жизнь. Насколько мы сможем вклиниться 
в его жизнь, осуществить то, что хотим мы, 
сделать так, чтобы он учился? Каким обра -
зом мы можем этому способствовать?
Основной упор нашей системы воспита -
тельной работы направлен на развитие сво -
бодных, неповторимых и самостоятельных 
личностей. Вся система воспитательной 
работы детского оздоровительного лагеря должна быть ориентирована на сохранение 
наших наследий, обычаев, традиций и об -
щечеловеческих ценностей. 
Представляем новые формы работы из 
нашего опыта организации летних лагерей, 
которые использовали в своей работе. 
•	 Это организация детских вебина -
ров, например про космос: он способствует 
расширению представления ребят о космо -
се, космонавтике,  воспитанию уважения к 
людям, посвятившим свою жизнь освоению 
космоса, расширению кругозора о людях 
разных профессий.
•	 Новой формой стала и работа детей 
в школьной телестудии. Это видеосъемки и 
фотосъемки. 
•	 Творческие и поэтические гости -
ные (приуроченные к Году театра) также 
стоит отнести к новым формам деятельно -
сти в лагере: квест-игры, шоу-программы, 
которые проводили педагоги из школы ис -
кусств.
•	 Детские мастер-классы и творче -
ские мастерские, которые придумывали, го -
товили и проводили сами дети, конечно же, 
под руководством вожатых-воспитателей.
•	 Флешмоб – новая и очень популяр -
ная и любимая форма деятельности среди 
детей и подростков. Дети с большим удо -
вольствием повторяют за ведущим вожа -
тым действия, получается весело, смешно, 
зажигательно.
Если в школе много молодых и актив -
ных педагогов-вожатых, то они с легкостью 
создадут методический проект «Азбука 
форм работы в летних лагерях», среди ко -
торых будут как новые формы работы, так 
и проверенные временем: например, буква 
А – АКЦИЯ (новая форма работы, в которой 
активно любят участвовать дети). В лагере 
могут быть организованы разные акции, 
одна из которых «Экскурсия ветеранам». 
Дети готовят маленькую экскурсию для 
ветеранов в школьном музее (при наличии 
музея). Акция «Стихи и песни о войне», по -
священная памятной дате начала Великой 
Отечественной войны 
Б – пропустим эту букву.
В – ВИКТОРИНА на знания кадетского 
движения или ВЕЧЕР у костра (Вечер бар -
ЧЕЛОВЕК И ОБРАЗОВАНИЕ.  2019.  № 4 (61) 93
Радевская Н.С., Антонова Т .А., Радевский А.В. Организации летнего детского оздоровительного отдыха ...довской песни», «Вечер разгаданных и не -
разгаданных тайн).
Г – оставим букву на потом.
Д – ДИСПУТ . Например, в лагере «Содру -
жество» проводился диспут о патриотизме, 
где основными понятиями были: любовь к 
родине, толерантность, ответственность, 
отвага. Диспут предполагал предваритель -
ное объявление основных вопросов, выно -
симых на обсуждение. 
Необходимо учить детей проведению 
диспута, высказыванию своей точки зрения 
и уважению чужой точки зрения.
З – ЗАЩИТА ПРОЕКТА. В лагере «Содру -
жество» работа по защите проектов была 
построена следующим образом:
	 формировались проектные группы;
	 шла подготовка к защите (выбор 
способа представления проекта, изготов -
ление иллюстраций, подготовка выступле -
ния);
	 организовывалась сама защита (со -
общения проектных групп, обсуждение);
	 затем жюри проводило оценку про -
ектов и подведение итогов.
Творческими проектными пробами в 
лагере «Содружество», подготовленными 
детьми вместе с воспитателями, стали та -
кие работы, как «Никто не забыт – ничто 
не забыто», «Проект символики лагеря», 
«История малой родины» и др.
К – КОНКУРС  и т.д. 
Перепрыгнув через несколько букв, 
остановимся сейчас на букве Ф. ФЕСТИ -
ВАЛЬ – массовое празднество, предпола -гающее смотр лучших работ, достижений в 
каком-то виде деятельности (театральный 
фестиваль, фестиваль юмора и пр.). В на -
шем лагере проводился театральный фе -
стиваль, проходивший на базе Дома куль -
туры поселка, приуроченный к Году театра. 
Э – ЭКСКУРСИЯ – групповое очное или 
даже заочное посещение достопримеча -
тельного места с образовательной целью 
(экскурсия в музей, на предприятие и пр.). 
Материалы для проведения экскурсии 
воспитатели старались готовить вместе с 
детьми, обучая их и мастерству экскурсо -
водов.
Вышеперечисленные формы творческой 
деятельности стали основой нашего опыта 
по организации работы профильной смены 
лагеря, таких видов досуга, как развлече -
ние, отдых, самообразование, творчество, 
общение.
Несмотря на то, что XXI век насыщен 
разнообразными видами внешкольной де -
ятельности, каждый ребенок внутренне 
ощущает потребность в общении со свер -
стниками. Поэтому главной задачей для ор -
ганизаторов летнего отдыха детей на базе 
школы становится не только выбор форм 
работы, но и поиск и применение методов 
работы, которые могли бы мотивировать 
детей, попавших в трудную жизненную 
ситуацию, на то, что отдых в лагере – это 
возможность интересно провести время, 
обязательно научиться чему-то новому, при -
общиться к спорту, к здоровому образу жиз -
ни, получить незабываемые впечатления. 
94 ЧЕЛОВЕК И ОБРАЗОВАНИЕ.  2019.  № 4 (61)
Образовательные системы и технологииЛитература
1. Данилюк А.Я., Кондаков А.М., Тишков В.А. Концепция духовно-нравственного развития и 
воспитания личности гражданина России в сфере общего образования. – М.: Просвеще -
ние, 2009. – 23 с.
2. Монахова Л.Ю.  Единая информационно-образовательная среда «национальная 
платформа открытого образования» // Развитие детско-взрослых сообществ в 
условиях многообразия: сборник статей по материалам Международной науч -
но-практической конференции / сост. Е.В. Иванов. – СПб., 2017. – С. 59-63. 
3. Об утверждении Стратегии развития воспитания в Российской Федерации на 
период до 2025 года: Распоряжение Правительства РФ от 29.05.2015 № 996-
р [Электронный ресурс]. - URL: http://www.mmc.vega-int.ru/files/ strategiya_
vospitaniya_2025.pdf (дата обращения: 24.11.2019).
4. Перегудова Т .В. Модель педагогической работы по патриотическому вос -
питанию старшеклассников в детском оздоровительном лагере // Вест -
ник МГУКИ. – 2015. – № 3 (65). URL: https://cyberleninka.ru/article/n/model-
pedagogicheskoy-raboty-po-patrioticheskomu-vospitaniyu-starsheklassnikov-v-
detskom-ozdorovitelnom-lagere (дата обращения: 24.11.2019).
5. Федеральный закон «Об образовании в Российской Федерации» № 273-ФЗ от 29 
декабря 2012 года с изменениями 2019 года – URL: http://zakon-ob-obrazovanii.
ru (дата обращения: 24.11.2019).
",2025,"Радевская Н.С., Антонова Т .А., Радевский А.В. Организации летнего детского оздоровительного отдыха ...патриотических качеств у молодежи через систему летнего оздоровительного отдыха для детей и подростков на базе ОУ , органи - зацию профильных смен военно-патриоти - ческой направленности. Поставленные перед школой задачи ста - ли основанием для разработки и принятия программы профильной кадетской смены детского оздоровительного лагеря на базе школы, позволяющей соприкоснуться с историей, культурой и достижениями сво - его Отечества, таким образом, ориенти - рованной на практическое воплощение в жизнь гуманистических ценностей, на фор - мирование у детей и подростков активной гражданской позиции и их социализацию, направленную на пробуждение интереса к истории кадетства в России, уважительное отношение к его историческим ценностям, на патриотическое, нравственное воспита - ние, содержательное общение и межлич - ностные отношения в разновозрастном коллективе. Радевская Н.С., Антонова Т .А., Радевский А.В. Организации летнего детского оздоровительного отдыха ...довской песни», «Вечер разгаданных и не - разгаданных тайн).","Программа профильной кадетской смены детского оздоровительного лагеря на базе школы, позволяющей соприкоснуться с историей, культурой и достижениями своего Отечества, пробуждающей интерес к истории кадетства в России."
5,paper_5,"УДК 339.187  
Заборских А.С. , студент  
Пермский Государственный Национальный Исследовательский Университет  
г.Пермь, Россия  
Старикова Л.Н ., кандидат социологических наук , доцент  
Пермский Государственный Национальный Исследовательский Университет 
starikovaln 2@mail.ru 
 
ПРОБЛЕМЫ  И ПЕРСПЕКТИВЫ  РАЗВИТИЯ ЛИЗИНГА В Р ОССИИ  
 
Аннотация.  В статье рассмотрено понятие лизинга,  перечислены 
основные  преимущества и недостатки проведения лизинговых сделок. 
Обозначена роль и особенности лизинга в России Обобщены основные  
поняти я, связанны е с данной тематикой .  
Ключевые слова:  лизинг, предприятия, лизинговые платежи, 
инвестиции, рын ок лизинга.  
Zaborskikh A.S.  student   
Perm State University , Russia, Perm  
Starikova L.N.  Candidate of Sociological Sciences  
Perm State University , Russia, Perm  
starikovaln2@mail.ru   
 
PROBLEMS  AND P ROSPECTS  OF LEASING DEVELOPME NT IN RUSSIA  
 
Abstract.  The article deals with the concept of leasing, lists the main 
advantages and disadvantages of conducting leasing transactions. The role and 
peculiarities of leasing in Russia have been identified. The basic concepts associated 
with this subject are generalized.  
Keywords:   leasing , enterprises, leasing payments, investments, leasing market  
 
Лизинг или кредит? Многие, кто хотя бы слышал о таком понятии, как 
лизинг , задумывались о том, что же это такое, что лучше  выбрать, в чем 
отличия лизинга, например, от кредита или аренды и перспе ктивно ли вообще 
рассматривать эти варианты.  
Лизинг на данный момент в России является очень актуальной темой. Это 
обусловлено в первую очередь н еблагоприятным состоянием большого 
количества оборудования  в стране , другими словами у нас очень много 
устаревшего оборудования, которое больше не является рентабельным, его 
эффективность на производстве или в какой -либо фирме очень низка.  Но 
работать без оборудования в настоящее время очень тяжело и не выгодно , а 
покупать каждый раз новое не всегда и не у всех получается в связи с 
нехваткой денежных средств. И тут возникает вопрос: что же делать? Опять же 
появляется выбор, а вместе с ним и сомнения. Все эти проблемы в какой -то 
степени может помочь реши ть лизинг. Но что же такое лизинг  и как он 
появился в на шей стране ? 
Если говорить на доступном и простом языке, то лизинг – это аренда с 
правом выкупа. Другими словами, это некоторая инвестиционная деятельность, 
при которой лизингодатель сдает в аренду имущество, позволяет им 
пользоваться, заключает договор об оплате, начисляя при этом проценты.  
Многие предприятия не могут осуществить модернизацию из -за 
отсутствия финансовых средств. По той же причине могут не осуществит ься 
хорошие проекты, бизнес -идеи и планы. Именно в этих случаях на помощ ь 
может прийти лизинг, который стане т альтернати вным источником 
финансирования.  Ведь для заключения договора и получения в дальнейшем 
оборудования не обязательно иметь при себе сразу всю сумму денег. 
Достаточно в будущем ста бильно осуществлять все платежи  [6]. 
Обратимся к истории развития лизинга. В начале 90 -х гг . начали 
появляться первые лизинговы е компании в России, многие  из них были 
учреждены коммерческими банками. Уже к  середине 90 -х гг., при оценке  
потенциал а лизинга , темпов его роста, его преимущес тв дл я экономики страны, 
Правительство Российской Федерации приняло ряд постановлений, 
направленных на поддержку лизингового сектора. В 1994 г. группа и з 15 
компаний учредила Российскую ассоциацию лизинговых компаний 
(«Рослизинг» ). Сегодн я – это уже более 80 ор ганизаций, которые являются 
членами «Рослизинга».  Наряду с лизинговыми компаниями туда входят также 
страховые компании, банки и другие организации. Ассоциация ""Рослизинг"" 
является членом европейской ассоциации лизинговых компаний ""LeasEurope"" и 
ведет актив ную информационную и исследовательскую деятельность  [1]. 
Чтобы быть компетентным в данном вопросе, с уверенностью говорить о 
лизинге  и не испытывать трудности при совершении сделки , то стоит 
разграничи ть субъекты договора лизинга  и его объекты. Существует закон «О 
лизинге» , который  конкретиз ировал понятие субъектов , установив, что ими 
являются лизингополучатель, лизингодатель и продавец. По этому же закону  
было  выявлено , что можно относить  к понятию  объектов , а что нельзя. Важно 
запомнить, что предметом лизинга не могут быть земельные участки и другие 
природные объекты, а также имущество, которое федеральными законами 
запрещено для свободног о обращения  [11]. 
Важную составляющую в лизинге занимают лизинговые платежи, 
которые стоит рассмотреть подробнее. Они представляют собой пл ату за 
обычное использование объекта сделки. Лизинговые платежи являются тем 
механизмом, с помощью которого лизингодатель возмещает свои финансовые 
затраты на покупку имущества и получает желаемую прибыль [4]. Расчет 
платежей зависи т от различных факторов (период, форма выплат, размер 
платежей, метод начисления и др.) и включает в себя следующее:  
- амортизация имущества за весь срок действия договора;  
- компенсация лизингодателю за использованные заемные средства;  
- комиссия (комис сионное вознаграждение);  
- оплата дополнительных (вспомогательных)  услуг лизингодателя;  
- стоимость выкупаемого имущества (в случае, если договор лизинга 
предполагает выкуп)  [3]. 
Все нюансы и детали, такие как, размер , способ, форма и периодичность 
упла ты, а также метод определения общей су ммы лизинговых платежей, 
устанавливаются в договоре лизинга по соглашению сторон.  
Как и в любой другой сделке, лизинг имеет ряд преимуществ и 
недостатков. Перечислим основные плюсы:  
 обеспеченность финансирования опера ции в полном объеме;  
 нет необходимости осуществлять платежи сразу  и иметь всю сумму 
денег в наличии ; 
 лизинг является более гибким источником (например, по сравнению 
с ссудой), так как позволяет субъектам выбрать альтернативный график выплат , 
который описывается сторонами при заключении договора ; 
 полученные активы, как правило, не числятся у лизингополучателя 
на балансе, что освобождает его от уплаты налога на это имущество;  
 лизинг обеспечивает возможность получения квалифицированного 
сервисного и техн ического обслуживания и др.  
К недостаткам же данной операции можно отнести следующее:  
 конечная стоимость лизинга обычно получается больше, чем 
покупка оборудования в кредит , то есть лизинг обходится  дороже, чем кредит, 
что, конечно же, отпугивает клиентов лизинга ; 
 необходимость внесения аванса;  
 платежи носят обязательный характер и производятся в 
установленные сроки независимо от состояния оборудования и результатов 
хозяйственной деятельности;  
 сущест вует риск расторжения договора;  
 юридическая сложность сделки , более тяжелые условия (в отличие 
от другой финансовой помощи)  и др. [7]. 
 Объем лизинговой деятельности в России не очень велик  и темпы 
его роста не так высоки, хотя бы по сравнению с другими ве дущими странами, 
но с каждым годом лизинг в России всё больше развивается , люди узнают про 
него и начинают интересоваться. Так, например, к 2012 году российский рынок 
лизинга вырос на 8,3% на фоне сокращения общеевропейского  рынка на 1%. 
Но, к сожалению, уже в 1 полугодии 2013 года, отечественный рынок  
сократился на сопоставимые 8,2%.  
 В 1 полугодии 2013г. объем российского рынка лизинга, рассчитанный по 
методике Leaseurope, сост авил 353 млрд рублей [9]. И уже  за 9 месяцев 2016 
года объем лизингового бизнес а вырос на 17% и составил около 450 млрд 
рублей.  На показатель, учитываемый Leaseurope, ощутимо влияют курсы 
валют , которые с каждым годом повышаются, что сказывается на рынке 
лизинга  [2]. 
 Самым распространенным  предмет ом лизинга в Р оссийской Федерации  
является сельскох озяйственная техника, поскольку  на ее приобретение о бычно 
выделяется бюджетные средства . После следует лизинг компьютерной техники, 
автолизинг и лизинг медицинской техники.  
 На данный момент н аиболее распространенным источником 
финансиро вания российских лизинговых предприятий являются кредиты 
российских банков. Но не всегда банки могут предоставить эту возможность, 
поэтому в такой ситуации государственные компании играют позитивную роль, 
помогая развиваться рынку лизинга и предоставляя не обходимые средства. 
Также в первую тройку входят коммерческие кредиты поставщиков и средства 
российских банков -учредителей, a к собственным  средства м как к источник у 
финансирования прибегают довольно редко, поэтому они находятся лишь на 
девятом месте  [9]. 
Темпы развития лизинга не соответствуют сегодняшним потребностям 
экономики, и спрос на эти услуги удовлетворяется не полностью. Порой это 
связано с незнанием населения о такой услуге, как лизинг. Иногда причиной 
тому являются внешнеэкономические факторы, и ли же экономика отдельно 
взятой страны, или вообще недоверие людей к данной операции. А может 
виной тому являются те минусы, которые были оговорены ранее. Однако 
перспективы рынка лизинговых услуг нельзя не оценить положи тельно, скорее 
всего, это лишь  вопр ос времени.  
На мой взгляд, развитие лизинга положительно скажется на состоянии 
российской экономики. Но есть факторы, которые препятствуют этому 
явлению, одним из этих факторов можно считать изношенность основных 
фондов российских организаций. Процесс их о бновления финансируется в 
основном за счет нераспределенной прибыли предприятий и сдерживается 
нехваткой доступного заемного капитала. Лизинг как механизм 
альтернативного финансирования может сыграть важную роль в выполнении 
этой стратегической задачи, сто ящей  перед российской экономикой . Он 
способен на переоснащение  основных фондов промышленных предприятий [8]. 
Таким образом, поскольку л изинг в России является одним из гла вных 
инструментов долгосрочных инвестиций, то именно перед лизингом можно 
поставить задачи обновления производственных фондов, повышения 
конкурентоспособности продукции и эффективности инвестиций. К 
сожалению, рынок лизинга в России насыщен не полностью, но при 
стабилизации макроэкономической ситуации это явление имеет высокий 
потенциал р оста и быстрые темпы развития. В настоящий момент доступность 
лизинговых услуг намного выше, чем несколько лет назад , поэтому 
осуществление лизинговых операций будет способствовать дальнейшему 
активному развитию лизинга в России.  
 
Библиографический список  
1. Истори я развития лизинга в России.  [Электронный ресурс]. – URL : 
http://raexpert .ru/researches /leasing /leasing 2002/ part3/ 
2. Лизинг в России. [Электронный ресурс]. – URL : 
https://raexpert.ru/project/leasing/2016/resume/  
3.  Лизинговые платежи: порядок расчета.  [Электронный ресурс]. – 
URL :  http://www .zanimaem .ru/kredit -dlja-biznesa /lizing /lizingovye -platezhi .php 
4. Лизинговые платежи: сущность, структура, методика расчета. 
[Электронный ресурс] – URL : http://studbooks .net/796646/ finansy / 
lizingovye _platezhi _suschnost _struktura _metodika _rascheta  
5. Новикова К.В., Белевич  Ю.С.  Тенденции рынка недвижимости 
города Перми и Пермского края  // «Современные тенденции в научной 
деятельности » VII Международная научно -практическая конференция. 
Научный центр ""Олимп"". 2015 . Издательство:  Научный центр ""Олимп""  
(Астрахань). 2015, С.  1014 -1021 
6. Понятие, сущность и функции лизинга. [Электронный ресурс]. – 
URL :  http://uchebnik.online/lizing -knigi/ponyatie -suschnost -funktsii -31928.html  
7. Преимущества лизинга . [Электронный ресурс]. – URL : 
http://www.grandars.ru/student/bankovskoe -delo/preimushchestva -lizinga.html  
8. Проблематика инвестиций в лизинговые проекты. [Электронны й 
ресурс]. – URL :  http://studopedia.info/9 -74747.html  
9. Проблемы использования лизинга в России и пути их решения. 
[Электронный ресурс]. – URL : https://www.scienceforum.ru/2014/514/820  
10. Российский рынок лизинга 2012 -2013: оценка по методике 
Leaseurope. [Электронный ресурс]. – URL : 
https://raexpert.ru/researches/leasing/leaseu rope_6m2013/  
11. Философова Т.Г. Лизинг (учебное пособие )/ Философова Т.Г.  М.: 
ЮНИТИ -ДАНА, 2012.  191 c.  
 
 
 
",2025,"Перечислим основные плюсы:  обеспеченность финансирования опера ции в полном объеме;  нет необходимости осуществлять платежи сразу  и иметь всю сумму денег в наличии ;  лизинг является более гибким источником (например, по сравнению с ссудой), так как позволяет субъектам выбрать альтернативный график выплат , который описывается сторонами при заключении договора ;  полученные активы, как правило, не числятся у лизингополучателя на балансе, что освобождает его от уплаты налога на это имущество;  лизинг обеспечивает возможность получения квалифицированного сервисного и техн ического обслуживания и др. К недостаткам же данной операции можно отнести следующее:  конечная стоимость лизинга обычно получается больше, чем покупка оборудования в кредит , то есть лизинг обходится  дороже, чем кредит, что, конечно же, отпугивает клиентов лизинга ;  необходимость внесения аванса;  платежи носят обязательный характер и производятся в установленные сроки независимо от состояния оборудования и результатов хозяйственной деятельности;  сущест вует риск расторжения договора;  юридическая сложность сделки , более тяжелые условия (в отличие от другой финансовой помощи)  и др. [7]. Лизинг в России. 2015, С.  1014 -1021 6.",Российский лизинг является одной из самых актуальных тем в мире. В статье рассмотрены основные преимущества и недостатки проведения лизинговых сделок. Обозначены роль и особенности лизинга в России.
6,paper_6,"Vestnik of Tuvan State University  
Issue 4. Pedagogical sciences, № 4 (87), 202 1                                                                                   ISSN 2221 -0458  
 
15 
 
 УДК 373.3  
doi 10.24411/2221 -0458 -2021 -87-15-24 
 
РАЗВИВАЮЩИЕ ТЕХНОЛОГИИ ОБУЧЕНИЯ ГРАМОТЕ В СОВРЕМЕННОЙ 
НАЧ АЛЬНОЙ ШКОЛЕ  
Хертек Л.К.  
Тувинский государственный универси тет, г. Кызыл  
 
DEVELOPING TECHNOLOGIES OF LITERACY TEACHING IN A MODERN 
PRIMARY SCHOOL  
L.K. Khertek  
Tuvan State University, Kyzyl  
 
Статья посвящена актуальной проблеме обучения грамоте младших школьников в 
современной начальной школе. Основное содержание исследования составляет анализ 
инновационной методики Н. В. Нечаевой, базирующейся на концепции развивающего 
обучения. Сущно сть данн ой образовательной технологии выражается в том, что в целом 
изменяется характер и способ образования. В работе устанавливает ся и описывается вся 
совокупность новых методов и приемов, предложенных в развивающей системе, для которой 
целью обучения гр амоте яв ляется не только научить детей читать и писать, но одновременно 
содействовать их общему развитию, учить учению и общению. Зн ачительное внимание в 
статье уделяется анализу опыта применения методики Н. В. Нечаевой в практике школы. 
Использование разв ивающей технологии позволяет добиваться высоких показателей в 
образовании, общем развитии первоклассников, а также содействует сохра нению их 
физического и психического здоровья.  
Ключевые слова:  обучение грамоте; развивающая среда; методы; приемы; технологии; 
чтен ие; письмо; звук; буква; слог; звуковой анализ  
 
The article is devoted to the actual problem of teaching literacy to younger  schoolchildren in a 
modern primary school. The main content of the study is the analysis of N. V. Nechaeva's 
innovative methodology  based on the concept of developmental learning. The essence of this 
educational technology is expressed in the fact that, i n general, the nature and method of education 
is changing. The work establishes and describes the whole set of new methods and techn ologies 
proposed by the author, for whom the purpose of literacy training is not only to teach children to 
read and write, b ut at the same time to promote their overall development, teach learning and 
Вестник Тувинского государственного университета  
ISSN 2221 -0458                                                                    Выпуск 4. Педагогические науки, № 4 (87), 2021  
 
16 
 
 
 communication. Considerable attention is paid in the ar ticle to the analysis of the experience of 
using the technique of N. V. Nechaeva in school practice. The use of developing t echnology allows 
to achieve high indicators in education, the general development of first -graders, and also 
contributes to the pres ervation of their physical and mental health.  
Keywords:  literacy training; developing environment; methods; techniques; tech nologies; 
reading; writing; sound; letter; syllable; sound analysis  
 
Актуальность рассматриваемой 
проблемы обусловлена концепцией 
модернизации современного образования, 
выдвигающей новые требования к системе 
начального образования. Главной задачей 
являетс я необходимость повышения 
качества образования, которое должно 
осущест вляться не за счет дополнительной 
нагрузки на учащихся, а через 
совершенствование форм и методов 
обучения, через внедрение развивающих 
образовательных технологий, ориентиро -
ванных не сто лько на перед ачу готовых 
знаний, сколько на формирование и 
развитие ли чностных качеств учащихся.  
Обучение грамоте – один из самых 
важных этапов в процессе обучения в 
начальной школе. От того, насколько 
эффективно будет проводится работа по 
формированию и совершенствованию 
навыков чтения и письма, зависит 
успешность всего по следующего обучения 
учащихся, которые воспользуются 
освоенными навыками в процессе изучения 
любого учебного предмета.  
В современной школе обучение 
грамоте осуществляется по традиционной  (УМК “Школа России”, “Перспектива”, 
“Гармония”, “Начальная школа 2 1 века”, 
“Школа 2000”, “Школа 2100” и др.) и 
развивающей системам обучения 
(концепции Л. В. Занкова и Д. Б. Эльконина 
- В. В. Давыдова). Реализация ФГОС 
второго поколения определила 
кардина льные изменения в представлении о 
целях образования и путях их реализа ции в 
названных программах. Смыслом и целью 
современного образования объявляется 
развитие личности. Обучение в школе 
стало восприниматься как процесс 
подготовки обучающихся к реальной 
жизни, таким образом главной целью 
образования становится научить детей 
учиться, результатом образования 
выступают личностные, метапредметные и 
предметные достижения младших 
школьников.  
Как очевидно, что общая целевая 
установка ФГОС совпадает с целью 
систем ы развивающего обучения, 
сформулированной как «достижение 
оптимального  общего развития каждого 
ребенка» [1]. Не всякое обучение 
однозначно приводит к развитию детей, но 
Vestnik of Tuvan State University  
Issue 4. Pedagogical sciences, № 4 (87), 202 1                                                                                   ISSN 2221 -0458  
 
17 
 
 общего развития можно добиться только в 
такой системе обучения, которая 
«организует жиз недеятельность ребенка, 
создавая условия для активизации 
внутренних си л» [2].  Это личностно 
ориентированная система, которую заботит 
прежде всего полнота реализации и 
духовных, и интеллектуальных, и 
физических сил человека. В свою очередь, 
высокий уровень общего развития 
обеспечивает прочность и богатство 
знаний, умений и на выков. Конечной 
целью развивающего обучения является 
воспитание самостоятельного, инициа -
тивного, социально адаптированного, 
доброжелательного, умного человека [2].  
Концепция развивающе го обучения 
лежит в основе методики обучения грамоте 
Н.В. Нечаевой, ко торую взяли на 
вооружение многие современные школы. 
Содержание и структуру программы Н. В. 
Нечаевой определяют дидактические 
принципы Л. В. Занкова (обучение на 
высоком уровне трудности с соблюдением 
меры трудности; изучение материала более 
быстрым темпом;  ведущая роль 
теоретических знаний; осознание процесса 
учения школьниками; работа над развитием 
всех учащихся, и самых слабых, и самых 
сильных).  
Рассмотрим более подробно 
основополагающи е методические 
принципы Программы по русс кому языку 
Н.В. Нечаевой. Во -первых, преподавание учебного предмета должно обеспечивать не 
только его полноценное усвоение, но 
создавать условия для оптимального 
развития младших школьников. Во -вторых, 
человек показ ывает уровень своего общего 
развития в процессе использования языка, в  
то время как в самой речевой деятельности 
заложены потенциальные возможности для 
общего развития человека. В -третьих, 
ведущей задачей обучения языку 
становится развитие речи младших 
школьников во всех ее формах: 
внутренней, внешней (устной и 
письменной) и  во всех функциях: общения, 
сообщения, воздействия. В -четвертых, для 
решения вышеназванной задачи важны три 
условия: мотивация (потребность в речевом 
высказывании и восприятии), 
содержат ельность речи и ее правильность. 
Все три условия взаимосвязаны: 
потреб ность в речевом общении возникает, 
если понятен и интересен предмет речи, 
если человек владеет системой языка, на 
котором осуществляется коммуникация. В -
пятых, сущность обучения языку со стоит, 
следовательно, не в заучивании правил, а в 
соотнесении действит ельности с ее 
языковым выражением, т. е. в 
формировании навыков активного, 
осознанного, правильного и адекватного 
использования и понимания языковых 
средств в речи [2].  
В целом курс Н.В. Нечаевой 
характеризует его яркая практическая 
Вестник Тувинского государственного университета  
ISSN 2221 -0458                                                                    Выпуск 4. Педагогические науки, № 4 (87), 2021  
 
18 
 
 
 направленность на поль зование языком. 
Автор предлагает непрерывный курс 
русского языка, построенный в 
соответствии с единой целью и задачей, 
которые определены выше.  
В период обучения грамоте вся работа 
подч инена продуктивному обучению детей 
чтению  и письму. Продуктивность 
обучения заключается в том, что 
одновременно с освоением техники чтения 
и письма у первоклассников развиваются 
их умственные способности, 
вырабатываются волевые, нравственные 
качества, проя вляется весь спектр эмоций. 
Таким образом, основным ценностным 
ориенти ром при построении курса 
обучения грамоте становится его 
направленность на содействие общему 
развитию любого и каждого ребенка.  
В программе  Н.В. Нечаевой обучение 
грамоте – это интегрир ованный курс 
обучения чтению и письму. Его 
продолжительность (приблизи тельно) 23 
учебные недели: по 9 часов в неделю (4 
часа – Обучение грамоте, 5 часов – 
Письмо). Обучение проходит с 
использованием комплекта учебников, 
который состоит из «Азбуки», приложе ния 
к ней в виде Тетрадей по чтению «Я 
читаю?», «Я читаю .», «Я читаю!»  (авт. Н. В. 
Нечаева, К.С. Белорусец) и Тетрадей по 
письму (авт. Н. В. Нечаева, Н. К. 
Булычева). В качестве дополнительного 
пособия используется Рабочая тетрадь «Звуки и буквы» (авт. О.А.  Мельникова). 
Необходимо отметить, что и «Азбука», и 
Тетради по чтению  и письму своим 
оформлением (на каждой странице яркие, 
красочные иллюстрации) и содержанием 
всячески привлекают внимание детей, 
чтобы у них возникало желание взять эти 
книги в руки, расс матривать их, работать с 
ними. Внешне они напоминают детские 
книжки, в  которых дети могут рисовать, 
писать, чертить, раскрашивать, но в то же 
время книги обладают всеми признаками 
учебника.  
Реализация развивающей системы 
при обучении грамоте производится в 4 
этапа и осуществляется в условиях 
специально организованной у чебно й 
деятельности. При этом необходимо 
подчеркнуть, что обучение чтению и 
письму проводится на основе 
традиционного звукового аналитико -
синтетического метода.   
1 этап – подготовительный. В отличие 
от традиционной метод ики, где этот период 
называется «добуквар ным» или 
«добуквенным», и посвящен полностью 
работе, подготавливающей детей к 
усвоению грамоте, в развивающей среде 
дети сразу приступают к изучению букваря 
и знакомству с буквами. О нео бходимости 
сведения к минимуму подготовительной 
работы Л.В. Занков пис ал следующее: «В 
отрыве от обучения чтению не может быть 
достигнут заметный прогресс в развитии 
Vestnik of Tuvan State University  
Issue 4. Pedagogical sciences, № 4 (87), 202 1                                                                                   ISSN 2221 -0458  
 
19 
 
 фонематического слуха, умения слышать 
звуки в живом слове. Ведь подлинное 
развитие фонемат ического слуха, 
необходимое для успешного овладения 
грамотой, происход ит именно тогда, когда 
дети проходят букварь. Здесь они 
постоянно имеют дело с материалом, на 
котором следует практиковать упражнения 
в выделении звуков, в их сопоставлении и 
различении,  в узнавании заданного звука в 
словах и т. п.» [1]. В обучении детей 
необходимо как можно раньше 
объективировать звук, представляя его знак 
букву, которую можно увидеть, потрогать, 
написать [2]. Потому у Н. В. Нечаевой уже 
на 12 странице «Азбуки» (приблизи тельно 
на шестом уроке) дети приступают к 
изучению однозвучных гласных  звуков: Аа, 
Уу, Оо, Ээ, Ии, ы.  В это же время вводятся 
такие важные лингвистические понятия, 
как речь устная и письменная (в темах 
«История речи», «Речь устная и 
письменная»), предложен ие, слово, звук, 
звуки гласные и согласные, буквы (в темах 
«Знаки звук ов», «Звуки – гласные и 
согласные», «Знаки звуков – буквы»), 
твердые и мягкие согласные звуки (в теме 
«Как буква меняет слово»).  
Весь этот сложный теоретический 
материал дается в занима тельной форме в 
соответствии с требованием системы 
общег о развития о т ом, что 
интеллектуальное и эмоциональное 
развитие должно происходить в единстве, причем эмоциональное развитие должно 
идти опережающими темпами, это даст 
толчок интеллектуальному, нравст венному, 
творческому началам [2]. Проилл стрируем 
данные положения прим ерами из 
«Азбуки». Итак, тема «История речи» 
начинается с предложения помочь 
древнему человеку, далекому предку. 
«Почему его не понимают?» – спрашивают 
авторы учебника (подразумевается о твет, 
что наш предок не умел говорить). Каждое 
задание сопровождается яркими и 
одновременно забавными иллюстрациями. 
Далее следует задание «Прочитать» письмо 
первобытной девочки Таффи, которую 
придумал сказочник Киплинг. Затем 
нарисовать то, что ты хочешь сообщить и 
задается ребенку вопрос: «Правильно ли 
тебя поняли?» Потом детям показывают 
изображения пиктограмм с 
сопровождающим текстом, что человек 
придумал, как точнее изображать свои 
сообщения. «Наконец, человек придумал 
знаки. Ими он пользуется и сейчас , 
написано слово «зима» по -японски, по -
английски и по -русски. «Долго и  трудно 
человек шел к речи. А зачем человеку речь? 
Зачем нужна устная речь? (Устный от 
древнерусского слова «уста» – рот, губы). 
А письменная? Ты знаешь, как называется 
твой родной язык?  Наша «Азбука» учит 
тебя русскому языку. То путь, который 
человечество  прошло за многие 
тысячелетия, ты проходишь всего за 7 лет» 
Вестник Тувинского государственного университета  
ISSN 2221 -0458                                                                    Выпуск 4. Педагогические науки, № 4 (87), 2021  
 
20 
 
 
 [3, с. 6-7]. В такой же увлекательной форме 
учащиеся получают интересные сведения 
об истории обучения, об истории речи, о 
своей родине, о героях сказок и др. Им 
предлагаются всевозможные интересны е 
задания, например, считывание смысла 
рисунков «Найди на странице и назови 
животных, транспорт, то, что едят. Соедини 
рисунок предмета со схемой его названия» 
[3, с. 17]. Или же чтение пиктограмм, 
работа со  схемами слов и предложений, 
перекодирование разн ообразных шифров, 
разгадывание буквенных и словесных 
ребусов, загадок, кроссвордов, заучивание 
стихов и скороговорок, считалок и пр. Как 
полагают авторы «Азбуки», на этом 
первом, самом т рудном этапе обучения 
нужно заинтересовать и удивить ребенка, 
так как удивление даст импульс к 
познанию. Немалую роль в этом играет 
сопоставление широкого литературного и 
языкового материала, творческий характер 
заданий, игровые приемы, к примеру, «Кто 
быстрее нарисует по точкам?», «слепые 
рисунки» и инсценировки. В «Азбуке» , 
тетрадях по чтению «Я читаю» есть 
страницы, где детям предлагается что -то 
дописать, нарисовать, раскрасить, т.е. дети 
становятся соавторами книг. Для читающих 
детей достаточно много ма териала для 
чтения. Для нечитающих детей вводится  
опосредованное чтени е с опорой на 
зрительный образ при считывании смысла с 
рисунков, например:  «У (рисунки девочки и мяча), а у (рисунки мальчика и 
самоката)»  [3, с. 13, 14].  
В этот период у детей формирую тся 
умения слышать и понимать вопрос, 
отвечать именно на заданный вопр ос, 
говорить на обсуждаемую тему, вступать в 
беседу, доказывать, дополнять, возражать. 
Это очень важно в развивающем обучении.  
На втором этапе продолжается 
работа, начатая в подготовите льный 
период. Вводятся самые слышимые 
сонорные согласные з вуки и 
соотв етствующие им буквы: Лл, Мм, Нн, 
Рр, й . Начинается первичное чтение, дети 
на коротких, простых по составу словах 
осваивают способ слитного, неразрывного 
чтения и письма: «Звуки в словах 
произноси на одн ом выдохе, без перерыва, 
старайся их не растягивать: « Ум-ал, ма -
мама, ла -лама, му -мул, эму -Эмма» [3, с. 
23]. Вводится понятия ударение и слог в 
темах «Ударение», «Зачем нам слог?» 
Применяется хоровое, выборочное, 
индивидуальное чтение.  
3 этап. Изучаются звонкие согласные 
звуки и соответствующие им буквы: Бб, 
Вв, Гг, Дд, Жж, Зз . Увеличивается длина 
читаемых слов: «лов -ловили, вар -варили, 
говор -говорили»  [3, с. 39]. Появляется 
стечение согласных: «вдруг, догадался, 
огромный, Владимир»  [3, с. 45]. Зат ем 
вводятся парные глухие согласные и буквы: 
Кк, Пп, Сс, Тт, Ф ф, Шш . Сравнение и 
сопоставление в теме «Звонкие – глухие 
Vestnik of Tuvan State University  
Issue 4. Pedagogical sciences, № 4 (87), 202 1                                                                                   ISSN 2221 -0458  
 
21 
 
 согласные». Существенно ускоряют навык 
качественного чтения и письма включение 
заданий по смысловому анализу текста [3, 
с. 81], смысловому и грамматическому 
анализу предложений и слов. Например: 
«Впиши подходящие по смыслу слова. 
Какие варианты получились? Она была у 
Анны. Он был у Вовы. Они/мы были у 
Бори.»  [3, с. 40].  
4 этап. Наконец, когда у детей 
появляется достаточный опыт чте ния, 
вводятся наиболее трудные случаи: 
двузвучные гласные букв ы Ее, Ёё, Юю, 
Яя, непарные согласные Хх, Цц, Чч, Щщ ; 
мягкий ь и твердый ъ знаки. Еще больше 
усложняется слоговая структура слов, 
появляется расхождение звукового и 
буквенного состава: « Эля-ела, окать -ёкать, 
Уля-Юля, арка -ярко» . Также расхождение 
количества звуков и количества букв.  
Таким образом, в авторской методике 
Н. В. Нечаевой предложен принципиально 
новый порядок изучения звуков  и букв: 
звуки и буквы вводятся группами в 
соответствии с их ф онетическими 
особенностями. Движение идет от наиболее 
слышимых  и менее проблемных звуков 
(соответственно букв) к менее слышимым и 
более проблемным. Кроме того, строго 
выдерживается постепенность  в слоговом 
усложнении слов. Вводится очень важная 
деятельност ь в развивающем обучении – 
поиск закономерностей. С самого нач ала 
обучения в школе закладывается умение рассматривать один и тот же объект с 
разных точек зрения, умение устанавливать 
все возможн ые связи, которые создают 
данный объект или явление. Детей ста вят 
перед коллизией (учебной задачей), и они 
учатся ее решать разными способами, 
учатся обобщать и классифицировать. 
Форма представления таких задач образная 
(рисунки, схемы, пиктограммы) и 
слов есная. Например, задание «Зачеркни 
слово, которое не рифмуется  с другими 
словами. Что ты можешь рассказать об 
этом слове, об  этом предмете?» Дети от 
узнавания наглядного образа – рисунков 
предметов переходят к анализу их названий 
– слов, звуков, т.е. перех одят на 
абстрактный, понятийный уровень. Такие 
задания позволя ют учащимся работать на 
высоком уровне трудности, но вполне им  
доступном.  
Еще одна из инновационных форм 
работы, предложенных Н. В. Нечаевой, 
разыгрывание инсценировок, небольших 
спектаклей, па нтомим, с постепенным 
включением высказываний детей. Это 
проис ходит благодаря страничкам «Театр» 
в «Азбуке». Такая работа пр обуждает у 
детей желание поделиться своими 
мыслями, чувствами, вызывает интерес к 
собеседнику, потребность в общении. 
Кроме того, уч астие в театре дает очень 
важный социальный опыт общения со 
знакомыми и незнакомыми людьми, с 
пожилыми людьми и инвалидами, опыт 
Вестник Тувинского государственного университета  
ISSN 2221 -0458                                                                    Выпуск 4. Педагогические науки, № 4 (87), 2021  
 
22 
 
 
 правильного телефонного разговора, 
поведения в общественных местах. Как 
отмечают методисты, театр позволяет 
кому -то вспомнить, а кому -то узнать 
наиболее распространенные сказки, их 
сюжеты, раскрыть посредством 
инсценирования особенности героев [2].  
 Значительная часть теоретических 
положени й системы Н. В. Нечаевой уже не 
первый год находит применение в 
Начальной школе МАОУ «Лице й № 15 им. 
Героя Советского Союза Н. Н. Макаренко 
г. Кызыла РТ ». Отметим некоторые 
результаты практической работы по 
использ ованию методики и УМК Н. В. 
Нечаевой учителя этой школы Сат Е. М.  
Во-первых, первоклассники, 
занимающиеся по системе Н. В. Нечаевой , 
завершают обучение грамоте в начале 3 
четверти (феврале), в то время как 
обучение грамоте по традиционной 
программе продол жается в течение всего 
учебного года.  
Во-вторых, особый подход к порядку 
изучения букв и постепенному усложнению 
читаемых слов позволяет детям 
самостоятельно открывать и легко 
усваивать правила  чтения. К окончанию 
периода обучения грамоте скорость чтения 
детей в среднем составляет 60 -78 слов в 
минуту.   
В-третьих,  процесс обучения строится 
таким образом, что ученики добывают 
знания  самостоятельно, а учитель только помогает им, направляя на нужный  путь. 
Так дети способны сами вывести правила 
написания звонких со гласных и 
проверяемых безударных гласных в корне, 
осознать написание гласных после 
шипящих, отсутствие мягкого знака в 
сочет аниях букв ч и щ с другими 
согласными, кроме л, и др. Т.е., 
первок лассники вполне есте ственно входят 
в грамматическую систему языка.  
В-четвертых, учителем Сат Е. М. 
была разработана система качественной 
оценки достижений учащихся «Лесенка 
успеха» и «Говор ящие смайлики», которые 
позволили детям видеть свои сильные и 
слаб ые стороны, а учителю и родителям 
оценить динамику продвижения каж дого 
ученика по отношению к самому себе. И 
это очень важное условие для создания в 
классе развивающей среды.  
В-пятых, наши наблюдения за 
учащимися показывают, что правильно 
построенные урок и не вызывают у 
первоклассников нервных перегрузок. 
Наоборот, поло жительный настрой, 
интерес к познанию, отсутствие ненужных 
«карательных» мер – все это сводит до 
минимума неизбежную усталос ть от 
работы и не вызывает негативного 
отношения к учебе.   
В цело м, нак опленный практически й 
опыт подтверждает высокую надежность и 
результативность развивающей системы 
обучения и дает обнадеживающие 
Vestnik of Tuvan State University  
Issue 4. Pedagogical sciences, № 4 (87), 202 1                                                                                   ISSN 2221 -0458  
 
23 
 
 результаты: уровень подготовк и и развития 
детей оказывается выше, чем при обучении 
по традиционным программам. Система 
Н.В. Нечаевой не означает форсирование развития, но создает условия для 
пробуждения и развер тывания зреющих в 
ребенке сил и возможностей.
 
Библи ографический список  
1. Занков, Л. В. Избранные педагогические 
труды / составители М. В. Зверева, Н. К. 
Индик, В. В.  Занков. – Москва : Дом 
педагогики, 1999. – 608 с. – Текст : 
непосредственный.  
2. Нечаева, Н. В. Обучение грамоте. 
Методические рекомендации. – Самара : 
ЗАО “Издательский дом “Федоров”, 
2013. – 120 с. – Текст : 
непосредственный.  
3. Мельникова, О. А. Звуки и букв ы. Учусь 
грамоте. Рабочая тетр адь. 1 класс. – 
Самара : ЗАО “Издательский дом 
«Федоров», 2016. – 32 с. – Текст : 
непосредственный.  
4. Нечаева, Н. В.  Азбука / Н. В. Нечаева, К. 
С. Белорусец. – Самара : ЗАО 
“Издательский дом «Федоров», 2021. – 
112 с. – Текст : н епосредственный.  
5. Нечаева, Н. В. «Я читаю». Тетрадь по 
чтению к “Азбуке” / Н. В. Нечаева, К. С. 
Белорусец. – Самара : ЗАО 
“Издательский дом “Федо ров”, 2021. – 
16 с. – Текст : непосредственный.  
6. Нечаева, Н. В. Тетрадь по письму. 1 
класс / Н. В. Нечаева, Н. К.  Булычева. – 
Самара : ЗАО “Издательский дом “Федоров”, 2021. – 32 с. – Текст : 
непосредственный.  
7. Российское образование : федеральный 
портал. – URL : http://edu.ru/  (дата 
обращения: 20.11.2021). – Текст : 
электронный.  
Refer ences  
1. Zankov L. V., Zvereva M.V., Indik N.K. 
Izbrannye pedagogicheskie Trudy [Selected 
pedagogical works]. Moscow : House of 
Pedagogics. 1999. 608 p. (In Russian)  
2. Nechaeva N. V. Obuchenie gramote. 
Metodicheskie rekomendatsii [Teaching to 
read and write. Gu idelin es]. Samara : JSC 
Publishing House «Fedorov». 2013. 120 p. 
(In Russian)  
3. Mel'nikova O. A. Zvuki i bukvy. Uchus' 
gramote. Rabochaya tetrad'. 1 klass. 
[Sounds and letters. I'm learning to read and 
write. Workbook. 1st class.] – Samara : JSC 
Publishing H ouse «Fedorov». 2016. 32 p. 
(In Russian)  
4. Nechaeva N. V., Belorusets K. S. Azbu ka 
[Alphabet]. Samara : JSC Publishing House 
«Fedorov».  2021. 112 p. (In Russian)  
5. Nechaeva N. V., Belorusets K. S. «Ya 
chitayu». Tetrad' po chteniyu k “Azbuke” 
[""I read."" Notebo ok for reading to the 
Вестник Тувинского государственного университета  
ISSN 2221 -0458                                                                    Выпуск 4. Педагогические науки, № 4 (87), 2021  
 
24 
 
 
 ""ABC""]. – Samara : JSC Publishing House 
«Fedorov».  2021 . 16 p. (In Russian)  
6. Nechaeva N. V., Bulycheva N. K. Tetrad' 
po pis'mu. 1 klass [Workbook for writing. 1st class]. Samara : JSC Publishing House 
«Fedorov». 2021. 32 p. (In Russia n)  
7. [online] Available at: http://standard. 
edu.ru.  
 
Хертек Лидия Кенденовна  – кандидат филологических наук, доцент кафедры теории 
и методики языкового образования и логопедии , Тувинский  государственн ый университет, г. 
Кызыл, e-mail: lidia.hertek@yandex.ru  
 
Lidia K. Khertek  – Candidate of Philology, Associate Professor at the Department of Theory 
and Methods of Language Education and Speech Therapy , Tuvan State University, Kyzyl, Russia, 
e-mail: lidia.hertek@yandex.ru  
 
Статья поступ ила в редакцию 3 0.11.2021  
 
 
 
 
 
 
 
 
 
 
 
 
 
 
 
 
 
 
 ",2025,"Потому у Н. В. Нечаевой уже на 12 странице «Азбуки» (приблизи тельно на шестом уроке) дети приступают к изучению однозвучных гласных  звуков: Аа, Уу, Оо, Ээ, Ии, ы.  В это же время вводятся такие важные лингвистические понятия, как речь устная и письменная (в темах «История речи», «Речь устная и письменная»), предложен ие, слово, звук, звуки гласные и согласные, буквы (в темах «Знаки звук ов», «Звуки – гласные и согласные», «Знаки звуков – буквы»), твердые и мягкие согласные звуки (в теме «Как буква меняет слово»). [3, с. 6-7]. Нечаева, Н. В. Обучение грамоте.","Проблема обучения грамоте младших школьников в современной начальной школе стала одной из самых актуальных в мире образовательных технологий. Основное содержание исследования составляет анализ инновационной методики Н. В. Нечаевой, базирующейся на концепции развивающего обучения."
7,paper_7,".
АКИМОВА Алёна Олеговна – аспирант Московского государственного областного универ -
ситета (М гОУ), ассистент кафедры «Международные отношения и геополитика транспорта» 
Российского университета транспорта (МИИТ). E-mail: alena_akimova_1994@mail.ru
Ключевые слова: российская диаспора, восточная и западная диаспора, политика в отно -
шении соотечественников.УДК 341.221.14: 323.113
Российская диаспора: 
перспективы сотрудничества
Алёна АКИМОВА
Понятие российской диаспоры, её факторы 
и критерии
Проблема взаимодействия России 
со своей диаспорой  – одна из са -
мых актуальных. С 90-х годов зна -
чительно возрос интерес к научному 
исследованию роли русскоязычного 
населения за рубежом.
Теоретическое  осмысление  и обобщение  ме-
ханизма  взаимосвязей  между  соотечественниками  
за рубежом,  а также  с государственными  и обще -
ственными  структурами  страны  можно  найти  в ра-
ботах  таких  учёных,  как: В. Евтух,  В. Трощинский, 
В. Наулко, В. Рымаренко, А. Попок и др.
Для россиян, проживавших и 
проживающих за пределами России, 
пользуются термином «российская 
диаспора» или «соотечественники за 
рубежом». Стержневым моментом 
понятия «российская диаспора» яв -ляется фиксация факта нахождения 
определённой части российской эт -
нической общности за пределами её 
территории  – России.
Диаспора (греч. diaspora  – рассе -
яние)  – это рассеяние по разным 
странам народа.
Впервые  понятие  «диаспора»  употреблено  
в отношении  еврейского  народа,  изгнанного  рим-
лянами  в I в. н. э. из Палестины  и рассеявшегося 
по просторам Римской империи.
Постепенно этот термин стали 
употреблять и в отношении других 
религиозных и этнических сооб -
ществ (например, в отношении ар -
мян), которые по разным причи -
нам – экономическим, религиозным, 
политическим  – вынуждены были 
58 ОБОЗРЕВАТЕЛЬ–OBSERVER  10/2020
А. АКИМОВА     • РОССИЙСКАЯ ДИАСПОРА: ПЕРСПЕКТИВЫ СОТРУДНИЧЕСТВА
покинуть историческую родину 
и жить в иноэтнической среде.
Длительное время термин «рос -
сийская диаспора» воспринимался 
в России далеко не однозначно и 
был объектом острых дискуссий. 
Противники употребления этого 
термина ссылались в основном на 
то, что понятие «диаспора» каса -
лось и касается исключительно ев -
реев и проводить аналогии с рос-
сиянами, на их взгляд, неправо -
мерно. Одна ко причины были 
значительно сложнее:
– во-первых, термин «диаспора», 
подчёркивает факт преимуществен -
но недобровольного рассеяния лю -
дей одной этнической группы;
– во-вторых, постепенно практи -
чески любая диаспора доходит до 
формирования политической идео -
логии, направленной на освобожде -
ние исторической родины и образо -
вание собственного независимого 
государства.
Именно учитывая эти два осново -
полагающих признака понятия «ди -
аспора» и его применение к оторван -
ной от материнского корня части 
российского этноса было неприем -
лемым. Это послужило причиной бо -
лее широкого использования в офи-
циальной риторике термина «сооте-
чественники за рубежом».
Таким образом, трактовка терми -
на «российская диаспора» в значи -
тельной степени изменилась (как 
изменились и функции самой рос -
сийской диаспоры в отношении Рос -
сии). Поэтому, чтобы называться 
диаспорой, национальная группа, 
которая проживает на территории 
1  Винниченко И. Российские соотечественники // Культурные связи России с российскими 
соотечественниками. Материалы научно-практической конференции. Воронеж: Воронежское 
отделение общества «Россия  – мир», Восточный издательский дом, 2014.другого государства, должна по 
крайней мере понимать себя как ре -
транслятора народных ценностей 
и сознавать временность своего пре -
бывания вдали от родины.
Так что же с научной точки зре -
ния российская диаспора?
Некоторые исследователи ут -
верждают, что критерии, по кото -
рым определялось понятие россий -
ская диаспора, на самом деле поня -
тие западная российская диаспора, 
которое не всегда и не во всём под -
ходит для характеристики того, что 
называется восточной российской 
диаспорой [ 1].
Такое разделение в  научной сре -
де можно объяснить ещё и тем, как 
происходило формирование этих 
диаспор. В течение XIX–XX вв. было 
несколько волн миграции из Рос -
сийской империи/СССР/России, 
причинами которых являлись внут-
ренняя политика, войны, револю -
ции, международные договоры и 
смена границ, а также разрушение 
единого государства. После распада 
СССР русскоязычное население 
осталось на территории новых не -
зависимых государств не по соб -
ственной воле. Это объясняет ра -
зобщённость и отсутствие единства 
внутри диаспор.
Западная диаспора формирова -
лась добровольно, в отличие от вос -
точной, и, проживая в соответству -
ющих странах на протяжении не -
скольких поколений, развила 
широкую сеть собственных этниче -
ских организаций и учреждений. 
Поэтому западные соотечественни -
ки имеют б€ ольшие возможности для 
10/2020 ОБОЗРЕВАТЕЛЬ–OBSERVER  59
ПОЛИТОЛОгИЯ
. .
сохранения своей национальной 
идентичности как общность, несмот -
ря на почти сплошную интеграцию 
таких россиян в политическую и об-
щественную жизнь стран прожи -
вания.
Современное научное осмысле -
ние такого явления, как российская 
диаспора, привело к установлению 
её типологии, согласно которой она 
делится на западную и восточную. 
Западная является не только этно -
культурным, но и национально-по -
литическим сообществом, а восточ -
ная – только этнокультурным.
Современные тенденции требу -
ют выработки более действенного 
механизма привлечения соотече -
ственников за рубежом (с учётом их 
возможностей) к решению сложных 
социально-экономических и куль -
турно-языковых проблем, направ -
ленных на повышение имиджа Рос -
сии. При этом поддержка и защита 
со стороны исторической родины 
необходимы и самой российской 
диаспоре, особенно в постсоветских 
странах, где только начато созда -
ние их этнокультурной инфра -
структуры. В связи с этим авторы большинства исследований пыта -
ются дать ответ на следующие во -
просы:
– какой должна быть государ -
ственная политика, каковы её при -
оритеты и задачи в сфере связей 
с соотечественниками за рубежом;
– какие существуют или будут 
созданы инструменты (механизмы) 
реализации этой политики;
– как будут взаимодействовать 
органы государственной власти 
и общественные организации на од -
ном проблемном поле.
Сложное развитие Российского 
государства в  конце XX и  начале 
XXI в. и, как следствие, потеря ча -
сти его населения способствовало 
отсутствию внутренней консолида -
ции между политиками и исполни -
тельной властью, а негативное вли -
яние внешне- и внутриполитиче -
ских факторов привело к тому, что 
на сегодня практически нет единой 
чёткой политики в отношении рос -
сийских соотечественников за ру -
бежом.
Целесообразно рассмотреть эта -
пы формирования российской диас-
поральной политики.
Формирование российской диаспоральной политики
Необходимо выделить определён -
ные этапы формирования поли -
тики России в диаспоральной поли -
тике, что даёт возможность выявить 
тенденции и спрогнозировать её ре -
зультаты.
Распад СССР мог бы быть нача -
лом принципиально новых взаимо -
отношений с зарубежным русско-
язычным населением.
В 2002 г. начал свою деятель -
ность Всемирный координационный совет российских соотечественни -
ков, проживающих за рубежом 
(ВКСРС), возглавляемый Всемир -
ным координационным советом 
(ВКС), который осуществляет коор -
динирующие, исполнительские и 
представительские функции по всем 
вопросам, входящим в его компе -
тенцию.
ВКС является  высшим  исполнительным орга-
ном,  обеспечивающим  в период  между  всемирны -
60 ОБОЗРЕВАТЕЛЬ–OBSERVER  10/2020
А. АКИМОВА     • РОССИЙСКАЯ ДИАСПОРА: ПЕРСПЕКТИВЫ СОТРУДНИЧЕСТВА
. .
ми форумами  соотечественников,  осуществление 
их решений,  взаимодействие  объединений  сооте -
чественников  с государственными  учреждениями 
Российской Федерации и её субъектов.
В своей  работе  ВКС опирается  на Российский 
координационный  совет  (РКС)  и страновые  коор-
динационные  советы  российских  соотечественни -
ков (КСОРС),  признающие  решения  всемирных  
форумов  соотечественников  за рубежом  и уча-
ствующие в их реализации.
ВКС выступает  в роли рабочего  органа  по под-
готовке  и организации  всемирных  форумов  сооте-
чественников.
Члены  ВКС участвуют  в его работе  на добро -
вольных  началах  и на безвозмездной  основе.  Со-
вет имеет  статус  общественного  объединения  без 
образования юридического лица.
Поддержка со стороны государ -
ственных органов могла бы суще -
ственно повысить авторитет сооте-
чественников за рубежом и их ор-
ганизаций в мире. Неоднократно 
заявлялось на высших уровнях 
российской власти о защите их ин -
тересов, определения и наделения 
их особым статусом и возможно -
стями.
Эти намерения остаются лишь 
декларацией. Согласно ст. 1 Феде -
рального закона соотечественни -
ками признаются лица, родившие-
ся в одном государстве, прожива -
ющие либо проживавшие в нем 
и обладающие признаками общно -
сти языка, истории, культурного 
наследия, традиций и обычаев, 
а также потомки указанных лиц по 
прямой нисходящей линии, а так-
же граждане Российской Федера -
2  Федеральный закон от 24 мая1999 г. № 99-ФЗ «О государственной политике Российской 
Федерации в отношении соотечественников за рубежом» // URL: http://www.kremlin.ru/acts/
bank/13875
3  Штоль В. В. Постсоветские государства: поиски самоидентификации и издержки неза -
висимости // Обозреватель–Observer. 2012. № 12.ции, постоянно проживающие за 
пределами территории Российской 
Федерации, и их потомки, прожи -
вающие за пределами территории 
Российской Федерации и относя -
щиеся, как правило, к народам, 
исторически проживающим на 
территории Российской Федера -
ции, а также сделавшие свободный 
выбор в пользу духовной, культур -
ной и правовой связи с Российской 
Федерацией лица, чьи родственни -
ки по прямой восходящей линии 
ранее проживали на территории 
Российской Федерации, в том чис -
ле: лица, состоявшие в граждан -
стве СССР, проживающие в госу-
дарствах, входивших в состав 
СССР, получившие гражданство 
этих государств или ставшие лица -
ми без гражданства; выходцы 
(эмигранты) из Российского госу -
дарства, Российской республики, 
РСФСР, СССР и Рос сийской Феде -
рации, имевшие соответствую -
щую гражданскую принадлеж -
ность и ставшие гражданами ино -
странного государства или лицами 
без гражданства [ 2].
Однако на данный момент един -
ственными документами, под -
тверждающими статус соотече -
ственника, является наличие рос -
сийского паспорта, что часто 
противоречит местному законода -
тельству в странах проживания 
в связи с болезненным отношени -
ем этих государств к вопросам сво -
его самоопределения и боязни ро -
ста российского влияния [ 3]. 
10/2020 ОБОЗРЕВАТЕЛЬ–OBSERVER  61
ПОЛИТОЛОгИЯ
. .
К тому же фактически единствен -
ным работающим инструментом 
помощи с получением российских 
документов соотечественни ками 
является государственная про -
грамма по оказанию содействия 
4  государственная программа по оказанию содействия добровольному переселению в Рос-
сийскую Федерацию соотечественников, проживающих за рубежом (утв. Указом Президента РФ 
от 22 июня 2006 г. № 637) // гарант // URL: http://iv2.garant.ru/SESSION/PILOT/main.htm
5  Ушурелу О. В. Российская «мягкая сила» в Молдавии: особенности и эффективность из -
мерения. Дис. ... канд. полит. наук. Институт философии РАН. М., 2020.добровольному переселению в Рос-
сийскую Федерацию соотечествен -
ников [ 4], проживающих за рубе -
жом [ 5]. Остальные мероприятия 
относятся к культурно-гуманитар -
ным и носят временный характер.
Национальная программа переселения 
соотечественников
В 90-е годы программами работы 
с соотечественниками занима -
лись преимущественно российские 
общественные структуры, опира -
ясь на достаточно ограниченные 
ресурсы. Такая стратегия лишения 
общественных организаций суще -
ственной поддержки со стороны 
государства привела к потере их 
авторитета и снижению активно -
сти в деятельности, как следствие  – 
охлаждение отношений к России 
и разочарованию русскоязычного 
населения. Кризисные явления на -
блюдались и в большинстве обще -
ственных организаций соотече -
ственников за рубежом, связанные 
со сменой поко лений, постепенной 
потерей эт ни ческой идентичности 
из-за неизбежных ассимиляцион -
ных процессов. В  настоящее время 
можно говорить о формировании 
новой политики сотрудничества 
с российской диаспорой, характе -
ризующейся перераспределением 
полномочий и активизацией дея -
тельности государственных орга -
нов. При этом к  работе с  россий -скими соотечественниками весьма 
ограниченно подключается госу -
дарство, но стратегия государ -
ственного руководства является 
сложной и неоднозначной, часто 
зависящей от интересов разновек -
торных политических сил.
Основным направлением дея -
тельности России во взаимоотноше -
ниях с соотечественниками стано -
вится решение внутренней демо-
графической проблемы за счёт 
переселения соотечественников из 
стран СНг.
Участие в государственной про -
грамме содействия добровольному 
переселению соотечественников 
вправе принять соотечественники, 
проживающие за рубежом, а также 
постоянно или временно проживаю -
щие в России, по соответствующей 
процедуре.
После  утверждения  уполномоченным  орга-
ном пакета  документов  человек  получает  свиде -
тельство участника Государственной программы.
Он имеет  право  выбирать  территорию  для 
проживания  в субъектах  Российской  Федерации,  
62 ОБОЗРЕВАТЕЛЬ–OBSERVER  10/2020
А. АКИМОВА     • РОССИЙСКАЯ ДИАСПОРА: ПЕРСПЕКТИВЫ СОТРУДНИЧЕСТВА
. .
утвердивших  региональные  программы  пересе -
ления*.
Предусмотрено  также  право  на получение  го-
сударственных  гарантий  и социальной  поддержки 
в зависимости  от выбранной  территории  вселения  
(если  в их бюджете  заложены  на это средства),  
в том числе:
– компенсация  расходов  на переезд  к будуще -
му месту  проживания,  включая  оплату  проезда  
и провоз личных вещей;
– компенсация  расходов  на уплату  государ -
ственной  пошлины  за оформление  документов,  
определяющих  правовой  статус  переселенцев  на 
территории  Российской  Федерации,  а также  на 
уплату  консульского  сбора  и сбора  в счёт возмеще -
ния фактических  расходов,  связанных  с оформле -
нием  визы  и приёмом  заявления  о выдаче  разре -
шения  на временное  проживание;  подъёмных  
средств (пособия на обустройство) [4].
При этом следует понимать, что 
следствием реализации Программы 
является уменьшение численности 
соотечественников в странах СНг, 
что в какой-то мере может сказаться 
на российском влиянии в этом ре -
гионе.
Учитывая тот факт, что за рубе -
жом только самоуправляющиеся 
организации реально могут влиять 
на отстаивание прав российской 
диаспоры, а также продвигать до -
стоверную информацию и интере -
сы российского государства, то 
можно прийти к выводу, что объ -
единяющим центром для соотече -
ственников за рубежом должна 
стать общественная структура, ко -
торая в состоянии на постоянной 
основе общаться с  российской диа -
спорой при условии законодатель -
6  Егоров В. Г., Штоль В. В. Русский язык  – фактор интеграции постсоветского простран -
ства // Международная жизнь. 2017. № 12. С. 89.
* В программе не участвуют г. Москва, Московская область, г. Санкт-Петербург, Ленинград -
ская область.ного обеспечения со стороны 
России.
Кроме того, одним из самых мас -
штабных мероприятий Программы 
является организация учебно-обра -
зовательных поездок по историче -
ским местам Российской Федерации 
«Здравствуй, Россия!».
Каждый  год около  тысячи  молодых  соотече -
ственников  – победителей  конкурсов  на знание  
истории  и культуры  России,  русского  языка  посе-
щают  Москву,  Санкт-Петербург,  а с 2015 г.  – 
и Казань.
Важной задачей для России оста -
ется сохранение использования рус -
ского языка российскими соотече -
ственниками [ 6], который всё более 
вытесняется, особенно на постсо -
ветском пространстве. Для этого ре -
ализуются целевые программы «Рус -
ский язык», открываются кабинеты 
«Русского мира» и др.
Организацией, осуществляющей 
работу с соотечественниками, явля -
ется Россотрудничество, которое 
совместно с МИД России оказывает 
содействие по защите прав и закон -
ных интересов наших соотечествен -
ников, в том числе через Фонд под -
держки и защиты прав соотече -
ственников, проживающих за 
рубежом. Также агентство участву -
ет в реализации деятельности Пра -
вительственной комиссии по делам 
соотечественников за рубежом, 
в частности, обеспечивая всесто -
роннюю информационную под -
держку мероприятий, проводи -
мых ею.
10/2020 ОБОЗРЕВАТЕЛЬ–OBSERVER  63
ПОЛИТОЛОгИЯ
. .
Современная отечественная национальная политика 
самоопределения российской диаспоры
7  Рымаренко Ю. И., Шкляр Я. С., Рымаренко С. Ю. Этногосударствоведение. Теоретико-ме -
тодологические основы. М.: ЮНИТИ, 2014.
8  Попов А. А. Российские соотечественники как объект государственной политики. М.: Ной -
ес Лебен, 2007.Современная отечественная поли -
тика в отношении соотечествен -
ников за рубежом базируется на ос -
новном её положении  – российская 
диаспора представляет собой суще -
ственную и неотъемлемую часть 
мирового российского сообщества, 
поэтому конституционным долгом 
России является забота об удов-
летворении национально-культур -
ных, языковых и информационных 
потребностей россиян, которые про -
живают за границей [ 7]. Развитие все -
сторонних культурных, научных, эко -
номических связей с диаспорой нуж -
но прежде всего самой России, 
поскольку каждая зарубежная рос-
сийская община это не только источ -
ник знаний о России, но и проводник 
политического влияния в стране их 
проживания. Соотечественники соз -
дают материальные и духовные цен -
ности в  стране своего проживания, 
повышая тем самым престиж не толь -
ко её, но и исторической родины [ 8].
Следовательно, от активности 
и последовательности политики Рос -
сии в отношении её соотечественни -
ков и их организаций, отстаивании 
их прав в значительной степени бу -
дет зависеть и дальнейшая судьба 
этих людей. Приоритетные направ -
ления этой политики:
– определение статуса соотече -
ственника и  его документального 
оформления;
– культурно-образовательное со -
трудничество;– информационно-издательская 
деятельность;
– культурно-художественные от -
ношения;
– экономическое сотрудничество 
и сотрудничество в области спорта 
и туризма.
Россия для реализации этих на -
правлений при заключении между -
народных договоров предусматрива -
ет обеспечение прав российских 
меньшинств за рубежом, создание 
оптимальных условий и возможно -
стей для удовлетворения их социаль -
ных, культурно-образовательных, 
информационных и других потреб -
ностей. Наше государство оказывает 
российским культурно-информаци -
онным центрам организационную, 
методическую, техническую и дру-
гую помощь, создаёт условия для ра -
диовещания и телевизионной транс -
ляции программ из России на терри -
торию компактного проживания 
россиян за рубежом на основании 
международных соглашений, в част-
ности, через спутниковую связь 
и другие средства коммуникации.
Именно такой своей политикой 
Россия способствует консолидации, 
политической и культурной актив -
ности своей диаспоры.
Исследователи данной проблемы 
отмечают значительную разницу 
в направлениях работы с восточной 
и западной диаспорами. Если для 
западной диаспоры целью является 
сохранение этнической идентично -
64 ОБОЗРЕВАТЕЛЬ–OBSERVER  10/2020
А. АКИМОВА     • РОССИЙСКАЯ ДИАСПОРА: ПЕРСПЕКТИВЫ СОТРУДНИЧЕСТВА
. .
сти, то для восточной  – создание та -
кой идентичности [1].
Сотрудничество с соотечественни -
ками за рубежом сегодня стало важ -
ной составляющей внутренней 
и внешней политики России и отвеча -
ет её национальным интересам. При -
оритет на сотрудничество с соотече -
ственниками принадлежит государ -
ственным органам, что обеспечивает 
целостность, системность, спланиро -
ванность и масштабность политики. 
Об этом свидетельствует Федераль -
ный закон «О государственной поли -
тике Российской Федерации в отно-
шении соотечественников за рубе -
жом» от 24 мая 1999 г. № 99-ФЗ [2], 
который направлен на развитие на -
ционального сознания россиян, про -
живающих за пределами страны, 
укреплению их связей с Россией и воз-
вращению на историческую родину. 
Для выполнения закона была создана 
Межведомственная комиссия.На современном этапе деятель -
ность российской диаспоры от сбора 
средств через благотворительные 
фонды и  помощи в  гуманитарной, 
образовательной и научно-техниче -
ской сферах до непосредственного 
её содействия при решении как 
внешних, так и внутренних проблем 
российского государства способ -
ствует повышению имиджа России 
в мировом сообществе.
Важное значение имеет определе -
ние механизма реализации государ -
ственной политики. Ей придаётся 
приоритетное значение в  деятельно -
сти Министерства иностранных дел 
России, которое вместе с  посольства -
ми и генеральными консульствами 
координирует работу российских 
центральных и местных органов ис -
полнительной власти по взаимодей -
ствию с российскими соотечествен -
никами и их общественными объеди -
нениями.
Проведённый анализ позволяет сделать вывод о необходимости укрепле -
ния политических, экономических и культурных связей с соотечественни -
ками за рубежом за счёт концентрации усилий отечественных органов ис -
полнительной власти и созданных в России и за её пределами общественных 
организаций для работы с соотечественниками.
Стоит отметить, что диаспоральная политика России пока недостаточно 
последовательна и системна в работе с соотечественниками. Активность 
часто ограничивается проведением в Москве Всемирных форумов соотече -
ственников за рубежом, собраниями Всемирного конгресса россиян. Несо -
вершенной является и соответствующая нормативно-правовая база. Рос -
сийские соотечественники до сих пор не имеют официального отличитель -
ного документа, и их определение в законе [2] весьма размыто.
Лучшего финансирования и законодательного обеспечения требует про -
грамма реэмиграции, т. е. возвращение на историческую родину. Для Рос -
сии из-за демографического кризиса эта проблема стоит чрезвычайно остро, 
однако возможности соотечественников за рубежом не используются. Также 
в России отсутствует целенаправленная подготовка дипломатов, других спе -
циалистов для работы с российской диаспорой.
Таким образом, необходима дальнейшая разработка и эффективная ре -
ализация государственной политики в работе с соотечественниками за ру -
бежом на основе понимания условий общественной и культурной жизни 
10/2020 ОБОЗРЕВАТЕЛЬ–OBSERVER  65
ПОЛИТОЛОгИЯ
. .
россиян за рубежом, политики стран их проживания, опыта взаимодействия 
других государств со своими диаспорами. Поэтому реальное объединение 
российской диаспоры на благо России в наибольшей степени зависит от го -
сударственной диаспоральной политики.
 Библиография • References
Винниченко И. Российские соотечественники // Культурные связи России с рос-
сийскими соотечественниками. Материалы научно-практической конферен -
ции. Воронеж: Воронежское отделение общества «Россия  – мир», Восточный 
издательский дом, 2014. – 236 с.
[Vinnichenko I. Rossijskie sootechestvenniki // Kul’turnye svyazi Rossii s rossijskimi 
sootechestvennikami. Materialy nauchno-prakticheskoj konferencii. Voronezh: 
Voronezhskoe otdelenie obshchestva «Rossiya  – mir», Vostochnyj izdatel’skij dom, 
2014. – 236 s.]
государственная программа по оказанию содействия добровольному переселению 
в Российскую Федерацию соотечественников, проживающих за рубежом (утв. 
Указом Президента РФ от 22 июня 2006 г. № 637) // гаран» // URL: http://
iv2.garant.ru/SESSION/PILOT/main.htm
[Gosudarstvennaya programma po okazaniyu sodejstviya dobrovol’nomu pereseleniyu 
v Rossijskuyu Federaciyu sootechestvennikov, prozhivayushchih za rubezhom (utv. 
Ukazom Prezidenta RF ot 22 iyunya 2006 g. № 637) // Garant // URL: http://iv2.
garant.ru/SESSION/PILOT/main.htm]
Егоров В. Г., Штоль В. В. Русский язык  – фактор интеграции постсоветского про -
странства // Международная жизнь. 2017. № 12. С. 88–105.
[Egorov V. G., SHtol’ V. V. Russkij yazyk  – faktor integracii postsovetskogo 
prostranstva // Mezhdunarodnaya zhizn’. 2017. № 12. S. 88–105]
Попов А. А. Российские соотечественники как объект государственной политики. 
М.: Нойес Лебен, 2007. – 227 с.
[Popov A. A. Rossijskie sootechestvenniki kak ob»ekt gosudarstvennoj politiki. M.: 
Nojes Leben, 2007. – 227 s.]
Рымаренко Ю. И., Шкляр Я. С., Рымаренко С. Ю. Этногосударствоведение. 
Теоретико-методологические основы. М.: ЮНИТИ, 2014. – 264 с.
[Rymarenko YU. I., SHklyar YA. S., Rymarenko S. YU.  Etnogosudarstvovedenie. 
Teoretiko-metodologicheskie osnovy. M.: YUNITI, 2014. – 264 s.]
Ушурелу О. В. Российская «мягкая сила» в Молдавии: особенности и эффектив -
ность измерения. Дис. ... канд. полит. наук. Институт философии РАН. М., 
2020. – 219 с.
[Ushurelu O. V. Rossijskaya «myagkaya sila» v Moldavii: osobennosti i effektivnost’ 
izmereniya. Dis. ... kand. polit. nauk. Institut filosofii RAN. M., 2020. – 219 s.]
Федеральный закон от 24 мая1999 г. № 99-ФЗ «О государственной политике 
Российской Федерации в отношении соотечественников за рубежом» // URL: 
http://www.kremlin.ru/acts/bank/13875
[Federal’nyj zakon ot 24 maya1999 g. № 99-FZ «O gosudarstvennoj politike Rossijskoj 
Federacii v otnoshenii sootechestvennikov za rubezhom» // URL: http://www.
kremlin.ru/acts/bank/13875]
Штоль В. В. Постсоветские государства: поиски самоидентификации и издержки 
независимости // Обозреватель–Observer. 2012. № 12. С. 29–41.
[SHtol’ V. V. Postsovetskie gosudarstva: poiski samoidentifikacii i izderzhki 
nezavisimosti // Obozrevatel’–Observer. 2012. № 12. S. 29–41]
Статья поступила в редакцию 5 апреля 2020 г.
66 ОБОЗРЕВАТЕЛЬ–OBSERVER  10/2020",2025,С. 89. С. 88–105. С. 29–41.,"Российская диаспора: перспективы сотрудничества с соотечественниками за рубежом – одна из важнейших проблем современного российского общества. Проблема взаимодействия России со своей диаспорой, её факторы и критерии, а также критерии взаимодействия с государственными и общественными структурами страны можно найти в ра- ботах таких учёных, как В. Евтух, В. Трощинский, В. Рымаренко, А. Попок и другие."
8,paper_8,"252   
ŋũŭűŵŢŮŹŪũųŷū
řżźźųűŲŵűŽŷ
Commedia dell’Arte
ŘŹŷŴŷŬ
ŋmŘŷƆŵŮŪŮŰŬŮŹŷƈ}ŉŶŶũŉžŵũŻŷūũ
ūŷźųŴűſũŮŻmśƄūřŷźźűƇŸŹűƁŴũŶűŷŻųżŭũŗŵŷŮŪŮŴŷųżŹŷŮƀżŭŷœŷŴŷŵŪűŶũŭŮźƈŻƄžŬŷŭŷū}ŚŻŹŷųűŸŷźūƈƂŮŶƄũųŻŹűźŮŗŴƅŬŮŌŴŮŪŷūŷŲŚżŭŮŲųűŶŷŲŶŷŵŷŬżŻŪƄŻƅŸŹŷƀűŻũŶƄűŪŮŰŪűŷŬŹũŽűƀŮźųŷŬŷŸŷŭŻŮųźŻũōżŵũƇŉžŵũŻŷūũūŹƈŭŴűŹũźźƀűŻƄūũŴũƀŻŷūźƈųűŲƀűŻũŻŮŴƅŮŮŸŷƆŵƄŷųũůŮŻźƈŰŶũŻŷųŷŵŪŷŬŮŵŶŷŲųżŴƅŻżŹƄŘŮŻŮŹŪżŹŬũųũŶżūƁŮŲūŔŮŻżƆŸŷžűŘŷƆŻźŵŷŻŹűŻŶũŬűŰžűŸŷŹũůũŮŻźƈŸŹűźżŻźŻūűƇŶũŪŮŹŮŬũžŖŮūƄŵũźŷųűŰmŋŮŶŮſűűŭŷůŮŲ}
253Pro memoria:   ŻŮũŻŹũŴƅŶƄŮűźŻŷŹűű
ŗŭŶũųŷŶűƀŻŷŶŮƈūŴƈŮŻźƈŶűŷŻųżŭũŭũůŮŸŹűŰŹũųű
ŠżŻƅūƄƁŮŸŷŻŮųźŻżŸŷƆŵƄŉžŵũŻŷūũūźŸŷŵűŶũŮŻŮƂŮŷŭŶżŹŮũŴűƇ
žżŭŷůŮźŻūŮŶŶŷŲůűŰŶűŚŮŹŮŪŹƈŶŷŬŷūŮųũmŋűŭűƁƅŻũŵŰũūƅƇŬŷŲ
ųŹżŸƀũŻŷŲŕŮŲŮŹžŷŴƅŭŷūƄũŹũŸƀũŻũŐũŻŮūũƇŻŷŸƈŻƅūŷŰŶƇ""} 
řűŽŵżƈźŮūŮŹŶżƇŵŮŻŮŴƅűƀŮŹŶŷųŷůűžŭŮŻŮŲŧŬũųŷŻŷŹƄžũŹűźŻŷ -
ųŹũŻűƀŮźųũƈŸŹűžŷŻƅŸŹŮūŹũŻűŴũūůűūƄŮűŬŹżƁųűũŕŮŲŮŹžŷŴƅŭū
źūŷűžźſŮŶűƀŮźųűžųŷŵŸŷŰűſűƈžźŭŮŴũŴŰŶũųŷŵƆŸŷžűũŪźŷŴƇŻűŰŵũ
ŉžŵũŻŷūũŷƀŮŶƅŻŷƀŶŷżųũŰƄūũŮŻźŸŷźŷŪŸŹűžŷŭũŵũźŷųűŻũŴƅƈŶźųŷŲ 
ųŷŵŮŭűűūŘŮŻŮŹŪżŹŬ
ŋŵŮŲŮŹžŷŴƅŭŷūźųŷŵmōŷŶŏżũŶŮ}ŉŴŮųźũŶŭŹűŶźųűŲŻŮũŻŹ
ũŹũŸƀũŻũūŮŴűŸũŹũŴŴŮŴƅŶƄŲŵŷŴƅŮŹŷūźųŷŵżŹŮůűźźŮŹźųűŲźƇůŮŻŗŶ ű
ŷŻūŮƀũŴűŰũŹűŻżũŴźŸŮųŻũųŴƈźŷŰŭũūũŴűŻŷŹůŮźŻūŮŶŶżƇũūŹŮŵŮŶ ũ-
ŵűŸŷŻŮƁŶżƇūŷŰűŴűźƅųũųųŷŻƈŻũbȡūźŸŷŵűŶũŴžżŭŷůŶűųŉŴŮųźũŶŭŹ 
ŌŷŴŷūűŶŭŮŲźŻūŮŶŶżƇŹũŵżŸŹŮŭźŻũūŴŮŶűƈŸƅŮźƄŸŹűūŮŹźũŴƅźųŷŵ
ŭūŷŹŮŉŹũŸƀũŻũŰũůűŬũŴűźūŮƀűŸŷŭũūũŴűŬŮŹŷƈŵŕŷŴƅŮŹũŶŮŷŪžŷ -
ŭűŵƄŲŹŮųūűŰűŻūƄŻűŹũŴűŭżƆŴƈŶŻũŵŸŷŻźŷŴŪŷūūŷūŹŮŵƈŸŷŮŭűŶų ũ
ŋbŷŪƂŮŵbȡŷŪŹũŰſŷūŷűźŸŷŴŶƈŴűŽżŶųſűűmźŴżŬŸŹŷźſŮŶűżŵũ}ŭŷ -
ŪũūŴŮŶŶƄžŹŮůűźźżŹŷŲŸŮŹźŷŶũůŮŲŬŴũūŶŷŲƆźŻŮŻűƀŮźųŷŲŰũŭũƀŮŲ
ųŷŻŷŹƄžƈūŴƈŴũźƅŶũŬŴƈŭŶũƈŭŮŵŷŶźŻŹũſűƈŷŻųŹŷūŮŶŶŷżźŴŷūŶŷŬŷžũ -
ŹũųŻŮŹũźŸŮųŻũųŴƈ
ŉśƄƁŴŮŹŘŷŹŻŹŮŻŉŶŶƄŉžŵũŻŷūŷŲŝŹũŬŵŮŶŻ
ŋũŭűŵŢŮŹŪũųŷū řżźźųűŲŵűŽŷ Commedia dell’Arte
ŠŮŹŶŷųŷůűŮźŴżŬűŸŷƈūŴƈŴűźƅūźſŮŶűƀŮźųűžųŷŵŸŷŰűſűƈž
ŕŮŲŮŹžŷŴƅŭũűŶŮŵŶŷŬűŵŹũŶŮŮūmšũŹŽŮœŷŴŷŵŪűŶƄ}ūmŘŷųŴŷŶŮ -
ŶűűųŹŮźŻż}ŷŪũbȡŗŭŶũųŷūŸŮŹūƄŮƆŻŷŭŷŴůŶŷŪƄŴŷźŴżƀűŻ ƅźƈ
ŷźŮŶƅƇŬūŸŷźŻũŶŷūųŮŸƅŮźƄŌŮŹžũŹŭŻũŌũżŸŻŵũŶũmšŴƇųű Ũż}
ŎƇbŸŴũŶűŹŷūũŴűŷŻųŹƄŻƅŶŷūƄŲźűŵūŷŴűźŻźųűŲŻŮũŻŹūŕŷźųūŮbȡŚŻż -
ŭűƇŶũŘŷūũŹźųŷŲŋŹŮŵƈŭŮŲźŻūűƈmźŹŮŭŶŮūŮųŷūŷŲ}ųŷŵŮŭűűŌũżŸŻ -
ŵũŶũŹŮůűźźŮŹƄŶũŭźŸŮųŻũųŴŮŵźŷūŵŮźŻŶŷŹũŪŷŻũŴűŕŮŲŮŹžŷŴƅŭű
ŚŻũŶűźŴũūźųűŲŹŮƁűŴűŸŮŹŮŶŮźŻűū;9,,,źŻŷŴŮŻűŮŗŪźżůŭũƈūűŰż -
ũŴƅŶƄŮűźſŮŶűƀŮźųűūƄŬŷŭŶƄŮŰŶũųűƆŸŷžűŸŷźŻũŶŷūƂűųűūźŸŷŵŶű -
ŴűŷŪũŹũŸƀũŻũžűŸŷŸŹŷźűŴűžżŭŷůŶűųũŖűųŷŴũƈŜŴƅƈŶŷūũźŹűźŷūũŻ ƅ
ŷŭŶŷŬŷűŰŶűžźųŷŶŶŷŬŷŸŷŹŻŹŮŻũűŵŸŮŹũŻŹűſƄŎŴűŰũūŮŻƄŘŮŻŹŷūŶƄ 
œũŹŻűŶũƆųźŸŷŶűŹŷūũŴũźƅŶũŰŶũŵŮŶűŻŷŲūƄźŻũūųŮřżźźųűžŸŷŹŻŹŮ -
ŻŷūŷŹŬũŶűŰŷūũŶŶŷŲŚŘōƈŬűŴŮūƄŵūśũūŹűƀŮźųŷŵŭūŷŹſŮŖũƆŻŷ ŵ
ŸŷŴŷŻŶŮŶŮűŰūŮźŻŶŷŬŷžżŭŷůŶűųũźŮŲƀũźžŹũŶűŻźƈūmŦŹŵűŻũůŮ}
ŶũŸűźũŶŶŷŵmŸŷŵŷŻűūũŵ}ŰŶũŵŮŶűŻŷŲųũŹŻűŶƄŌŞŌŹŷŷŻũūŸŷŴŶŮ
ūŰŹŷźŴƄŲũŹũŸŪŮůűŻƆŭũųűŵƆųŰŷŻűƀŮźųűŵźųŷŹŷžŷŭŷŵŸŮŹŮŭŴŷ
ƁũŭƅƇŵŷŶũŹžűŶű
ŚƇůŮŻŸŷŴŷŻŶũŸŹŷŴűūũŮŻźūŮŻŶũűŶŻŮŹŮźżƇƂűŲŶũźūŷŸŹŷź
Commedia dell’ Arte ŸŷƈūűŴũźƅŶũŪŮŹŮŬũžŖŮūƄŻũųůŮųũųƀŮŹŶŷųŷůűŮ
ŭŮŻűbȡŸŷűŵŸŮŹũŻŷŹźųŷŲŸŹűžŷŻű
ŉŹũŸƀũŻũmōŷŶŏżũŶ}ŉŴŮųźũŶŭŹűŶźųűŲŻŮũŻŹ
255Pro memoria:   ŻŮũŻŹũŴƅŶƄŮűźŻŷŹűű
I
ŋŵŮźŻŮźũŹũŸŷŵŘŮŻŹũŋŮŴűųŷŬŷbȡőŪŹũŬűŵŷŵŌũŶŶűŪũŴŷŵſũŹŮ -
ūƄŵųŹŮźŻŶűųŷŵbȡŷŶũŸŹűŪƄŴũūřŷźźűƇŸŷŻŷŵżƀŻŷźŷźŻũūŴƈŴũƀũ źŻƅ
ŷŪűžŷŭũŮūŹŷŸŮŲźųŷŲůűŰŶűŘŮŹūƄŲŹżźźųűŲűŵŸŮŹũŻŷŹŻŮũŻŹżūũ -
ůũŴŶŷŪƄŴźŴűƁųŷŵŭŮƈŻŮŴŮŶƀŻŷŪƄżźűŭŮŻƅūŰŹűŻŮŴƅźųŷŵųŹŮźŴ Ů
ŭŷųŷŶſũŸŹŮŭźŻũūŴŮŶűƈœũůŮŻźƈŘŮŻŹŷŪŴũŭũŴŬŷūŷŹƈźŮŬŷŭŶƈƁŶ űŵ
ƈŰƄųŷŵƆŶŮŹŬűŮŲũųſűŷŶűźŻũŎŵżŶŮŷŪžŷŭűŵũŪƄŴũŻŮũŻŹũŴűŰũſűƈ
ůűŰŶűbȡŷžũŴƅŶƄŮųũŹŶũūũŴƄŋźŮƁżŻŮŲƁŮŬŷűūźŮŸƅƈŶŮŲƁŮŬŷźŷŪŷŹũ 
ŵũźųũŹũŭŶƄŮŽŴŷŻűŴűűűŰŸŮŹŮŭŮŴũŶŶƄž ūųŷŹũŪŴűźũŶŮŲƁżŻŷūźųűŮ 
źūũŭƅŪƄŘŷźŹŮŭźŻūŷŵŻũųŷŬŷŹŷŭũŹƈůŮŶƅƈŷŶżŸŷŹŶŷűŸŷźŴŮŭŷūũ -
ŻŮŴƅŶŷŹũŰŴũŵƄūũŴŭŷżŶűƀŻŷůŮŶűƈźŻũŹűŶŶƄŲŵŷźųŷūźųűŲżųŴũŭŸż -
ŪŴűƀŶŷŲůűŰŶűőūźŮůŮbȡŸŹŮŷŪŹũŰŷūũŻŮŴƅŸŹűŬŴũźűŴūźūŷƇźŻŷŴ űſż
ŶŮŵŮſųűžųŷŵŮŭűũŶŻŷū
śũųűŻũŴƅƈŶźųűŮŵũźųűƈūűŴűźƅŹżźźųűŵŷŪƄūũŻŮŴƈŵŸŷŶũƀũŴżū
ŷŻŹũůŮŶŶŷŵűũŭũŸŻűŹŷūũŶŶŷŵūűŭŮŘżŪŴűųũźũŵŷŬŷŹũŰŴűƀŶŷŬŷŭŷ -
źŻũŻųũűźŷźŴŷūŶŷŬŷŸŷŴŷůŮŶűƈŵŷŬŴũŸŷźŮƂũŻƅŸŹŮŭźŻũūŴŮŶűƈũŹŴŮ -
ųűŶũŭūűźŸŷŴŶŮŶűűŸŹűŮŰůũūƁűžűŰŌŮŹŵũŶűűŻŹżŸŸőœŦųųŮŶŪŮŹŬ ũ
űőŌŕũŶŶũȡźŸŮųŻũųŴűųŷŻŷŹƄžŭũůŮūŸŷŴŶŮź ŮŹƅŮŰ -
ŶƄŮ Haupt- und Staatsaktionen űŰŷŪűŴŷūũŴűŸŷŻŮƁŶƄŵűűŶŻŮŹŵŮŭűƈŵű
ŬŭŮŻŷŶŰũŭũūũŴűŶŮŵŮſųűŮźŷŪŹũŻƅƈŉŹŴŮųűŶũbȡŘűųŮŴƅŬŮŹűŶŬűŌũ Ŷź
ŋżŹźŻ
ŖŮűŰūŮźŻŶƄŲ
žżŭŷůŶűųœŷŶŶƄŲŸŷŹŻŹŮŻűŵŸŮŹũŻŹűſƄŎŴűŰũūŮŻƄŘŮŻŹŷūŶƄ;9,,,ūŝŹũŬŵŮŶŻ
256ŋũŭűŵŢŮŹŪũųŷū řżźźųűŲŵűŽŷ Commedia dell’Arte
ŚŷŪźŻūŮŶŶŷűŻũŴƅƈŶźųűŮűŵŸŹŷūűŰũŻŷŹƄŸŷųũŰũŴűźūŷŮűźųżźźŻūŷ
ŹŷźźűƈŶũŵūſũŹźŻūŷūũŶűŮűŵŸŮŹũŻŹűſƄŉŶŶƄőŷũŶŶŷūŶƄȡ 
ŚżŭƅŪũŸŹűƀżŭŴűūŷűŬŹũŴũźƆŻŷŲůŮŶƂűŶŷŲŘŮŻŹ,ūŷŰŹŷůŭũƈűŰŹ ƈŭŶŷ
ŸŷŭŰũŪƄŻżƇŶũřżźűŸŹũųŻűųżŵŮůŬŷźżŭũŹźŻūŮŶŶƄžŪŹũųŷūūƄŭũŴźū ŷƇ
ŸŴŮŵƈŶŶűſżŰũŵżůŰũŬŮŹſŷŬũœżŹŴƈŶŭźųŷŬŷśŷŻűźŸŹũūŶŷżƀũźŻūŷū ũŴ
ūźūũŭŮŪŶƄžŻŷŹůŮźŻūũžŶŷŶŮūƄŭŮŹůũŴƀŹŮŰŵŮŹŶŷŬŷŷŪűŴűƈŹżźźų űž
ŸűŻŮŲŶƄžūŷŰŴűƈŶűŲbȡżŵŮŹŶŮżźŸŮūūŷŰūŹũŻűŻƅźƈūŷźūŷƈźűŕŷŴŷ ŭũƈ
ūŭŷūźŻūżƇƂũƈŬŮŹſŷŬűŶƈŷųũŰũŴũźƅūŻűžŷŲŪŮŭŶŷŲŸŹŷūűŶſűũŴƅŶŷ Ų
ŕűŻŻũūŮŋźŮŵűŭŮŴũŵűŰũŸŹũūŴƈŴŹżźźųűŲŸŷźŴũŶŶűųŮŲŷźŻũūũŴŷź ƅ
ŻŷŴƅųŷźųżƀũŻƅŊŷŹƅŪũźŷźųżųŷŲűźŻũŴũŷźŶŷūŶƄŵŰũŶƈŻűŮŵŮŮů űŰŶű
ŗųũŰũūƁűźƅūŹŮŰżŴƅŻũŻŮŭűŶũźŻűƀŮźųŷŬŷųŹűŰűźũŶũūźŮŹŷźźűŲźųŷŵ 
ŸŹŮźŻŷŴŮźŷŹŷųũŴŮŻŶƈƈŪŮŰŭŮŻŶũƈűŵŸŮŹũŻŹűſũŷŪŹŮŴũūŷŰŵŷůŶŷźŻƅ 
ŸŷŪŮůŭũŻƅźųżųżŸŹűŸŷŵŷƂűŷŬŹŷŵŶŷŬŷŬŷźżŭũŹźŻūŮŶŶŷŬŷŪƇŭůŮŻũ
ŋbŮŮſũŹźŻūŷūũŶűŮŭŮŴŷƆŻŷŪƄŴŷŸŷźŻũūŴŮŶŷźŹũŰŵũžŷŵbȡŶũűŶŷź ŻŹũŶ -
ŶƄžŹũŰūŴŮųũŻŮŴŮŲųũŰŶƄŶŮůũŴŮŴű
ŘŮŹūũƈŻŹżŸŸũűŻũŴƅƈŶźųűžųŷŵŮŭűũŶŻŷūŸŹűŪƄŴũūŬŐũ -
ŻŮŵźŸŷŬŬŸŷźŻŷƈŶŶŷŭũūũŴũźŸŮųŻũųŴűųŷŵŸũŶűƈūź ŷźŻũ -
ūŮųŷŻŷŹŷŲŸŷŭūűŰũŴűźƅŭūũŸŷųŷŴŮŶűƈźŮŵŮŲźŻūũŚũųųűūŻŷŵƀűź ŴŮ
űŵŷŴŷŭŷŲŉŶŻŷŶűŷbȡźŷūŹŮŵŮŶŮŵźſŮŶũŹűűŭŴƈŶŮŬŷŪżŭżŻŸűźũŻƅ ű
œũŹŴŷŌŷŴƅŭŷŶűűœũŹŴŷŌŷſſűŋŰũŸũŭŶƄžŪűŷŬŹũŽűƈžūŮŴűųŷŬŷś ŹżŽ-
ŽũŴƅŭűŶŷŬŷŭƄŮŬŷŸŹŮŪƄūũŶűƈūřŷźźűűźŭūűŶżŻƄųźŮŹŮŭűŶŮ ž 
ŊũŹŻŷŴŷŵŮŷœũŹŴŷřũźŻŹŮŴŴűŉŶŶũőŷũŶŶŷūŶũźũŹũŸƀŷŶųŷŵ
Pro memoria:   ŻŮũŻŹũŴƅŶƄŮűźŻŷŹűű
ŶŷbŔŕbŚŻũŹűųŷūũųŹżŸŶŮŲƁűŲźŸŮſűũŴűźŻŸŷŹżźźųŷŵżŻŮũŻŹż
;9,,,būŷŪŶũŹżůűūƁũƈūŷŻŮƀŮźŻūŮŶŶƄžũŹžűūũžŭŷųżŵŮŶŻƄŷŸŹŮ ŪƄ-
ūũŶűűŚũųųűźŷŻŷūũŹűƂűŸŹűŭūŷŹŮűŵŮŶŶŷűŵŸŮŹũŻŹűſƄŉŶŶƄőŷũŶ
ŶŷūŶƄŶűųũųűžźūűŭŮŻŮŴƅźŻūŪŷŴŮŮŸŷŰŭŶűžŮŬŷŸŹűŮŰŭŷūŶŮŶũƁŴũ2
ōŴƈŷŪŴŮŬƀŮŶűƈūŷźŸŹűƈŻűƈŸŹűŭūŷŹŶƄŵűŰŹűŻŮŴƈŵűźŸŮųŻũųŴŮŲ
ŶũűŻũŴƅƈŶźųŷŵƈŰƄųŮŸŷƆŻŋũźűŴűŲœűŹűŴŴŷūűƀśŹŮŭűũųŷūźųűŲŸŮ -
ŹŮūŮŴųŹũŻųűŮŴűŪŹŮŻŻŷųŷŵŮŭűŲűžŹŮŸŮŹŻżũŹũŶũŹżźźųűŲŚŪŷŹŶű ų
ƆŻűžŻŮųźŻŷūűŰŭũŶŽűŴŷŴŷŬŷŵŋŖŘŮŹŮŻſŮŵŻŷŴƅųŷūŬ3ŷŭŶũųŷ
ŷŶűŪƄŴűŭŷźŻżŸŶƄŭŴƈűźźŴŮŭŷūũŻŮŴŮŲűŹũŶŮŮŏżŹŶũŴŕŮŲŮŹžŷŴƅŭ ũ
mŔƇŪŷūƅųŻŹŮŵũŸŮŴƅźűŶũŵ}ŸżŪŴűųŷūũŴŭūũűŰŶűžmŋŴƇŪűūƁűŲźƈ ū
źũŵŷŬŷźŮŪƈűŴűŖũŹſűźź}ȹűmŘŷŭŹƈŻƀűųŷŸŮŹƄūŷźŻŹ ŷūƄ
œũŶũŹűŲźųűŮ}ȹȡȡőŰŭũŶűŮźŻũųűŵŶũŰūũŶűŮŵűŻũųŷŲ 
ūŮŹŷŲūźŸũźűŻŮŴƅŶŷźŻƅŷŸƄŻũ Commedia dell’Arte ŮźŻŮźŻūŮŶŶŷŸŹŷŲŻű
ŵűŵŷƆŻŷŬŷŸũŵƈŻŶűųũŶŮŵŷŬŴŷ
ŐũŶƈŻŶŷƀŻŷŕŮŲŮŹžŷŴƅŭűūźƈŬŹżŸŸũŮŬŷŮŭűŶŷŵƄƁŴŮŶŶűųŷū
ƀũƂŮūźŮŬŷŷŪŹũƂũƇŻźūŷűūŰŬŴƈŭƄŶŮūŸŷŰŭŶűŲřŮŶŮźźũŶźūŹŮŵƈ
ŹŷůŭŮŶűƈűŻũŴƅƈŶźųŷŲųŷŵŮŭűűŵũźŷųŶŮūŐŷŴŷŻŷŲūŮųŮŮmŋŮŴűų űž
ŬũźŻŹŷŴŮŲ}ũűŵŮŶŶŷū;9,,,źŻŷŴŮŻűŮbȡƆŸŷžżżŻŹũŻƄŮƇźūŷŮŬŷ ŭŷŵűŶű -
ŹżƇƂŮŬŷūŴűƈŶűƈŶũŮūŹŷŸŮŲźųűŲŻŮũŻŹśŷŶųűŲŰũŸũžŻŴŮŶũŹŷźųŷ Ɓƅ
űŸŮƀũŴƅŷźŮŶŶŮŬŷżūƈŭũŶűƈŷųũŰƄūũŴűźƅŪŴűŰųűŪŷŴŮŮƀŮŵŸŷŪŮŭű -
ŻŮŴƅŶƄŮūŮźŶũűŴŮŻŷŊƄŻƅŵŷůŮŻŸŷŻŷŵżƀŻŷŹŮůűźźŮŹŷźŻŹŷƀżū źŻūżŮŻ
ūŮƈŶűƈŭŶƈūųŷŻŷŹŷŵŮŵżźŴżƀűŴŷźƅŹũŪŷŻũŻƅŘŷŭźŸżŭŶƄŮŻŷŴƀųű Ŷũ-
źŻŹŷŮŶűŲŶũŹŷŭŶŷŲůűŰŶűūźŮŪŷŴƅƁŮűƀũƂŮżųũŰƄūũƇŻŮŵżŶũūŹŮŵ ƈ
ŰũųũŻũűŵŸŮŹũŻŷŹźųŷŲřŷźźűűŚűŴƅŶŮŮūźŮŬŷųŹżƁŮŶűŮŷųŹżůũƇƂŮŬŷ 
ŵűŹũūƄŹũůŮŶŷŪżŭŮŻŕŮŲŮŹžŷŴƅŭŷŵūŬŹũŶŭűŷŰŶŷŲŸŷźŻũŶŷūųŮŴŮŹ -
ŵŷŶŻŷūźųŷŬŷmŕũźųũŹũŭũ}ŉŴŮųźũŶŭŹűŶźųűŲŻŮũŻŹ
şũŹźŻūŷūũŶűŮŉŶŶƄőŷũŶŶŷūŶƄŷŰŶũŵŮŶŷūũŴŷźƅŮƂŮŷŭŶűŵūũů -
ŶƄŵŭŴƈŶũƁŮŲŻŮŵƄŸŹŷſŮźźŷŵŚŹŮŭűűŻũŴƅƈŶźųűžŵżŰƄųũŶŻŷūŸŹű -
ŮžũūƁűžūŘŮŻŮŹŪżŹŬŪƄŴŶŮųűŲŘƅŮŻŹŷŕűŹŷűŴűŕűŹũŸŷŸŹŷŰūű Ƃż
PedrilloŦŻŷŻŹŷůŭŮŶŶƄŲūŖŮũŸŷŴŮźųŹűŸũƀŪƄŴŮƂŮűųŷŵűųŷŵūŹŮ -
ŵŮŶũŵűűŬŹũŴŵũźųżŘŮŭŹŷŴűŶŷŷŻźƇŭũŸŹŷŰūűƂŮŘŷŶŮűŰūŮźŻŶƄŵ
ŸŹűƀűŶũŵŷŶŸŷūŰŭŷŹűŴźŸŹűŭūŷŹŶƄŵųũŸŮŴƅŵŮŲźŻŮŹŷŵŒŷŰŮŽŷŵ
ŉūŷŴűŷűŻŷŻŶũŷŻŹŮŰŷŻųũŰũŴźƈŹũŪŷŻũŻƅźŶűŵōũŪƄŶŮŹŮŻűŹŷūũ Żƅźƈ
űŰŹżźźųŷŲźŻŷŴűſƄŶűźƀŮŵŘƅŮŻŹŷŸŮŹŮųūũŴűŽűſűŹŷūũŴźƈūƁżŻƄ 
űŻũųŸŷŶŹũūűŴźƈűŵŸŮŹũŻŹűſŮƀŻŷŸŹŷźŴżůűŴŸŹűŶŮŲūźŮŭŮźƈŻƅ ŴŮŻ
ŮŮŸŹũūŴŮŶűƈũŰũŻŮŵŷŻŪƄŴŭŷŵŷŲźŪŷŴƅƁűŵűŭŮŶƅŬũŵűŗŪŹũŰƆŻ ŷ-
ŬŷŸŹűŭūŷŹŶŷŬŷƁżŻũũųŻűūŶŷŸŷŴƅŰŷūũūƁŮŬŷźƈ lazziƇůŶŷűŻũŴƅƈŶ -
źųŷŬŷŵũźŷƀŶŷŬŷŻŮũŻŹũŶŮūŮŭŷŵƄŵűŸżŻƈŵűżžűŻŹűŴźƈŸŹŷŶűųŶżŻƅ  
258ŋũŭűŵŢŮŹŪũųŷū řżźźųűŲŵűŽŷ Commedia dell’Arte
ūŹżźźųűŮŶũŹŷŭŶƄŮųũŹŻűŶųűbȡŴżŪŷųŘŷƀŻűŶũŭūũźŻŷŴŮŻűƈŷŶź ŻũŶŷ -
ūűŻźƈŷŭŶŷŲűŰŴƇŪűŵŮŲƁűžmƁżŻŷūźųűžŸŮŹźŷŶ}ŶűŰŷūŷŲųżŴƅŻżŹƄ
ŋŴżŪųũžũŪŹűźŮŬŷžũŹũųŻŮŹŶŷŲŽűŬżŹƄūƄźŻżŸũŴŸŷŭŹũŰŶƄŵű
ųŴűƀųũŵűŞŮŹŴűųűŶŘŮŭŹűŴœŮŭŹűŴŶŷƀũƂŮūźŮŬŷŮŬŷűŰŷŪŹũůŮŶ űƇ
źŷŸżŻźŻūŷūũŴũŸŷŭŸűźƅŘŮŻŹżžũŝũŹŶŷźřűźųŶżŸŹŮŭŸŷŴŷůűŻƅƀŻŷ 
ūŻŷŹũƈƀũźŻƅŸŹŷŰūűƂũŷŪŹũŰŷūũŴũźƅŻũųšżŻŷŪűŴƅŶŷŸŷźƄŸũŴźūŷ Ů
ŴűſŷŵżųŷŲŸŷűŻũŴƅƈŶźųűbȡ farinaųŷŻŷŹũƈźŷŸŹŷūŷůŭũŴũƆŶŮŹŬűƀŶƄŮ
ŭūűůŮŶűƈūƄŭũƇƂŮŬŷźƈŶŷźũŪżŽŽŷŶũŴŮŬųűŵűŪŮŴƄŵűŷŪŴũƀųũŵű
ŜůŮūųŷŶſŮſũŹźŻūŷūũŶűƈŉŶŶƄőŷũŶŶŷūŶƄűŻũŴƅƈŶźųũƈŻŹżŸŸũ
ŸŷźŻŷƈŶŶŷűŰŵŮŶƈūƁũƈźūŷŲźŷźŻũūŸŮŹŮƁŴũŶũűźŸŷŴŶŮŶűŮŷŸŮŹŶŷ Ŭŷ
ŹŮŸŮŹŻżũŹũŘŹűűŵŸŮŹũŻŹűſŮŎŴűŰũūŮŻŮŘŮŻŹŷūŶŮŸŹűŮŰůűŵūŷųũŴű -
źŻũŵŸŹűŭŮŻźƈŷźūũűūũŻƅŸŮŶűŮŶũŹżźźųŷŵmşŮŽũŴűŘŹŷųŹűź}ŝ ŉŹũŲű
ŸŷŴűŪŹŮŻŻŷŉŘŚżŵũŹŷųŷūũŷŻųŹƄūũŮŻűźŻŷŹűƇŷŻŮƀŮźŻūŮŶ ŶŷŬŷ
ŷŸŮŹŶŷŬŷźŷƀűŶűŻŮŴƅźŻūũŉŭŹũŵũŻűƀŮźųűŲŻŮũŻŹbȡųũųűŶŷźŻŹũŶŶƄ Ų
ŻũųűżƀŹŮůŭŮŶŶƄŲƆŻŷŲŵŷŶũŹžűŶŮŲŹżźźųűŲbȡżžŷŭűŻűŰŸŷŭűŻũŴƅ ƈŶ-
źųŷŬŷūŴűƈŶűƈűŶũƀűŶũŮŻźŴŮŭŷūũŻƅŬŷźŸŷŭźŻūżƇƂŮŲūŎūŹŷŸŮƆźŻŮ ŻűųŮ
ŽŹũŶſżŰźųŷŲųŴũźźűſűźŻźųŷŲźſŮŶƄ ŗŭŶũųŷųũųűūźũŵŷŲŝŹũŶſűű 
ŵũźųű Commedia dell’ Arte ŶŮűźƀŮŰũƇŻūŷūźŮ ŔűƁŮŶŶƄŮŸŷųŹŷūűŻŮŴƅźŻūũ
ŭūŷŹũŻŹŮŻűŹżŮŵƄŮműŰƈƂŶƄŵūųżźŷŵ}ŷŶűźŸżźųũƇŻźƈŶũŶűůŶƇƇ
źŻŹũŻżųŷŵŵŮŹƀŮźųűžűŴƇŪűŻŮŴƅźųűžŹũŰūŴŮƀŮŶűŲŬŷŹŷŭźųŷŲŪŮŭŶŷŻ Ƅ
ŚŻŹŮŵŴŮŶűŮŸŮŻŮŹŪżŹŬźųűžűŵŷźųŷūźųűžųũŶſŮŴƈŹűźŻŷūŵũźŻŮŹŷūƄž 
ŘŮŻŹżžũŝũŹŶŷźŔżŪŷų;9,,,ū
Pro memoria:   ŻŮũŻŹũŴƅŶƄŮűźŻŷŹűű
űŸŹűųũŰƀűųŷūŹũŰƄŬŹƄūũŻƅŸŷŸŹũŰŭŶűųũŵųŷŵŮŭűűźżƀũźŻűŮŵƆŻűž 
mƁżŻŷūźųűžŸŮŹźŷŶ}ŸŹűūŮŴŷųŻŷŵżƀŻŷŹŷźźűŲźųũƈųũŰŶũźŻũŴũū ƄŭŮ-
ŴƈŻƅŸŷŴűſűűźŸŮſűũŴƅŶƄŮŭŮŶƅŬűŶũżźŻŹŷŲźŻūŷŶũŹŷŭŶƄžŻŮũŻŹŷū 
ųũųŷūƄŮűŶũƀũŴűżźŻŹũűūũŻƅźƈźźŮŹŮŭűŶƄžŬŬūźŻŷŴűſũž œũůŭũƈ
ŴƇŪűŻŮŴƅźųũƈŻŹżŸŸũűŵŮŴũźūŷŮŬŷ capocomico ŶŮŻŷŴƅųŷŭűŹŮųŻŷŹźŻūŷ -
ūũūƁŮŬŷŶŷűźŷƀűŶƈūƁŮŬŷźŷŪźŻūŮŶŶƄŮmũŹŴŮųűŶũŭƄ}űŶŻŮŹŵŮŭűű
źŷźŻũūűūƁűŮūŸŷźŴŮŭźŻūűűŵŶŷŬŷƀűźŴŮŶŶƄŮźŪŷŹŶűųű
ŖũƀũŴŷ;,;ūŷŰŶũŵŮŶŷūũŴŷźƅŸŷƈūŴŮŶűŮŵūřŷźźűűŶŷūŷŬŷůũŶŹũ
ųŷŻŷŹƄŲŸŹŮŭŷźŻũūűŴżŪŮůűƂŮŻŹũŭűſűűŵũźŷƀŶŷŬŷŻŮũŻŹũŨűŵŮƇū 
ūűŭżŽŹũŶſżŰźųżƇŸũŶŻŷŵűŵżŽŮŮŹűƇ
ŘŷŰūŷŴƇźŮŪŮźŷūźŮŵųŹũŻųŷűŰŴŷůűŻƅűźŻŷŹűƇŸŷƈūŴŮŶűƈůũŶŹũ  
ŋb;9,,źŻŷŴŮŻűűŻŮũŻŹũŴƅŶƄŮŻŹżŸŸƄźŉŸŮŶŶűŶźųŷŬŷŸŷŴżŷźŻŹŷūũ
ŸŹŷƀŶŷŷŪŷźŶŷūũŴűźƅŶũŻŮŹŹűŻŷŹűűŝŹũŶſűűőžūŹũźŻũŶűŮūŬũŴŴƅ -
źųżƇųżŴƅŻżŹżŸŹŷűŰŷƁŴŷŰũźƀŮŻŶŮųŷŻŷŹŷŬŷmŷŽŹũŶſżůűūũŶűƈ}ŵũź ŷų
ŸŹűźŸŷźŷŪŴŮŶűƈűžųŷūųżźũŵűŻŹũŭűſűƈŵŶŷūŷŲŸżŪŴűųűŚŻũŹũŶűƈ ŵű
ũųŻŮŹŷūśŹűźŻũŶŷŕũŹŻűŶŮŴŴűŷųȡűōŷŵŮŶűųŷŊƅƈŶųŷŴŮ Ŵ-
ŴűȡūŻŷŹŷŲŭŰũŶŶűŸŹŷźŻũųűŰŊŮŹŬũŵŷŷŭŮŻƄŲūŴũŻũ ŶƄŮ
ŷŪŶŷźųűŸŹŮūŹũŻűŴźƈūŷźŻŹŷżŵŶŷŬŷžűŻŹŷŬŷſűŶűųũŬŮŶűƈųŷŵűƀ Ůź
ųŷŲűŶŻŹűŬűūźŮŬŭũŭŷŪűūũƇƂŮŬŷźƈźūŷŮŬŷŦŻŷŻŉŹŴŮųűŶŷŪŴũƀűŴź ƈ
ūŶũŹƈŭŶƄŲŷŪŴŮŬũƇƂűŲŻŮŴŷųŷźŻƇŵūųŷŻŷŹŷŵŸŹŮůŶűŮŰũŸŴũŻƄ
źŭŮŴũŴűźƅƆŴŮŬũŶŻŶƄŵűſūŮŻŶƄŵűŹŷŵŪũŵűŎŬŷųŷŹŷŻųũƈŭŮŹŮūƈŶŶũƈ  
ŘŮŻŹżžũŝũŹŶŷźűŮŬŷůŮŶũ
ŔżŪŷų;9,,,ū
ŋũŭűŵŢŮŹŪũųŷū řżźźųűŲŵűŽŷ Commedia dell’Arte
ŸũŴųũųŷŴŷŻżƁųũŸŹŮŷŪŹũŰűŴũźƅūŵũŬűƀŮźųűŲůŮŰŴŉŬŴũūŶŷŮűŰŵ Ů-
ŶűŴũźƅŭŹũŵũŻżŹŬűƀŮźųũƈŽżŶųſűƈŵũźųűŉŹŴŮųűŶźŻũŶŷūűŻźƈŷŴűſŮ -
ŻūŷŹŮŶűŮŵżŭũƀűbȡūŴƇŪūűŭŷŪƄƀŮŭŮŶŮŬűźŴũūƄbȡűŸŮŹŮžŷŭűŻŸ ŷŭ
ŷƀŮūűŭŶŷŮŸŷųŹŷūűŻŮŴƅźŻūŷŵŷŬżƂŮźŻūŮŶŶƄžŵũŬűƀŮźųűžźűŴ
ŗŸżźŻŮūƁŮŮŵŮźŻŷŸŹŷźŻũųũŰũŶűŵũŮŻŹƈŭŷŵźŶűŵŵũźųũŘƅŮŹŷ
ŘŷŶũƀũŴżƆŻŷŬŴżŸƄŲżūũŴŮŶƅűŶŮżŭũƀŶűųūƄŶżůŭŮŶŶƄŲŸŷųŷŹŶŷ
źŶŷźűŻƅŶũźŵŮƁųűŉŹŴŮųűŶũśŷŴƅųŷūŮŬŬŬŮŶűŲŏũŶũŌũźŸũ Źũ
ōŮŪƇŹŷȡŷųżŻũŮŻŵũźųżŽŴŮŹŷŵŵŮŴũŶžŷŴűƀŮźųŷŲŸŷƆŰűű
űŸŹŷŴŷůűŻŸżŻƅųŸŹŮūŹũƂŮŶűƇŮŮūźűŵūŷŴŷŭűŶŷƀŮźŻūũžżŭŷůŶűųũ 
ŸŷźŹŮŭűŷŭŮŹůűŵŷŲŸŹűŷŪŹŮŻũŻŮŴƅźŻūŷŵŻŷŴŸƄ
œŷŵűƀŮźųũƈ fantescaŪŷŲųũƈźŴżůũŶųũűŻũŴƅƈŶźųűžźſŮŶũŹűŮūŸŹŮ -
ŷŪŹũŰżŮŻźƈūœŷŴŷŵŪűŶżbȡŻűŸűƀŶżƇŭŴƈŽŹũŶſżŰźųŷŬŷŻŮũŻŹũ ingénue, 
ŸŹŮŭŵŮŻŴƇŪŷūŶƄžƆźųũŸũŭŉŹŴŮųűŶũűŘƅŮŹŷśũųŪŷŴŮŮƀŮŵŰũŭū ũ
źŻŷŴŮŻűƈźųŴũŭƄūũŮŻźƈųŴũźźűƀŮźųűŲŻŹŮżŬŷŴƅŶűųŸŮŹźŷŶũůŮŲŸũŶŻŷ -
ŵűŵŶƄžŽŮŮŹűŲ
ŖŮŷŪžŷŭűŵŷŹũŰƃƈźŶűŻƅŮƂŮűŻŷŷŪźŻŷƈŻŮŴƅźŻūŷƀŻŷűŰŶũƀũŴƅŶŷ
ūŮźƅŵũŬŷūŷŹŴűūƄŮŵũźųűűŵŸŹŷūűŰŷūũŶŶŷŲųŷŵŮŭűűżŻŹũŻűŴűūŷ
ŝŹũŶſűűŹŮƀƅŉųŻŮŹƄ Commedia dell’ Arte ŹũŪŷŻũƈūŵũźųũžūźŮŬŭũ
ūƄŶżůŭŮŶƄŪƄŴűŰũŵŮŶƈŻƅŵűŵűųżŸŹŮżūŮŴűƀŮŶŶŷƁűŹŷųŷŲŸŷŭūűů -
ŶŷźŻƅƇŻŮŴũŖŮŸŹŮŵŮŶŶƄŵűũŻŻŹũųſűŷŶũŵűűžŸŹŮŭźŻũūŴŮŶűŲŪƄŴű
ŻũŶſƄűũųŹŷŪũŻűƀŮźųűŮŻŹƇųűŘŴũźŻűƀŮźųűŮ apartésźŸŷŵŷƂƅƇ
ųŷŻŷŹƄžŷŻƄŬŹƄūũŴűźƅųŷŵűƀŮźųűŮŷſŮŶųűźŴŷūűŭŮŲźŻūűŲŭŹżŬűž
ŸŮŹźŷŶũůŮŲŻũųůŮūžŷŭűŴűūũŹźŮŶũŴūƄŹũŰűŻŮŴƅŶƄžźŹŮŭźŻūűŻũŴƅ 
ƈŶźųűžũųŻŮŹŷūŗƀżŻűūƁűźƅūűŶŷŲƈŰƄųŷūŷŲźŹŮŭŮŷŶűūƄŶżůŭŮŶƄ 
ŪƄŴűŮƂŮŪŷŴŮŮŭŷūŮŹűŻƅźƈŰŹűŵƄŵźŸŷźŷŪũŵųŷŵŵżŶűųũſűűűŹũŰūű -
ŴűŭŷƀŹŮŰūƄƀũŲŶŷźŻűźūŷűżŵŮŶűƈūƄŹũůũŻƅŻŮŴŷŵūźŮŶŮŷŪžŷŭűŵŷŮ 
źƇůŮŻż
ŗŭŶũųŷūŷūźŮŰūżƀũƂŮŮźŸŷŭŵŷźŻųŷūźŴŷūŷűŰŬŶũŴűűŰűžűźųżź -
źŻūũũŭŵűŶűźŻŹũŻűūŶƄŮŵŮŹƄŸŹũūűŻŮŴƅźŻūũŘŷŶũƀũŴżŰũũŴƅŸűŲźųűŮ 
ųŷŵŮŭűũŶŻƄŸŷŰŶũŴűūƄŬŷŭƄųŷŹŷŴŮūźųŷŲŵűŴŷźŻűŋŴũźŻƅŸŹŮŭŷźŻũū -
ŴƈŴũűŵŴżƀƁűŮŸŴŷƂũŭųűūſŮŶŻŹŮźŻŷŴűſƄūźŮŹŮŭűŶŮ;9,,ūŪƄ Ŵ
źŷŰŭũŶŻŮũŻŹ Comédie Italienne ŸŷŴżƀűūƁűŲųŷŹŷŴŮūźųżƇŸŹűūűŴŮŬűƇ
űŭŮŶŮůŶżƇŭŷŻũſűƇřũźźŴũŪűūƁűŮźƈŴűſŮŭŮűŰũŪƄūŷŻŷŵųŻŷūŷ 
ŝŹũŶſűűƈūŴƈŮŻźƈŬŷźżŭũŹźŻūŷŵŸŷŰūŷŴűŴűźŮŪŮūƄźŵŮƈŻƅŶũŪŷůŶŷź Żƅ
ŬůűŭŮŕŮŶŻŮŶŷŶőŔƇŭŷūűų;,9ŶŮŵŮŭŴŮŶŶŷŷŻūŮŻűŴŶũŷźųŷŹŪŴŮŶ űŮ
źūŷŮŲŵŷŹŬũŶũŻűƀŮźųŷŲźżŸŹżŬűbȡżŸŹũŰŭŶűŴűŻũŴƅƈŶźųűŲŻŮũŻŹ 
ŗźŻũūƁűŮźƈūŘũŹűůŮųŷŵŮŭűũŶŻƄŸŮŹŮŵŮźŻűŴűźƅūƈŹŵũŹŷƀŶƄŮŪũŴũ -
ŬũŶƄŸŹŮŭŵŮźŻƅƈŚŮŶŏŮŹŵŮŶųŷŻŷŹƄŮūƄŶżůŭŮŶƄŪƄŴűźƀűŻũŻƅźƈź
Pro memoria:   ŻŮũŻŹũŴƅŶƄŮűźŻŷŹűű
ŵŷŶŷŸŷŴűŮŲ Comédie Française ŻŷŴƅųŷƆŻŷŻŻŮũŻŹűŵŮŴūŘũŹűůŮŸŹũūŷ
ŸŹŷűŰŶŷźűŻƅźŸŷŭŵŷźŻųŷūŴűŻŮŹũŻżŹŶƄŲŻŮųźŻűŹũŰūŴŮųũŴűźūŷƇ
ŸżŪŴűųżŸŮŶűŮŵŻũŶſũŵűűŸũŶŻŷŵűŵŷŲ
ŋŷŴƁŮŪŶƄŮŻŮũŻŹũŴƅŶƄŮźųũŰųűƈŹŵũŹŷƀŶŷŬŷŽŹũŶſżŰźųŷŬŷŻŮũŻŹũ
ŪƄŴűŷƀŮŶƅŸŷŸżŴƈŹŶƄūŎūŹŷŸŮřũŰūŴŮƀŮŶűŮƆŻŷźƀűŻũŴŷźƅŶűŰŷūƄ ŵ
ƀżŻƅŴűŶŮŸŴŮŪŮŲźųűŵƀŻŷŶŮŵŮƁũŴŷųŷŵŵŮŹƀŮźųŷŵżżźŸŮžżŶŮŻŷ Ŵƅ-
ųŷŻũŴũŶŻŴűūƄžŶŷűźŹŮŭŶűžŷŹűŮŶŻűŹŷūũŶŶƄžűźųŴƇƀűŻŮŴƅŶŷŶũ
ŸŹűŪƄŴƅŸŹŮŭŸŹűƈŻűŲ
ŋřŷźźűűŸũŶŻŷŵűŵƄũŹŴŮųűŶũŭƄŸŷƈūűŴűźƅūűŭűŵŷźŹũŰż
ŸŷźŴŮŷųŷŶƀũŶűƈŐũŬŹũŶűƀŶŷŬŷŸŷžŷŭũŹżźźųŷŲũŹŵűűȡ
řũŰŬŹŷŵűūƁűŮŖũŸŷŴŮŷŶũūŷŲźųũŸŹűūŮŰŴűűžűŰŘũŹűůũƀżŻƅŴűŶŮ
ūźūŷŮŵŷŪŷŰŮŚžŬŷŭŷūŸŹŮŭźŻũūŴŮŶűƈƆŻŷŬŷůũŶŹũźŻũŶŷūƈ Żźƈ
ŻŹũŭűſűŷŶŶƄŵŹũŰūŴŮƀŮŶűŮŵŕũźŴŮŶűƀŶŷŲŶŮŭŮŴűŋŘŮŻŮŹŪżŹŬŮŶũ
ŉŭŵűŹũŴŻŮŲźųŷŲŸŴŷƂũŭűŰũŻŮŵŶũşũŹűſƄŶŷŵŴżŬżũūŕŷźųūŮŶũ 
ōŮūűƀƅŮŵŸŷŴŮūźŸŮſűũŴƅŶŷūŷŰūŮŭŮŶŶƄžŭŷƂũŻƄžŪũŴũŬũŶũžŬŷŹŷ -
ůũŶŮŵŷŬŴűżūűŭŮŻƅŸŹűųŴƇƀŮŶűƈŉŹŴŮųűŶũŗŶŸŷžűƂũŴųŹũźũūűſż
œŷŴŷŵŪűŶżżŰŴŷŬŷŷŻſũbȡźŻũŹűųũœũźźũŶŭŹũűŶŮŭŷŻŮŸƄůŮŶűžũbȡ
ŘƅŮŹŷūŴƇŪŴŮŶŶƄŮżŪŮŬũŴűūūŷŴƁŮŪŶƄŲŴŮźŬŭŮŭŮŹŮūƅƈŷůűūũŴű
űŸŹŮūŹũƂũŴűźƅūŰũŶƈŻŶƄžūŮŴűųũŶŷūŽŮƈŭũŹűŴũűžźżŶŭżųŷŵź
őŰŬŶũŶűŮŽŹũŶſżŰźųűžųŷŵŮŭűũŶŻŷūűŰŘũŹűůũūŬ
ŌŹũūƇŹũŔżűŏũųŷŪũźżŻŮŹƈŶŶŷŬŷŷŹűŬűŶũŴũŉŶŻżũŶũŋũŻŻŷŝŹũŬŵŮ ŶŻ
262ŋũŭűŵŢŮŹŪũųŷū řżźźųűŲŵűŽŷ Commedia dell’Arte
ŰŷŴŷŻŷŵŴŮźŶũŬŴũŰũžűŰżŵŴŮŶŶŷŲŸżŪŴűųűŷŪŷŹũƀűūũŴźƈŸŹŮųŹũź -
ŶƄŵŭūŷŹſŷŵũŸŷźŹũŵŴŮŶŶƄŲœũźźũŶŭŹūƄŶżůŭŮŶŪƄŴŪŴũŬŷźŴŷūűŻƅ
ŵŷŴŷŭƄž
II
ŘŷųŷŴŮŶűŮŹŷůŭŮŶŶŷŮūbȡŮŬŬūřŷźźűűbȡűůűŻŮŴűźŻŷŴ űſ
űŸŹŷūűŶſűũŴƄbȡźŹŮŭűźũŵƄžŭŷŹŷŬűžŭŮŻźųűžūŷźŸŷŵűŶũŶűŲźŷžŹũ -
ŶűŴűŶũűūŶƄŮūŷźŻŷŹŬűŷŻmƀżŭŮź}ŪũŴũŬũŶŶƄžŸũŶŻŷŵűŵŉŖŊŮŶż ũ
ŸűźũŴmŘŷŻŹŮŪŶŷźŻűūƀŮŵŻŷƀżŭŮźŶŷŵ űŪŴŮźŻƈƂŮŵūŸŷŴŶŮŷŻūŮŻű -
ŴŷŰŹŮŴűƂŮųŷŻŷŹŷŮƈźŸŷŭŷŪűŴźƈŻŷŬŭũżūűŭŮŻƅūŷŭŶŷŵűŰŪŷŴƅƁ űž
ŭŮŹŮūƈŶŶƄžŻŮũŻŹŷūũűŵŮŶŶŷūŻŮũŻŹŮŎŬũŹƉūũūųŷŻŷŹŷŵūźŮŮƂ ŮŸŷ
źŻũŹŷŲŻŹũŭűſűűŭũūũŴűźƅũŹŴŮųűŶũŭƄȬ!ŋƄŲŭƈűŰƆŻŷŬŷȦŸŮŹū ŷŬŷ
ŵŷŮŬŷŻŮũŻŹũȧƈŪƄŴźŴŷūŶŷżŬŷŹŮŴƄŲũŸũŵƈŻƅŷŪƆŻŷŵŸŷźŮƂŮŶű űŶŮ
żŻŹũŻűŴũźūŮůŮźŻűűźűŴƄŭũůŮűŸŷźŮŲŭŮŶƅŦŻŷŵŷŮŸŮŹūŷŮŰŶũ ųŷŵ -
źŻūŷźŻŮũŻŹŷŵųũųŻŷŷŰũŹűŴŷŵŮŶƈũūŬŴũūŶŷŮŭŮŲźŻūżƇƂŮŮŴűſ ŷū
ŉŹŴŮųűŶũƈŸŹŷźŻŷūŴƇŪűŴźƈŨżůŮŪƄŴŰŶũųŷŵźŴűƀŶŷźŻƅƇŉŹŴŮų űŶũ
űƀżūźŻūŷūũŴųƆŻŷŵżŵũźųűŹŷūũŶŶŷŵżŸŷūŮźŮųũųżƇŻŷūŷźžűƂŮŶŶżƇ 
ŶŮůŶŷźŻƅŶŷŻżŻƈżūűŭũŴŮŬŷůűūƄŵŭŮŲźŻūżƇƂűŵŸŷŪŮŭŷŶŷźŶƄŵ 
űŰŭŮūũƇƂűŵźƈŶũŭūźŮŵűųŻŷźŻũŶŷūűŴźƈŮŵżŸŷŸŮŹŮųŭŷŹŷŬűŕŶŮ
ŕũźŴŮŶűſũŚŹűźżŶųũŉŊũŴƅŭŮŹũ
263Pro memoria:   ŻŮũŻŹũŴƅŶƄŮűźŻŷŹűű
źũŵŷŵżŰũžŷŻŮŴŷźƅźŭŮŴũŻƅźƈŉŹŴŮųűŶŷŵűƈźŮŹƅŮŰŶŷŵŮƀŻũŴŷŻŷ ŵ
ƀŻŷŪƄŸŷŴżƀűŻƅŻũųżƇůŮūŷŴƁŮŪŶżƇŸũŴŷƀųżųũųŻũƀŻŷŸŷŭũŹűŴũ 
ŮŵżŰũƀŻŷ""ŭŷŪŹũƈűŸŹŮųŹũźŶũƈŽŮƈŕũŴŷŻŷŬŷƈŭũůŮūŻũŲŶŮ ŷŻ
ŵũŵƄŵŷŴűŴźƈŸŹŷźŮŪƈƀŻŷŪƄƆŻũŽŮƈƈūűŴũźƅűźŭŮŴũŴũŪƄŵŶŮŻ ũųŷŲ
ŸŷŭũŹŷų}
ŐŶũŵŮŶűŻƄŲŪũŴŮŻőŝŚŻŹũūűŶźųŷŬŷmŘŮŻŹżƁųũ}řżźźųűŮźŮŰŷŶƄ
ŴűŪŹŮŻŻŷųŷŻŷŹŷŬŷźŷƀűŶűŴŊŮŶżũūźŷũūŻŷŹźŻūŮźųŷŵŸŷŰű ŻŷŹŷŵ
űŪũŴŮŻŵŮŲźŻŮŹŷŵ5ŪŮŰżźŴŷūŶŷűŻŷůűŴƆŻűūŷźŸŷŵűŶũŶűƈűŸŮŹŮūŷŭűŴ
ŬŮŶŮŹũŴƅŶƄŮŵŷŻűūƄŪżŭżƂŮŬŷŵűŽũŷ Commedia dell’ Arte ūŶŷūŷŮųũƀŮ -
źŻūŷŗŶűźŻũŶŷūűŴűźƅŵũŻŮŹűũŴŷŵūƄźŷųŷŬŷűźųżźźŻūũűūųŴƇƀũŴűź ƅū
ŸŹŷſŮźźŸŷűźųũŷźŻŹŷźŷūŹŮŵŮŶŶŷŬŷžżŭŷůŮźŻūŮŶŶŷŬŷƈŰƄųũ
ŋŭŹũŵũŻűƀŮźųŷŵŻŮũŻŹŮūźŻŹŮƀũŹŮůűźźŮŹũƆųźŸŮŹűŵŮŶŻũŻŷŹũź
ŵũźųũŵűƈŹŵũŹŷƀŶŷŲŸũŶŻŷŵűŵƄŸŹŷűŰŷƁŴũƀżŻƅŹũŶŮŮbȡūŸŷźŴŮŭŶűŮ 
ŭŶűŬŋũŶŻŹŮŸŹűŰŮŋŝœŷŵűźźũŹůŮūźųŷŲŕŮŲŮŹžŷŴƅŭźŻũūűŻ Ŵű-
ŹűƀŮźųżƇŭŹũŵżŊŴŷųũmŊũŴũŬũŶƀűų}
ŋŷųŷƉŵŮźűŶŮŲŸżźŻŷŻƄźŻŷűŻŸŷźŹŮŭűŸŴũŶƁŮŻũŵũŴŮŶƅųűŲŪŮ -
ŴƄŲŻŮũŻŹűųźųŹũźŶƄŵŸŴƇƁŮūƄŵŰũŶũūŮźŷŵŹũźƁűŻƄŵŰŷŴŷŻƄŵű
ŰūŮŰŭũŵűŖũŭŶűŵbȡŸũżŻűŶũūŮŹŮūŷųűŸŹŷūŷŴŷųżžŷŭƈƂũƈūūƄźƅ 
ŖŮŸŹűųŹƄŻƄŮųŷŴŷźŶűųű""őŴűūũŬűųŷŻŷŹƄŵűźūƄƁŮżŸŹũūŴƈƇŻźƈ
ŉŊŮŶżũŨŹŵũŹųũŦźųűŰŭŮųŷŹũſűűŲųũŹŻűŶƄŪũŴŮŻũmŘŮŻŹżƁųũ }
ŝŹũŬŵŮŶŻ
ŋũŭűŵŢŮŹŪũųŷū řżźźųűŲŵűŽŷ Commedia dell’Arte
ŵũŹűŷŶŮŻųű""ŌŹŷžŷŻŪũŹũŪũŶũőŰŰũŰũŶũūŮźũūƄźųũŴƅŰƄūũŮŻźżŽŴŮ Ź
ŭŮŴŷūűŻŷŰũŪűŹũŮŻźƈūźūŷƇŪżŭųżŰũůűŬũŮŻźūŮƀűŕżŰƄųũmŵżŰƄ ƀųũ
źƈŭŷŵ}bȡųũųźųũůŮŻŷŶŮŲŮŮũūŻŷŹŸŷƆŻŕŉœżŰŵűŶŐũŶũūŮź ŹũŰ-
ŭūűŬũŮŻźƈ
ŖũźſŮŶŮŻŮũŻŹűųũŸŷźŻũūŴŮŶŻŹŮžźŻŮŶŶƄŲŸũūűŴƅŷŶźŭūżŵƈ
ŭūŮŹƈŵűűŷųŶŷŵūųŷŻŷŹŷŵūűŭŶũŶũŹűźŷūũŶŶũƈŶũŪżŵũŬŮŭũŴƅŜ 
ŷųŶũŶũŰŷŴŷƀŮŶŷŵžŹżŸųŷŵźŻżŴƅƀűųŮźűŭűŻŘƅŮŹŷūŪŮŴŷŵŪũŴũžŷ ŶŮ
źųŹũźŶƄŵűŸŷŵŸŷŶũŵűŸżŬŷūűſŚųŴŷŶűūŬŷŴŷūżŶũŪŴƇŭŷŸŴŷƉŶŷŬŷ
ūŷŹŷŻŶűųũűŷŪūŮŹŶżūŷŭŶŷŲŶŷŬŷŲŭŹżŬżƇŷŶźŵŷŻŹűŻūƆŻżŭũŴƅ ŏŭŮŻ
źūŷƇŶŮūŮźŻż
ŋŬŴżŪűŶŮźſŮŶƄŽŹŷŶŻũŴƅŶŷźŻŷűŻŭŴűŶŶƄŲźŻŷŴŐũŶűŵŴűſŷŵ
ųŸżŪŴűųŮmŵűźŻűƀŮźųŷŮźŷŪŹũŶűŮ}ŝűŰűŷŶŷŵűűūŰūŷŴŶŷūũŶƄōŷŴŬ ŷ
źŵŷŻŹƈŻūŰŹűŻŮŴƅŶƄŲŰũŴŰũŻŮŵbȡŶũŸŹũūŷŶũŴŮūŷźŶŷūũŶũŰŹű ŻŮŴƈ
řżųűŶũźŻŷŴŮŸũŴƅſƄŭŹŷůũŻűŪŮŬũƇŻŏŭżŻŚŵŮŹŻƅ
ŋźŻŹŮƀũŘƅŮŹŷűmŵűźŻűųŷū}źŖŮūŮźŻŷŲbȡŚŵŮŹŻƅƇbȡœŷŴŷŵŪűŶŷŲ
ŸŹűŶŮźŮŻűŵŵŶŷŬŷŷůűŭũŮŵƄžŶŮŷůűŭũŶŶŷźŻŮŲŋźŻŹŮƀũŕŮŲŮŹžŷŴƅ -
ŭũźŸƅŮźŷŲŊŴŷųũźŻũŶŮŻźŷŪƄŻűŮŵūűźŻŷŹűűŵűŹŷūŷŬŷŻŮũŻŹũŞŞ ū
śũųůŮųũųűźŻŷŴųŶŷūŮŶűŮŚŻũŶűźŴũūźųŷŬŷźƀŮžŷūźųŷŲmŠũŲųŷŲ} ŷŶũ
ƈūűŻźŷŪŷƇŸŹűŵŮŹŹŷůŭŮŶűƈźſŮŶűƀŮźųŷŬŷƈŰƄųũűŰźŷŭŮŹůũŶűƈű
ŖŚũŸżŶŷūŕűźŻűƀŮźųŷŮźŷŪŹũŶűŮ
ŝŹũŬŵŮŶŻ
265Pro memoria:   ŻŮũŻŹũŴƅŶƄŮűźŻŷŹűű
ŽŷŹŵƄūŮŴűųŷŲŭŹũŵũŻżŹŬűűŚūŷűŵűźŻűžũŵűűŹŮŵũŹųũŵűŊŴŷųū
űŰūŮźŻŶŷŵźŵƄźŴŮŷŪżƀűŻŕŮŲŮŹžŷŴƅŭũŻŷŵżżźŴŷūŶŷŵżŻŮũŻŹżŻŷŲ 
źűŵūŷŴűƀŮźųŷŲūŷūŻŷŹŷŲŸŷŴŷūűŶŮūŮųũŮŮŶũŰŷūżŻŵŮŻũŽŷŹűƀŮźųŷ Ų
ŵűŰũŶźſŮŶŮųŷŻŷŹżƇŹŮůűźźŮŹŪżŭŮŻŹũŰūűūũŻƅŷŻŻũƀűūũŻƅűźŷūŮ Ź-
ƁŮŶźŻūŷūũŻƅūŭũŴƅŶŮŲƁŮŵŷŪŷŬũƂũƈŮƇbȡūŸŹƈŵżƇűŴűŰũŷƀŶŷbȡūź Ůž
ŴƇŭŮŲŻŮũŻŹũŵűŶżūƁŮŬŷźŻŷŴŮŻűƈ
œŷŶŮƀŶŷŸŹŷŭŷŴůũƈŭūűŬũŻƅźƈŹũŶŮŮűŰŪŹũŶŶŷŲŭŷŹŷŬŷŲŕŮŲŮŹ -
žŷŴƅŭźũŵŸŹűƁŮŴŪƄųŷŻųŹƄŻűƈŵmŊũŴũŬũŶƀűųũ}ŐũŴŷŬŷŵŻŷŵżźŴż ůũŻ
űŮŬŷŷŸƄŻƄůŮźŻųŷŬŷŭŮŲźŻūŮŶŶŷŬŷŸŷźŻŹŷŮŶűƈźŸŮųŻũųŴŮŲūŸŹŷūű Ŷ-
ſűűŷźŶŷūũŶŶƄŮŶũŻŷƀŶŷŵżƀŮŻŮūŷŰŭŮŲźŻūűƈŶũũųŻŮŹŷūűŸżŪŴűų ż
ŵŷŶŻũůũŵũŻŮŹűũŴƅŶƄžŷŪƃŮųŻŷūŰŹŮŴűƂũűŮŬŷŷŻųũŰŷŻŸŹűŶſűŸũ 
můűŰŶŮŸŷŭŷŪűƈ}ūŸŷŴƅŰżmźūŮŹžůűŰŶŮŶŶŷźŻű}źűŵūŷŴűźŻźųŷŬŷŻŮũŻŹ ũ
ŸŷƆŻűųũųŷŻŷŹŷŬŷŪƄŴũűŵŹũŰŹũŪŷŻũŶũŮƂŮūŵŷźųŷūźųŷŲŚŻżŭűűŶũ 
ŘŷūũŹźųŷŲŐŮŹŶŷūźŮŬŭũūźžŷŭűŻŴűƁƅūŸŷŭŬŷŻŷūŴŮŶŶŷŲŸŷ ƀūŮ
ŋŴűƈŶűŮŮźŻƅŸŹŷſŮźźŷŪŶũŹżůŮŶűƈūƀżůŷŵžżŭŷůŮźŻūŮŶŶŷŵŻŮųźŻŮ
ŽŷŹŵżŴűŹŷūŷųūŷŻūŷŻŬŷŻŷūƄžźŷŹūũŻƅźƈźźŷŪźŻūŮŶŶƄžżźŻŗŭŶũ ųŷ
żźųŷŹŮŶűŮŸŹűŭũŶŶŷŮūŶżŻŹŮŶŶŮŵżŹũŰūűŻűƇŕŮŲŮŹžŷŴƅŭũūźŻŹŮƀŮŲ ź
mŊũŴũŬũŶƀűųŷŵ}ŷųũŰũŴŷźƅźŻŷŴƅŵŷƂŶƄŵƀŻŷŰŹŮŴűƂŮųŷŻŷŹŷŮżū ű-
ŭŮŴũŸżŪŴűųũŻŮũŻŹũœŷŵűźźũŹůŮūźųŷŲūųũŶżŶŖŷūŷŬŷŬŷŬŷ ŭũ
ŶũŸŹŷƀƅūƄŴũŵƄūũŴŷźƅűŰŹƈŭũŸŹŮŭƄŭżƂűžźŸŮųŻũųŴŮŲŹŮůűźźŮŹũ
ŞżŭŷůŮźŻūŮŶŶƄŲźŵƄźŴźŸŮųŻũųŴƈƈūźŻūŮŶŶŮŮūźŮŬŷƀűŻũŴźƈūŵŮŲ -
ŮŹžŷŴƅŭŷūźųŷŵűźŸŷŴŶŮŶűűŹŷŴűŘƅŮŹŷœũųŶŮųŷŬŭũśŹŮŸŴŮūŘƅŮŹŷ ŭũŴ
ŕŮŲŮŹžŷŴƅŭżūŷŰŵŷůŶŷźŻƅŴűŹűƀŮźųŷŬŷźũŵŷŹũźųŹƄŻűƈŚŷūŸũŭŮŶűŮ
źżŭƅŪƄűŹŷŴűŷųũŰũŴŷźƅŻũųŷūŷƀŻŷŭũůŮŶŮūűŭŮūƁűŲmŊũŴũŬũŶƀű ųũ}
ŚŮŹŬŮŲŦŲŰŮŶƁŻŮŲŶūźƇźūŷƇůűŰŶƅŹűźŷūũŴűŷŸűźƄūũŴŕũźŻŮŹũū
ŷŪŹũŰŮŪŮŴŷŬŷŸũƈſũŔŷŵųűŲźŸűŹũŴƅƇŰũųŹżƀŮŶŶƄŲűŷŭŶŷūŹŮŵŮŶ -
ŶŷūŮźƅźŷźŻŷƈƂűŲűŰżŬŴŷūŘƅŮŹŷŕŮŲŮŹžŷŴƅŭũŸŮƀũŴƅŶŷŶũűŬŹƄūũŴ 
ŶũŭżŭŷƀųŮŻŮŵżŷŭűŶŷƀŮźŻūũŵŹũƀŶŷŲŵűŹŷūŷŲŸżźŻŷŻƄūųŷŻŷŹŷŲ 
ųŹżŻƈŻźƈbȡųũųźŶŮůűŶųűbȡŷŪŹũŰƄźżƂŶŷźŻűźŻũŴųűūũƈźƅűŹũŰŴŮŻ ũƈźƅ
ūŶŷūƅőžŭūűůŮŶűŮžũŷŻűƀŶŷŗŶűŸŷŭƀűŶŮŶƄūŮŻŹżbȡūŶŮƁŶŮŲŻũűŶ -
źŻūŮŶŶŷŲźűŴŮźŷūźŮŵŶŮźŷŸŹűŹŷŭŶŷŲűŵŖŮźŴűƈŶŶƄŮūŭūűůŮŶűű 
ŷŶűżŵŮƇŻŴűƁƅźŴűŸũŻƅźƈūŵŮŹŻūƄŲųũŹŻŷŶŶƄŲźŶŮŬżŻŹũƀűūũƈűź ųŹż
źūŮŻũūŸŷƁŴŷŲźŸŹŮźźŷūũŶŶŷźŻűŪżŭŶŮŲŖũūŰŬŴƈŭźŷźŻŷŹŷŶƄbȡƆ Żŷ
ŶŮŵŶŷŬŷźŵŮƁŶŷűŷƀŮŶƅŬŹżźŻŶŷmőżŴƄŪũŮŵźƈŷŻżůũźũűźŵŮŮŵź ƈ
ŶũŭźūŷűŵűżŴƄŪųũŵűbȡŶũŸűƁŮŻœőŠżųŷūźųűŲbȡŦŻŷŷƀŮŶƅźŴŷů Ŷũƈ
ŷƀŮŶƅżŻŷŶƀŮŶŶũƈƆŵŷſűƈ}6
ŗƀŮūűŭŶŷƀŻŷźŸŷźŷŪŶŷźŻƅųźŻŷŴƅűŰƄźųũŶŶƄŵŸŮŹŮůűūũŶű -
ƈŵbȡżŭŮŴŶŮŵŶŷŬűžŊŮƁŮŶƄŲūźŸŴŮźųźŷūźŮŵűŶƄžƆŵŷſűŲŰŹűŻŮŴŮŲ 
266ŋũŭűŵŢŮŹŪũųŷū řżźźųűŲŵűŽŷ Commedia dell’Arte
ŊũŴũŬũŶƀűųũ}ŕŮŲŮŹžŷŴƅŭūŸŷźŴŮŭźŻūűűƀũźŻŷŻŹũųŻŷūũŴųũųŵŮŻŷ -
ŭŷŴŷŬűƀŮźųűŲżŹŷųŎŭűŶŷūŹŮŵŮŶŶŷźŻƅŷūũſűŲűŷŪźŻŹżųſűŲųũŰũŴũź ƅ
ŹŮůűźźŮŹżŻŷŲźũŵŷŲűŭŮũŴƅŶŷŲŹŮũųſűŮŲųŷŻŷŹżƇŭŷŴůŶŷūƄŰƄūũŻƅ 
ŸŷŭŴűŶŶŷŮŸŹŷűŰūŮŭŮŶűŮŴƇŪŷŬŷűźųżźźŻūũũźſŮŶűƀŮźųŷŬŷbȡūŷźŷ -
ŪŮŶŶŷźŻűmŘżźŻƅƀũźŻƅŰŹűŻŮŴƅŶŷŬŷŰũŴũƁűųũŴũŊŴŷųżűŮŬŷũųŻŮ -
ŹũŵbȡŸűźũŴŕŮŲŮŹžŷŴƅŭbȡŻŮũŻŹŪƄŴŻŮũŻŹŷŵőŪƄŻƅŵŷůŮŻƆŻŷ Żŷ
ŷŪźŻŷƈŻŮŴƅźŻūŷŻŷŮźŻƅŻŷƀŻŷŸżŪŴűųũŷźŵŮŴűŴũźƅŻũųŶŮűźŻŷūŷ źūű -
źŻũŻƅŴżƀƁŮūźŮŬŷŭŷųũŰƄūũŮŻƀŻŷŰŭŮźƅżźŻũŶŷūűŴŷźƅŷŻŶŷƁŮŶűŮ ų
ŸŹŮŭźŻũūŴŮŶűƇųũųųŸŹŮŭźŻũūŴŮŶűƇŻŮũŻŹũŴƅŶŷŬŷŸŷŹƈŭųũ}řżźźųŷŮ
źſŮŶűƀŮźųŷŮűźųżźźŻūŷūŷŰūŹũƂũŴŷźŮŪŮūmŊũŴũŬũŶƀűųŮ}űŰŹƈŭŶŷŸ ŷŭ-
ŰũŪƄŻƄŮ ŻŮũŻŹũŴƅŶƄŮ ųũƀŮźŻūũ
III
řũŪŷŻũŶũŭŸƅŮźŷŲŊŴŷųũŷŻųŹƄŴũŕŮŲŮŹžŷŴƅŭżűźŻŷŹűƇŻŮũŻŹũ
ŗŶũƈūűŴũźƅŹŮůűźźŮŹżŸŷŭŷŪűŮŵŷŬŹŷŵŶŷŲųŴũŭŷūŷŲŸŹűŮŵŷūŻŹƇ -
ųŷūūƄŹũŰűŻŮŴƅŶƄžŹŮƁŮŶűŲŋźŮƀŻŷŷŭŶũůŭƄŪƄŴŷžŷŹŷƁŷźŭŮŴũŶ ŷ
ŖŜŴƅƈŶŷū
ŋŕŮŲŮŹžŷŴƅŭūųŷźŻƇŵŮŘƅŮŹŷ
Pro memoria:   ŻŮũŻŹũŴƅŶƄŮűźŻŷŹűű
ūŻŮũŻŹŮŶŮŭŷŴůŶŷűźƀŮŰũŻƅbȡŮŵżŷŪƈŰũŻŮŴƅŶŷŶũŲŭŮŻźƈŵŮźŻŷū Ŷŷ-
ūŮŲƁűžźſŮŶűƀŮźųűžųŷŵŸŷŰűſűƈžŚŸŷŵŷƂƅƇƆŻŷŬŷŷŸƄŻũŹŮůűźźżŹũ 
ŸŷŰŶũūũŴũźūŷŮűźųżźźŻūŷbȡŮŬŷŸŹűŹŷŭżűźŻŹżųŻżŹżŋųŷŶſŮ žŬŬ
ŶũƀűŶũŮŻźƈūũůŶŮŲƁűŲŭŴƈźŻũŶŷūŴŮŶűƈŻŮũŻŹũŞŞūŸŹŷſŮźźŸŷűźų ũ
źŸŮſűŽűƀŮźųŷŬŷŶŮŰũŮŵŶŷŬŷżűŶƄžūűŭŷūŻūŷŹƀŮźŻūũƈŰƄųũźſŮŶƄ 
ŘŹŷŶűſũŻŮŴƅŶƄŲŚŮŹŬŮŲŌŴũŬŷŴƅŶũŰŷūŮŻƆŻŷŻŸŹŷſŮźźmŷźūŷŪŷŭűŻŮŴ ƅ-
ŶƄŵŭūűůŮŶűŮŵ}8
ŘŹŮůŭŮūźŮŬŷŻŮũŻŹžŷŻŮŴmŷźūŷŪŷŭűŻƅźƈ}ŷŻŴűŻŮŹũŻżŹƄœżŴƅŻżŹũ 
řŷźźűűūźŮŬŭũŪƄŴũŷŹűŮŶŻűŹŷūũŶũŶũŬŴũūŮŶźŻūŷźŴŷūũśŮũŻŹūƆ ŻŷŲűŮ -
ŹũŹžűűŰũŶűŵũŴŸŷŭƀűŶŮŶŶŷŮŸŷŴŷůŮŶűŮűźŸŷŴŶƈƈŹŷŴƅŶűůŮźŻŷƈƂŮŬ ŷ
ŭŮŸũŹŻũŵŮŶŻũŭŹũŵũŻűƀŮźųŷŲŴűŻŮŹũŻżŹƄŋŮŬŷŰũŭũƀűūžŷŭűŴŷŸŹŮ ůŭŮ
ūźŮŬŷŹũźųŹũƁűūũŶűŮźŷŰŭũŶŶƄžŸűźũŻŮŴƈŵűŷŪŹũŰŷūőŶŻŷŶũſűƈŵűű 
ŵũŰųũŵűƈŹųŷŲžũŹũųŻŮŹŶŷźŻűũųŻŮŹƄŭŷŴůŶƄŪƄŴűŭũŻƅűŴŴƇźŻŹũſűƇ 
źŴŷūŮźŶƄžųŷŶźŻŹżųſűŲ
œŷŶŮƀŶŷŴƇŭűŻŮũŻŹũūźŮŬŭũƀżūźŻūŷūũŴűƀŻŷźŸŮųŻũųŴƅŶŮŹũūŮŶ 
ŭŹũŵŮƀŻŷŷŶŹŷůŭũŮŻƀżūźŻūũűŶŷŬŷŸŷŹƈŭųũųŷŻŷŹƄŮūŷŰŶűųũƇŻ Ÿŷ-
ŵűŵŷźŴŷūũŹƈŭŷŵźŶűŵűŷųŹƄŴƈƇŻŮŬŷƆŵŷſűŮŲŻũųųũųŹŮŭųũƈ ƀű-
ŻũŻŮŴƅźųũƈŽũŶŻũŰűƈźŸŷźŷŪŶũźŮŪŮūŷŷŪŹũŰűŻƅŘŷƈūŴŮŶűŮŶŷūŷŲŻ ūŷŹ-
ƀŮźųŷŲŸŹŷŽŮźźűűbȡŹŮůűźźżŹƄŪŮŹżƂŮŲŶũźŮŪƈŷŻūŮŻźŻūŮŶŶŷźŻƅŰ ũ
źŸŮųŻũųŴƅūſŮŴŷŵŰũŮŭűŶźŻūŷžżŭŷůŮźŻūŮŶŶŷŬŷŹŮƁŮŶűƈbȡŸŷŪżŭ űŴŷ
ŻŮũŻŹŬŹŷŵųŷŰũƈūűŻƅŷźūŷűžŸŹũūũžŶũŹũūŶŷŮŵŮźŻŷūźŷŶŵŮűźų żźźŻū
ŦŻŷŻűŵŸŮŹũŻűūŮźŻŮźŻūŮŶŶƄŵŷŪŹũŰŷŵŸŷźŻũūűŴūŷŸŹŷźŷŪŷźŷ -
ŪŷŵźŷŪźŻūŮŶŶŷŵƈŰƄųŮŏűūŷŸűźŮſŹũŪŷŻũŮŻſūŮŻŷŵŵżŰƄųũŶŻbȡŰū ż-
ųŷŵŸŷƆŻbȡźŴŷūŷŵũŸŷźŹŮŭźŻūŷŵƀŮŬŷŻūŷŹűŻŻŮũŻŹ""ŗŻūŮŻū ŮbŬŬ  
ūƄŻŮųũŴűŰŴŷŬűųűŪŷŹƅŪƄźmŴűŻŮŹũŻżŹƂűŶŷŲ}ŬŴũūŶƄŲŵũŻŮŹűũŴ
źſŮŶűƀŮźųŷŬŷűźųżźźŻūũbȡŻŮŴŷũųŻŮŹũōŮŲźŻūŮŶŶŷźŻƅŸŹŷűŰŶŷźűŵŷ -
ŬŷźŸŷŭŵŷźŻųŷūźŴŷūũŸŷŶƈŻŶŷŮŭŮŴŷŷźŷŰŶũūũŴũźƅűżƀűŻƄūũŴũź ƅ
ŶŷbżŸŷŮŶŶƄŮŪŷŹƅŪŷŲŹŮůűźźŮŹƄŸŹŮŭŸŷƀűŻũŴűŷŪƆŻŷŵūźūŷűžźŻũ Żƅƈž
ŶŮŸŷŵűŶũŻƅ
ŏŮŴũŶűŮŷƀűźŻűŻƅŻŮũŻŹŷŻmźŴŷūŮźŶűųŷū}ŸŷŹŷŭűŴŷűŶŻŮŹŮźŭŹũ -
ŵũŻűƀŮźųŷŲźſŮŶƄųŸũŶŻŷŵűŵŮśũųūźųŷŹŮŸŷƈūűŻźƈżŭűūűŻŮŴƅŶƄŲ
ŽŮŶŷŵŮŶŹżźźųŷŬŷūŷźŸŹűƈŻűƈ Commedia dell’ Arte ŕũźųűźŻũŹűŶŶŷŲ
űŻũŴƅƈŶźųŷŲųŷŵŮŭűűƈūŴƈŴűźŮŪƈŷŻŮƀŮźŻūŮŶŶŷŲŸżŪŴűųŮŸŹŮűŵżƂŮ -
źŻūŮŶŶŷūŪŮŰŵŷŴūŶƄžŸŹŮŭźŻũūŴŮŶűƈž
ŗŭŶũųŷŸŮŹūƄŮŸũŶŻŷŵűŵƄźŷŰŭũŶŶƄŮŷŻŮƀŮźŻūŮŶŶƄŵűŭŹũŵũ -
ŻűƀŮźųűŵűŹŮůűźźŮŹũŵűųűŵŸŹŷūűŰŷūũŶŶŷŲųŷŵŮŭűűűŵŮŴűūŮźƅŵũ
ŷŸŷźŹŮŭŷūũŶŶŷŮŷŻŶŷƁŮŶűŮŗŶűbȡųũůŭũƈŸŷźūŷŮŵżbȡŹũŰūűūũŴűŻŮ ŵƄ
ũūŻŷŹźųŷŲŽŹũŶſżŰźųŷŲũŹŴŮųűŶũŭƄ
268ŋũŭűŵŢŮŹŪũųŷū řżźźųűŲŵűŽŷ Commedia dell’Arte
œũųŷūŷŶũźũŵŷŵŭŮŴŮŪƄŴŷűźųżźźŻūŷōŮŪƇŹŷŶũŵūŹƈŭŴűżŭũźŻźƈ 
żŰŶũŻƅŻŷƀŶŷŚŷūźŮŲŷŸŹŮŭŮŴŮŶŶŷźŻƅƇŵŷůŶŷżŻūŮŹůŭũŻƅŴűƁƅƀŻ ŷ
ŷŶŷŪƄŴŷŶŮźŷūźŮŵŻũųűŵųũųűŵūƄƁŴŷűŰŸŷŭŸŮŹũŏƇŴƈŏũŶŶŮŶũ
űŴűśŮŷŽűŴƈŌŷŻƅŮbȡŮŬŷūŷźŻŷŹůŮŶŶƄžŸŷųŴŷŶŶűųŷūmŋŸũŶŻŷŵűŵŮ
ōŮŪƇŹŷŽŹũŶſżŰźųűŮŹŷŵũŶŻűųűżūűŭŮŴűźūŷŲŶŷūƄŲŻŮũŻŹũŴƅŶƄŲűž ż-
ŭŷůŮźŻūŮŶŶƄŲűŭŮũŴȬ!ŕũźųũŪŮŴŷŬŷŸũƈſũźŭŮŴũŴũźƅŷŪŷŰŶũƀŮŶű Ůŵ
alter egožżŭŷůŶűųũŮŬŷŻũųźųũŰũŻƅűźŻűŶŶŷŬŷŴűſũȬ!œŷŵŮŭűũŶŻbȡ
ųũųűŻūŷŹƀŮźųũƈŴűƀŶŷźŻƅūŷŷŪƂŮbȡżŹũūŶűūũŮŻźƈūŸŹŮŭźŻũūŴŮŶűű 
ŹŷŵũŶŻűųŷūźžżŭŷůŶűųŷŵŭŮŵűżŹŬŷŵźŷŰŭũŻŮŴŮŵźŷŪźŻūŮŶŶƄžȦŵű -
ŹŷūȧȬ!ŘƅŮŹŷźũŹűźŻŷųŹũŻűƀŮźųűŪŴŮŭŶƄŵŴűſŷŵȬ!ŸŹŷŻűūŷźŻŷ űŻ
żźŸŮƁŶŷŵżűŭŮŴŷūűŻŷŵżŉŹŴŮųűŶżŷŴűſŮŻūŷŹƈƇƂŮŵżŵũŻŮŹűũŴƅŶŷŮ
ŶũƀũŴŷȬ!ŗŭűŶbȡŹŮƁűŻŮŴƅŶƄŲŭŹżŬŷŲbȡŹŷŪųűŲŷŭűŶbȡŶũžũŴƅŶ ƄŲ
ŭŹżŬŷŲbȡŭŮŴűųũŻŶƄŲŷŭűŶȦųŹũźŶƄŲȧůŷūűũŴƅŶƄŲŭŹżŬŷŲbȡŪŮŴƄŲ ű
ŸŮƀũŴƅŶƄŲ}
ŗŪŹũŰŘƅŮŹŷųũųŸŮŹźŷŶűŽűųũſűűŻŮžųŻŷŶŮŸ ŷžŷůŶũŭŹ żŬűžŸŹŷ -
ƁŮŴƀŮŹŮŰūźŮűźųżźźŻūŷ;,;źŻŷŴŮŻűƈŋŮūŹŷŸŮŲźųŷŲůűūŷŸűźűű ŬŹũ-
ŽűųŮūŸŷƆŰűűűŸŹŷŰŮūŹŮŵƈŷŻūŹŮŵŮŶűūźŸŴƄūũŮŻŮŬŷŪŴŮŭŶƄŲŴ űų
ƀŻŷŪƄŸŹŮŸŷŭũŻƅżźŸŮƁŶŷŵżŵűŹżżŹŷųŸŷŶűŵũŶűƈűźŻűŶŶƄžſŮŶŶŷ -
źŻŮŲŖŮŵŷŬŶŮŸŷŴƇŪűŻƅźƈŷŶűźűŵūŷŴűźŻũŵbȡźŶũƀũŴũŽŹũŶſżŰźų űŵ
ũŰũŻŮŵūŮŶźųűŵ
ŘŮŹūŷŷźŶŷūŷŲŭūżžūũůŶŮŲƁűžŸũŶŻŷŵűŵŶũƀũŴũžŬŬźŻũŴ
źſŮŶũŹűŲŸŷŸżŴƈŹŶŷŬŷũūźŻŹűŲźųŷŬŷŭŹũŵũŻżŹŬũŉŹŻżŹũšŶűſŴŮŹũ
ŵżŰƄųżųųŷŻŷŹŷŵżŶũŸűźũŴūŮŶŬŮŹźųűŲųŷŵŸŷŰűŻŷŹŦŹŶźŻōŷŶũŶƅű
řũŰŹũŪŷŻųũźƇůŮŻũŰŭŮźƅūŸŷŴŶŮŻŹũŭűſűŷŶŶũŘƅŮŹŷŸũźźűūŮŶŶŷ
ŸŮŹŮŸŷŴŶŮŶŴűŹűƀŮźųűŵűƀżūźŻūũŵűŉŹŴŮųűŶŭŮƈŻŮŴŮŶűŸŹűƆŻŷŵ
ůŮźŻŷųŏŮŶźųŷŲŵũźųŮšŶűſŴŮŹŶũŰƄūũƈŮŮŘƅŮŹŮŻŻŷŲŸŹŮŭŴũŬũ -
ŮŻūƄŪŷŹŵŮůŭżŶűƂŮŻŷŲźŴƇŪűŵƄŵűŭŷźŻũŻųŷŵūŭŷŵŮŬŷźŸŷŭűŶũ
ųŷŻŷŹƄŲźŸŷźŷŪŮŶŶũŶũźűŴűŮŎŲųŷŶŮƀŶŷžŷŻŮŴŷźƅŪƄŸŹűŭŮŴũŻƅ 
ŽűŶũŶźŷūƄŮūŷŰŵŷůŶŷźŻűŷŭŶŷŬŷųŵűŴŷŵżŴűſżŭŹżŬŷŬŷũŸŷŻŷŵż
ūźŮŻŹűųũŹŻűŶƄźſŮŶũŹűƈŘƅŮŹŮŻŻũŵŮ ƀŮŻźƈŵŮůŭżŵũŶźũŹŭŷŲŘƅŮŹŷ 
űŭŷŵŷŵŉŹŴŮųűŶũŬŭŮűŭŮŻŪũŴ ŸŷźŴżƀũƇűžźūũŭƅŪƄœŷŶƀũŮŻźƈ ūźŮ
ŸŴŷžŷŘƅŮŹŷŻŹũūűŻźŮŪƈƈŭŷŵŉŹŴŮųűŶŷŪŶũŹżůűūũŮŻűŰŵŮŶżŘƅŮ -
ŹŮŻŻũźžŷŭűŻźżŵũűŸŷŬűŪũŮŻ
ŘŮŹūƄŵŰũƆŻŷŻźƇůŮŻūŰƈŴźƈŕŮŲŮŹžŷŴƅŭŗŶŹũŭűųũŴƅŶŷŸŮŹŮŸű -
źƄūũŮŻŴűŪŹŮŻŻŷšŶűſŴŮŹũŵŮŶƈƈŶũŰūũŶűŮűŵŮŶũũŬŴũūŶŷŮbȡžũ Źũų-
ŻŮŹűźŻűųűŸŮŹźŷŶũůŮŲŋŸũŶŻŷŵűŵŮōŷųŻŷŹũōũŸŮŹŻżŻŻŷŸŷŭƆŻűŵ
ŸźŮūŭŷŶűŵŷŵŕŮŲŮŹžŷŴƅŭūƄŸżźųũŮŻźŸŮųŻũųŴƅūŚũŶųŻŘŮŻŮŹŪżŹŬ -
źųŷŵōŷŵŮűŶŻŮŹŵŮŭűŲūŬmŰŮŹŶŷ}ųũůŭŷŲŵũźųűŷźŻũūŴŮŶŷ ŪŮŰ
Pro memoria:   ŻŮũŻŹũŴƅŶƄŮűźŻŷŹűű
űŰŵŮŶŮŶűŲűźŷŷŻūŮŻźŻūżŮŻŻŹũŭűſűű;,;źŻŷŴŮŻűƈŗŭŶũųŷŷŪźŻŷƈ -
ŻŮŴƅźŻūũűžŪƄŻűƈŸŹŮŭŮŴƅŶŷŸŹűŪŴűůŮŶƄųŷŻŮƀŮźŻūŮŶŶŷŵżŰŹűŻŮŴƇ 
ŕŮŲŮŹžŷŴƅŭŸŷŵŮƂũŮŻųŴũźźűƀŮźųűŲŻŹŮżŬŷŴƅŶűųūŵŮƂũŶźųżƇźŹŮŭż 
ųŷŻŷŹŷŲžżŭŷůŶűųŖŖŚũŸżŶŷūŸŹűźūũűūũŮŻŷƂżŻűŵŷŹŷźźűŲźųűŮ
ŸŹűŵŮŻƄ
ōŴƈŕŮŲŮŹžŷŴƅŭũūƆŻŷŵźŸŮųŻũųŴŮŷųũŰƄūũŮŻźƈūũůŶƄŵŸŹũųŻű -
ƀŮźųŷŮűźźŴŮŭŷūũŶűŮūŷŰŵŷůŶŷźŻŮŲŵŷŶŻũůũŻŹũŬűƀŮźųŷŬŷűźŵŮƁŶŷŬ ŷ
ūƄźŷųŷŬŷűŸŷƁŴŷŬŷŶũŹŷƀűŻŷŸŹűŭżŵũŶŶŷŬŷűżŰŶũūũŮŵŷŬŷŋźŮƀŮ -
ŴŷūŮƀŮźųũƈżŶűūŮŹźũŴƅŶŷźŻƅźƇůŮŻũŸŮŹŮųŴűųũŴũźƅŶũƀżūźŻūŮŶŶŷŵ
żŹŷūŶŮźŷŸƄŻŷŵźűŭŮūƁűžūŰũŴŮŰŹűŻŮŴŮŲřŮŰųűŮŸŹŮżūŮŴűƀŮŶűƈ
źſŮŶűƀŮźųŷŬŷŬŹŷŻŮźųũŷŪŶũŹżůűŴűźŸŷźŷŪŶŷźŻƅŶŮŻŷŴƅųŷŶŮŵŮ -
ƁũŻƅźŷŸŮŹŮůűūũŶűƇŶũŷŪŷŹŷŻbȡűžŶŮŶũŻżŹũŴƅŶŷźŻƅżŭűūűŻŮŴƅŶƄŵ  
ŷŪŹũŰŷŵŸŷŵŷŬũŴũųũųŸŷŭŵŮŻűŴŎŉŐŶŷźųŷŊŷŹŷūźųűŲŸŷźŻűůŮŶű Ƈ
mūŶżŻŹŮŶŶŮŲŸŹũūŭƄ}ŸŹŷűźžŷŭűūƁűžŶũźſŮŶŮźŷŪƄŻűŲ
ŘŷŭũūŻŷŹźųűŵŶũŰūũŶűŮŵŸũŶŻŷŵűŵũŪƄŴũŸŷźŻũūŴŮŶũūŕŷźųūŮ
œũųűŕŮŲŮŹžŷŴƅŭŉŨśũűŹŷūŷųũŰũŴźƈŶŮźŴűƁųŷŵŭŷūŷŴŮŶŭŹũŵũ -
ŻżŹŬűŮŲźſŮŶũŹűƈšŶűſŴŮŹũŷŪũŸŹűƆŻŷŵŪŮŰŷŬŷūŷŹŷƀŶŷūŷźžűƂũ -
ŴűźƅŵżŰƄųŷŲōŷŶũŶƅűřũŪŷŻũƈŶũŭŸũŶŻŷŵűŵŷŲūŬŷŹŷŭŮŎŹŵŷŴŷūŷ Ų
ŷŻŵŮŶŶŷŸŹűżƀŮŶŶŷŵųŸŷŶűŵũŶűƇŷƀűźŻűŻŮŴƅŶŷŲŵűźźűűźŻŹũŭũ -
ŶűƈśũűŹŷūŹŮƁűŻŮŴƅŶŷźŭūűŬũŮŻźūŷŲźŸŮųŻũųŴƅūźŻŷŹŷŶżūƄźŷų ŷŲ
ŻŹũŬŮŭűűźŻŹũźŻűŋŷŵŶŷŬŷŵŸŷŻŷŵżƀŻŷŶũŹŮŸŮŻűſűƈžmŘŷųŹƄūũŴ ũ
ŘƅŮŹŮŻŻƄ}ūŚūŷŪŷŭŶŷŵŻŮũŻŹŮūŬŸŷźŻũŶŷūƂűųūźŻŹŮŻűŴźūŷ Ƈ
ŖřŮŵűŰŷū>řŮŕű@ŉŽűƁũŚũŶųŻŘŮŻŮŹŪżŹŬźųŷŬŷōŷŵũűŶŻŮŹŵŮŭűŲ 

ŋũŭűŵŢŮŹŪũųŷū řżźźųűŲŵűŽŷ Commedia dell’Arte
źżŭƅŪżbȡŉŌbœŷŷŶŮŶŸŷŭŴűŶŶŷŻŹũŬűƀŮźųżƇũųŻŹűźżŹŮůűźźŮŹźųŷŬ ŷ
ŻŮũŻŹũŪżŭżƂżƇŝŮŭŹżűŦŵŵżŊŷūũŹűźūŷűžūŮŴűųűžźſŮŶűƀŮźųűž
ŸŹŷűŰūŮŭŮŶűŲ
őūźŮůŮŬŴũūŶŷŲŸŹűƀűŶŷŲůũŶŹŷūŷŬŷŭŹŮŲŽũŷŻšŶűſŴŮŹũų
šŮųźŸűŹżũŻŷűųŎūŹűŸűŭżźŻũŴũźŻŹŷŲŶũƈŸŷƆŻűųũŵűŵŷŭŹũŵƄŹũŰŹũŪŷŻũŶŶũƈśũűŹŷūƄŵūŷūŹŮŵƈźŷƀűŶŮŶűƈźſŮŶűƀŮźųŷŬŷŻŮųźŻũ  
mŘŷųŹƄūũŴũ}ŖũűŪŷŴŮŮūũůŶƄŵűźžŷŭŶƄŵŸŹűŶſűŸŷŵŷŶŸŷźŻżŴűŹżŮŻ
ŸŹŷŪŴŮŵżŷŸŹũūŭũŶűƈŵŷŴƀũŶűƈōŴƈŕŮŲŮŹžŷŴƅŭũŮŮŶŮźżƂŮźŻūŷūũŴ ŷ
ūŷūźŮbȡũųŻŮŹƄŪŮŰŵŷŴūźŻūżƇŻŸŷźųŷŴƅųżűŬŹũƇŻŸũŶŻŷŵűŵżśũųŷū ũ
żźŴŷūŶŷźŻƅŸŹŮŭŴũŬũŮŵŷŲŰŹűŻŮŴƇŽŷŹŵƄ
śũűŹŷūůŮŸŷŴũŬũŴŶŮŷŪžŷŭűŵƄŵŹũŰƃƈźŶűŻƅźŮŪŮűũųŻŮŹũŵmŸŮŹŮ -
ůűūũŶűƈũųŻŮŹũŵŷŬżŻūƄŴűūũŻƅźƈŴűŪŷūźŴŷūŮŴűŪŷūůŮźŻŮŸŷŶ űŵũƈ
ŸŷźŴŮŭŶűŲūźũŵŷŵƁűŹŷųŷŵźŵƄźŴŮźŴŷūũŐŭŮźƅŻŷŮźŻƅūŵűŵŷŭŹ ũŵŮ
ůŮźŻƈūŴƈŮŻźƈŶŮűŴŴƇźŻŹũſűŷŶŶƄŵũ źũŵŷŭŷūŴŮƇƂűŵ ŗŶbŶŮƆųūűūũ -
ŴŮŶŻźŴŷūũŷŶŻũūŶŮƁŶƈƈŽŷŹŵũūųŷŻŷŹżƇūŭũŶŶŷŵźŴżƀũŮŻŷŴƅ ųŷű
ŵŷŬŴŷūƄŴűŻƅźƈŸŮŹŮůűūũŶűŮũųŻŮŹũ}ōŴƈŶŮŬŷŵŷŴƀũŶűŮźŻũŶŷūűŻźƈ
źŴŮŭźŻūűŮŵmŵũųźűŵũŴƅŶŷŬŷŶũŸŹƈůŮŶűƈƀżūźŻū}ŬŮŹŷŮūźŸŮųŻũųŴƈ
ŘŮŹŮźŵũŻŹűūũƈŭũŶŶƄŮŮŵżšŶűſŴŮŹŷŵŵũźųűśũűŹŷūŹŮƁű -
ŻŮŴƅŶŷŷŻųũŰƄūũŴźƈŷŻůűŻŮŲźųŷŬŷŸŹũūŭŷŸŷŭŷŪűƈűŭŮŴũŴűžŸŮŹ -
źŷŶűŽűųũſűƈŵűźŻŹũźŻŮŲŦŻŷŸŷŰūŷŴűŴŷŹŮůűźźŮŹżŶũŲŻűźūŷŮŷŻ -
ųŹƄūũƇƂŮŮŸŷƀŻűŶŮűźƀŮŹŸũŮŵƄŮūŷŰŵŷůŶŷźŻűŹŮƁŮŶűŮŸŹŷŪŴŮŵƄ  
mŘŷųŹƄūũŴŷŘƅŮŹŮŻŻƄ}ŘŹŷŴŷŬ
ŚūŷŪŷŭŶƄŲŻŮũŻŹ
Pro memoria:   ŻŮũŻŹũŴƅŶƄŮűźŻŷŹűű
mŷŹŬũŶűƀŮźųŷŬŷ}ŵŷŴƀũŶűƈŚŭŮŴũūŵŮŹűŴŷŵmŷŹŬũŶűƀŶŷźŻű}źŻŮŸŮŶƅ 
źŻŹũźŻŮŲűźŸƄŻƄūũŮŵƄžŬŮŹŷƈŵűŸŴũźŻűƀŮźųŷŬŷŭŮŲźŻūũśũűŹŷūŸŮ ŹŮ-
ūŮŴūŶŮƁŶűŮżźŴŷūűƈųŷŻŷŹƄŮżźŻũŶũūŴűūũŴűŻũŪżŶũźŴŷūŷūŷūŶżŻŹƅbȡū
źŽŮŹżŸŮŹŮůűūũŮŵƄžũųŻŮŹŷŵƀżūźŻūŋƆŻŷŵźŴżƀũŮŵŷŴƀũŶűŮźŻũŶŷ ūű-
ŴŷźƅmŷŹŬũŶűƀŶƄŵ}ŷŸŹũūŭũŶŶƄŵūŴƇŪŷŲźűŻżũſűűųŷŬŭũźŴŷūŷżů Ů
ŸŹŷźŻŷŶŮŵŷůŮŻūŵŮźŻűŻƅųűŸŮŶűŮźŻŹũźŻű
ŋŹŮŰżŴƅŻũŻŮŸŹűŵŮŶŮŶűƈƆŻŷŲŻŮŷŹűűųźƇůŮŻżšŶűſŴŮŹũśũűŹŷū
źŷŰŭũŴźŸŮųŻũųŴƅŶűƀŮŵŶŮźžŷŭŶƄŲźŵŮŲŮŹžŷŴƅŭŷūźųűŵmŚūŷŪŷŭŶ ƄŲ
ŻŮũŻŹŰũŻżƁŮūũŴūźŮŪƄŻŷūŷŮűūƄŻƈŶżŴȦŘŷųŹƄūũŴŷȧūūƄźŷŻżbȡŸ űźũŴ
ŦŕŊŮźųűŶbȡŭũŴŮŬŷźžŮŵżŮŬŷŬŷŻűųżŮŬŷŷźŻŷūőŷŻŻŷŬŷŷ ŶŷūƄ
űŬŹũŴŷūũŪźŻŹũųŻŶŷŲůżŻűūƄűŬŹũŴŷūūŮƀŶŷŵūŵżŰƄųŮūŻŹũŬű ƀŮ-
źųŷŲŸŮźŶŮ}
ŘũŶŻŷŵűŵũŖŖŎūŹŮűŶŷūũmŠŮŻƄŹŮŵŮŹŻūŮſũŝƅƈŵŮŻŻƄ}œŹűūŷŮ
ŰŮŹųũŴŷŻũųůŮŵŷůŮŻŪƄŻƅŷŻŶŮźŮŶũųžżŭŷůŮźŻūŮŶŶƄŵźŷŪƄ -
ŻűƈŵŸŹŮŭƄźŻŷŹűűŵűŽũŷ Commedia dell’ Arte ŎŮŷŪŹũŰŶũƈźŻŹżųŻżŹũ
źŻŹŷűŴũźƅŶũűŹŷŶűƀŮźųŷŲŻŹũųŻŷūųŮŻŹũŭűſűŷŶŶƄžŵũźŷųźŻũūƁűž
ƀũźŻƅƇůűŰŶűūųũƀŮźŻūŮųũŹŶũūũŴƅŶƄžŷŭŮůŭŔűƀűŶƄŘƅŮŹŷűŉŹ -
ŴŮųűŶũŰŭŮźƅŸŹŮůŭŮūźŮŬŷƀũźŻƅųŷźŻƇŵũbȡŸżźŻũƈŽŷŹŵũųŷŻŷŹżƇ 
ūźƈųŶũŸŷŴŶƈŮŻźūŷűŵűźŻŹũźŻűƁųũŵűŎūŹŮűŶŷūūűŹŻżŷŰŶŷŹũŪŷŻũŮŻ 
ūƆŻŷŵźſŮŶũŹűűźŷůűŭũŶűƈŵűųżŴƅŻżŹŶŷŲŸżŪŴűųűųũůŭƄŲŹũŰűž
ŹŮƁűŻŮŴƅŶŷŶŮŷŸŹũūŭƄūũƈ
mŘŷųŹƄūũŴŷŘƅŮŹŮŻŻƄ}ŲũųŻ
ŚūŷŪŷŭŶƄŲŻŮũŻŹ
ŋũŭűŵŢŮŹŪũųŷū řżźźųűŲŵűŽŷ Commedia dell’Arte
ŗŭŮŻƄŲūųŷźŻƇŵŘƅŮŹŷŸŷŹŻŶŷŲŚűŴƅūűŷŹŮūŶżŮŻźūŷƇůŮŶż
ŝƅƈŵŮŻŻżőŵƈůŮŶƄŸŷƁűūŷƀŶƄžŭŮŴŵũźŻŮŹũŷŻźƄŴũŮŻŶũźųŬŮŹŷűŶ Ů
ŊŷųųũƀƀŷźŻũūƁŮŲźűŵūŷŴŷŵŪŮźųŷŶŮƀŶŷŲŶũŭŮůŭƄŗŭŶũųŷżŎūŹŮ -
űŶŷūũźűŵūŷŴƆŻŷŻŭŮŵŷŶźŻŹũŻűūŶŷźŶűůŮŶbȡŮŬŷŝƅƈŵŮŻŻũŷŻųŹƄŻũ
żžũůűūũŶűƈŵŵŶŷŬűžśŹŷŮŸŹŮŻŮŶŭŮŶŻŷūŶũŪŴũŬŷźųŴŷŶŶŷźŻƅųŹũźũ -
ūűſƄƈūŴƈƇŻźƈƀŮŹŮŰŪũŴųŷŶŶŷŮŷųŶŷūŮŮųŷŵŶũŻżŋźŮūųŷźŻƇŵũž 
ŘƅŮŹŷbȡūŮŭƅŶũżŴűſŮſũŹűŻŹűŵźųűŲųũŹŶũūũŴŗŸƈŻƅŸŮŹŮūŮŹŻƄƁ 
ŷŪŴűųŵŮŴũŶžŷŴűƀŮźųŷŬŷŶŮżŭũƀŶűųũŸŹűźūŷŮŶūŸŷŴŶŮŸŷŪŮŭűŻŮŴƅ -
ŶƄŵűŴƇŪŷūŶűųũŵűŘŷźŴŮŻŷŬŷųũųūźŮŷŶűŬűŪŶżŻŰũŭŷžŶżūƁűźƅ ū
ŻŮźŶŷŵźżŶŭżųŮųżŭũŝƅƈŵŮŻŻũŸŷŵŮƂũŮŻűžŸŮŹŮŭŸŹűžŷŭŷŵŵżůũ 
ŬŮŹŷűŶŮŻŹŮŪżŮŻźƈŶũŲŻűźŸŷźŷŪƆūũųżũſűűŻŹżŸŷūŗŶũŸŹűŬŴũƁũŮŻ ź
żŴűſƄŸŷŭūƄŸűūƁŮŬŷŪŹŷŭƈŬżųŷŻŷŹƄŲƈūŴƈŮŻźŮŪƈŸżŪŴűųŮūŷŪűŴƅ Ŷŷ
ŹũźſūŮƀŮŶŶŷŵƈŹųűŵűŰũŸŴũŻũŵűųŷźŻƇŵŮŘŷƆŻŷŵżŸŹűŰŶũųżŎūŹŮű -
ŶŷūŸŹŮŭŴũŬũŮŻŰŹűŻŮŴƈŵżūűŭŮŻƅūŶŮŵŉŹŴŮųűŶũŮƂŮŶŮżŻŹũŻűūƁ ŮŬŷ
ŷŪŴűųŶűƂŮŬŷŪŮŭŷŴũŬűűŰŊŮŹŬũŵŷŋƄŪŹŷźűūŻŹűŷŭűŶũųŷūŷŷŭŮŻƄž 
ŻŮŴũūŷųŶŷŸƅƈŶƄŲŉŹŴŮųűŶŰũŷŭŶŷżŪűūũŮŻűƀŮŻūŮŹŻŷŬŷŘƅŮŹŷbȡ 
ŵżůũŝƅƈŵŮŻŻƄŖŮŸŷŰŴŷŪŮųŷŶŮƀŶŷŘŹŷźŻŷŮŵżųũůŮŻźƈƀŻŷƆŻ ŷūźŮ
ŻŷŻůŮŸŷųŷŲŶűųŷŻųŷŻŷŹŷŬŷŮŵżŶűųũųŶŮżŭũŮŻźƈŷƀűźŻűŻƅŸŷŵŮ ƂŮ-
ŶűŮŊŹŷŭƈŬũŸŷŴżƀũŮŻŰŷŴŷŻżƇŵŷŶŮŻżũŬŮŹŷűŶƈbȡźūŷŪŷŭżŵƀũŻƅ źƈŶũ
ųũŹŶũūũŴƀŻŷŪƄŭũŹűŻƅŶũŭŮůŭżŵŶŷůŮźŻūżŷŪūŷŹŷůűŻŮŴƅŶƄžŵũźŷų
ŋŷŸżŪŴűųŷūũŶŶƄžŽŹũŬŵŮŶŻũžūŷźŸŷŵűŶũŶűŲŊŋŉŴŸŮŹźŭũŮŻ
ūŸŷŴŶŮżŶűƀűůűŻŮŴƅŶżƇžũŹũųŻŮŹűźŻűųżŻŷŲmūŷŴűųűŬŹŮ}ųŷŻŷŹżƇ 
ŉŔƇŪűŵŷū
mŠŮŻƄŹŮŵŮŹŻūŮſũŝƈŵŮŻŻƄ}ŐũŹűźŷūųũŭŴƈůżŹŶũŴũmśŮũŻŹűűźųżźźŻūŷ}
Pro memoria:   ŻŮũŻŹũŴƅŶƄŮűźŻŷŹűű
ŬŹŷŵųŷŸŹŷūŷŰŬŴũƁũŴŎūŹŮűŶŷūŘŹŷŻűūŷŸŷźŻũūŴƈƈŮŲźŷŭŮŹůũŻŮŴƅ -
ŶŷźŻƅŻŹũŬűƀŮźųűžŸŷŭūŷŭŶƄžŻŮƀŮŶűŲŷƂżƂũūƁűžźƈūŬŹŷŻŮźųũžŕŮ Ų-
ŮŹžŷŴƅŭũŉŴŸŮŹźżŻūŮŹůŭũŮŻƀŻŷmżŎūŹŮűŶŷūũūŮŬŷȦűŬŹŮȧŻũűŴ ŷźƅ
ŶũƀũŴŷŴżųũūŷŮŶũźŵŮƁŴűūŷűŹŷŶűƀŮźųŷŮżźųŷŴƅŰũƇƂŮŮūŸżźŻŷŻż 
ūŶűƀŻŷūŬŴżŵŴűūżƇŬŹűŵũźżŸŹŷųũŰŶűųũ}ŦŻŷźŸŹũūŮŭŴűūŷőūźŮ
ůŮŻŹżŭŶŷŶŮūŷźžűŻűŻƅźƈŪŴŮźųżŮŬŷűŶŻŮŴŴŮųŻżũŴƅŶƄžŸŷźŻŹŷŮŶűŲ 
***
ŐũŬŷŭŭŷŻŷŬŷųũųśũűŹŷūŸŷźŻũūűŻūŕŷźųūŮźūŷƇūũŹűũſűƇŻŹũ -
ŬűƀŮźųŷŲũŹŴŮųűŶũŭƄŕŮŲŮŹžŷŴƅŭūŘŮŻŮŹŪżŹŬŮżůŮŸŹűźŻżŸũŮŻųŹ ũ-
ŪŷŻŮŶũŭŵűŽŷŵŷ Commedia dell’ Arte ŚŬŶũƀűŶũƇŻźƈźŮŵƅŴŮŻ
ŻūŷŹŮŶűƈ ŹżźźųŷŬŷ ŷŪŹũŰũźũŵŷŬŷŻŮũŻŹũŴƅŶŷŬŷŻŮũŻŹũ
ŚŵŌŷŴŷūűŶŉ ŧŹƅŮūűmōŷŶŏżũŶ}ŧŕŧŹƅŮūȡŚŪŷŹ -
ŶűųŔŘŹűŪŷŲŚ
2 ŚŵŚŻũŹűųŷūũŔŕ śŮũŻŹũŴƅŶũƈůűŰŶƅūƆŸŷžżŉŶŶƄőŷũŶŶŷūŶƄ
ōŷųżŵŮŶŻũŴƅŶũƈžŹŷŶűųũȡŬŬŕřũŭűųźŚ
3 őŻũŴƅƈŶźųűŮųŷŵŮŭűűűűŶŻŮŹŵŮŭűűŸŹŮŭźŻũūŴŮŶŶƄŮŸŹűŭūŷŹŮűŵ -
ŸŮŹũŻŹűſƄŉŶŶƄőŷũŶŶŷūŶƄūȡŬŬ>źŪŷŹŶűų@źŷźŻŋŖ bŘŮ-
ŹŮŻſŘŬśűŸőŵŸŮŹũŻŷŹźųŷŲřŷźźűŲźųŷŲũųũŭŮŵűű
  ŊŮŶżũŉŴŮųźũŶŭŹ ŕŷűūŷźŸŷŵűŶũŶűƈŕŖũżųũśŚ
5 řŮƀƅűŭŮŻŷŕŕŝŷųűŶŮ
6   ŠżųŷūźųűŲœ ŘŮŻŮŹŪżŹŬźųűŮŻŮũŻŹƄ ŐŷŴŷŻŷŮŹżŶŷ ȹşűŻ
ŸŷŕŮŲŮŹžŷŴƅŭūŹżźźųŷŲŻŮũŻŹũŴƅŶŷŲ ųŹűŻűųŮȡŕŉř ś
Ś
  ŕŮŲŮŹžŷŴƅŭŋŦ ŚŻũŻƅűŸűźƅŵũŹŮƀűŪŮźŮŭƄūƀŚŷźŻŉŋŝŮū -
ŹũŴƅźųűŲŕőźųżźźŻūŷŠŚȡ
8   ŌŴũŬŷŴƅŚŮŹŬŮŲ őŰůűŰŶűźŷūŹŮŵŮŶŶŷŬŷűźųżźźŻūũ ŕŷźųŷūźųűŲŮůŮ -
ŶŮŭŮŴƅŶűų ȹŚ
  ŢŮŹŪũųŷūũŖũŻũŴƅƈ ŘƅŮŹŷűŉŹŴŮųűŶōūŮŵũźųűŭūũŴűſũ ŚŷŪŹũŶLŮ
ȹŚȡ
ŚŵŐŶŷźųŷŊŷŹŷūźųűŲŎŉ řżźźųűŲŻŮũŻŹŶũƀũŴũŞŞūŮųũŘŹũŬũŘŴũ -
ŵƈŚ
  śũűŹŷūŉŨ ŗŵűŵŷŭŹũŵŮ ŉųŻŮŹȹŚ
  śũűŹŷūŉŨ ŐũŸűźųűŹŮůűźźŮŹũźŻũŻƅűŪŮźŮŭƄŹŮƀűŸűźƅŵũŕ
ŋśŗŚ
  ŊŮźųűŶŦŵ ŘŮźŶƈŪŮŰźŴŷū śŮũŻŹũŴƅŶũƈŬũŰŮŻũ ȹŚ
 ŉŴŸŮŹźŊŋ őźųũŶűƈŶŷūŷŲźſŮŶƄŕőźųżźźŻūŷŚ",2025,"252 ŋũŭűŵŢŮŹŪũųŷū řżźźųűŲŵűŽŷ Commedia dell’Arte ŘŹŷŴŷŬ ŋmŘŷƆŵŮŪŮŰŬŮŹŷƈ}ŉŶŶũŉžŵũŻŷūũ ūŷźųŴűſũŮŻ mśƄūřŷźźűƇŸŹűƁŴũŶűŷŻųżŭũŗŵŷŮŪŮŴŷųżŹŷŮƀżŭŷœŷŴŷŵŪűŶũŭŮźƈŻƄžŬŷŭŷū}ŚŻŹŷųűŸŷźūƈƂŮŶƄũųŻŹűźŮŗŴƅŬŮŌŴŮŪŷūŷŲŚżŭŮŲųűŶŷŲŶŷŵŷŬżŻŪƄŻƅŸŹŷƀűŻũŶƄűŪŮŰŪűŷŬŹũŽűƀŮźųŷŬŷŸŷŭŻŮųźŻũōżŵũƇŉžŵũŻŷūũūŹƈŭŴűŹũźźƀűŻƄūũŴũƀŻŷūźƈųűŲƀűŻũŻŮŴƅŮŮŸŷƆŵƄŷųũůŮŻźƈŰŶũŻŷųŷŵŪŷŬŮŵŶŷŲųżŴƅŻżŹƄŘŮŻŮŹŪżŹŬũųũŶżūƁŮŲūŔŮŻżƆŸŷžűŘŷƆŻźŵŷŻŹűŻŶũ ŬűŰ žűŸŷŹũůũŮŻźƈŸŹűźżŻźŻūűƇŶũŪŮŹŮŬũžŖŮūƄŵũźŷųűŰmŋŮŶŮſűűŭŷůŮŲ} 253Pro memoria:   ŻŮũŻŹũŴƅŶƄŮűźŻŷŹűű ŗŭŶũųŷŶűƀŻŷŶŮƈūŴƈŮŻźƈŶűŷŻųżŭũŭũůŮŸŹűŰŹũųű ŠżŻƅūƄƁŮŸŷŻŮųźŻżŸŷƆŵƄŉžŵũŻŷūũūźŸŷŵűŶũŮŻŮƂŮŷŭŶżŹŮũŴűƇ žżŭŷůŮźŻūŮŶŶŷŲůűŰŶűŚŮŹŮŪŹƈŶŷŬŷūŮųũ mŋűŭűƁƅŻũŵŰũūƅƇŬŷŲ ųŹżŸƀũŻŷŲŕŮŲŮŹžŷŴƅŭŷūƄũŹũŸƀũŻũŐũŻŮūũƇŻŷŸƈŻƅūŷŰŶƇ""}  řűŽŵżƈźŮūŮŹŶżƇŵŮŻŮŴƅűƀŮŹŶŷųŷůűžŭŮŻŮŲŧŬũųŷŻŷŹƄžũŹűźŻŷ - ųŹũŻűƀŮźųũƈŸŹűžŷŻƅŸŹŮūŹũŻűŴũūůűūƄŮűŬŹżƁųűũŕŮŲŮŹžŷŴƅŭū źūŷűžźſŮŶűƀŮźųűžųŷŵŸŷŰűſűƈžźŭŮŴũŴŰŶũųŷŵƆŸŷžűũŪźŷŴƇŻűŰŵũ ŉžŵũŻŷūũŷƀŮŶƅŻŷƀŶŷżųũŰƄūũŮŻźŸŷźŷŪŸŹűžŷŭũŵũźŷųűŻũŴƅƈŶźųŷŲ  ųŷŵŮŭűűūŘŮŻŮŹŪżŹŬ ŋŵŮŲŮŹžŷŴƅŭŷūźųŷŵmōŷŶŏżũŶŮ} ŉŴŮųźũŶŭŹűŶźųűŲŻŮũŻŹ   ũŹũŸƀũŻũūŮŴűŸũŹũŴŴŮŴƅŶƄŲŵŷŴƅŮŹŷūźųŷŵżŹŮůűźźŮŹźųűŲźƇůŮŻŗŶ ű ŷŻūŮƀũŴűŰũŹűŻżũŴźŸŮųŻũųŴƈźŷŰŭũūũŴűŻŷŹůŮźŻūŮŶŶżƇũūŹŮŵŮŶ ũ- ŵűŸŷŻŮƁŶżƇ ūŷŰűŴűźƅųũųųŷŻƈŻũbȡūźŸŷŵűŶũŴžżŭŷůŶűųŉŴŮųźũŶŭŹ  ŌŷŴŷūűŶ ŭŮŲźŻūŮŶŶżƇŹũŵżŸŹŮŭźŻũūŴŮŶűƈŸƅŮźƄŸŹűūŮŹźũŴƅźųŷŵ ŭūŷŹŮŉŹũŸƀũŻũŰũůűŬũŴűźūŮƀűŸŷŭũūũŴűŬŮŹŷƈŵŕŷŴƅŮŹũŶŮŷŪžŷ - ŭűŵƄŲŹŮųūűŰűŻūƄŻűŹũŴűŭżƆŴƈŶŻũŵŸŷŻźŷŴŪŷūūŷūŹŮŵƈŸŷŮŭűŶų ũ ŋbŷŪƂŮŵbȡŷŪŹũŰſŷūŷűźŸŷŴŶƈŴűŽżŶųſűűmźŴżŬŸŹŷźſŮŶűżŵũ} ŭŷ - ŪũūŴŮŶŶƄžŹŮůűźźżŹŷŲŸŮŹźŷŶũůŮŲŬŴũūŶŷŲƆźŻŮŻűƀŮźųŷŲŰũŭũƀŮŲ ųŷŻŷŹƄžƈūŴƈŴũźƅŶũŬŴƈŭŶũƈŭŮŵŷŶźŻŹũſűƈŷŻųŹŷūŮŶŶŷżźŴŷūŶŷŬŷžũ - ŹũųŻŮŹũźŸŮųŻũųŴƈ  ŉśƄƁŴŮŹŘŷŹŻŹŮŻŉŶŶƄŉžŵũŻŷūŷŲ ŝŹũŬŵŮŶŻ ŋũŭűŵŢŮŹŪũųŷū řżźźųűŲŵűŽŷ Commedia dell’Arte ŠŮŹŶŷųŷůűŮźŴżŬűŸŷƈūŴƈŴűźƅūźſŮŶűƀŮźųűžųŷŵŸŷŰűſűƈž ŕŮŲŮŹžŷŴƅŭũűŶŮŵŶŷŬűŵŹũŶŮŮ ūmšũŹŽŮœŷŴŷŵŪűŶƄ}ūmŘŷųŴŷŶŮ - ŶűűųŹŮźŻż} ŷŪũbȡ  ŗŭŶũųŷūŸŮŹūƄŮƆŻŷŭŷŴůŶŷŪƄŴŷźŴżƀűŻ ƅźƈ ŷźŮŶƅƇ ŬūŸŷźŻũŶŷūųŮŸƅŮźƄŌŮŹžũŹŭŻũŌũżŸŻŵũŶũmšŴƇųű Ũż} ŎƇbŸŴũŶűŹŷūũŴűŷŻųŹƄŻƅŶŷūƄŲźűŵūŷŴűźŻźųűŲŻŮũŻŹūŕŷźųūŮbȡŚŻż - ŭűƇŶũŘŷūũŹźųŷŲŋŹŮŵƈŭŮŲźŻūűƈmźŹŮŭŶŮūŮųŷūŷŲ}ųŷŵŮŭűűŌũżŸŻ - ŵũŶũŹŮůűźźŮŹƄ ŶũŭźŸŮųŻũųŴŮŵźŷūŵŮźŻŶŷŹũŪŷŻũŴűŕŮŲŮŹžŷŴƅŭű ŚŻũŶűźŴũūźųűŲ ŹŮƁűŴűŸŮŹŮŶŮźŻűū;9,,,źŻŷŴŮŻűŮŗŪźżůŭũƈūűŰż - ũŴƅŶƄŮűźſŮŶűƀŮźųűūƄŬŷŭŶƄŮŰŶũųűƆŸŷžűŸŷźŻũŶŷūƂűųűūźŸŷŵŶű - ŴűŷŪũŹũŸƀũŻũžűŸŷŸŹŷźűŴűžżŭŷůŶűųũŖűųŷŴũƈŜŴƅƈŶŷūũźŹűźŷūũŻ ƅ ŷŭŶŷŬŷűŰŶűžźųŷŶŶŷŬŷŸŷŹŻŹŮŻũűŵŸŮŹũŻŹűſƄŎŴűŰũūŮŻƄŘŮŻŹŷūŶƄ  œũŹŻűŶũƆųźŸŷŶűŹŷūũŴũźƅŶũŰŶũŵŮŶűŻŷŲūƄźŻũūųŮřżźźųűžŸŷŹŻŹŮ - ŻŷūŷŹŬũŶűŰŷūũŶŶŷŲŚŘōƈŬűŴŮūƄŵūśũūŹűƀŮźųŷŵŭūŷŹſŮŖũƆŻŷ ŵ ŸŷŴŷŻŶŮŶŮűŰūŮźŻŶŷŬŷžżŭŷůŶűųũ źŮŲƀũźžŹũŶűŻźƈūmŦŹŵűŻũůŮ}  ŶũŸűźũŶŶŷŵmŸŷŵŷŻűūũŵ}ŰŶũŵŮŶűŻŷŲųũŹŻűŶƄŌŞŌŹŷŷŻũūŸŷŴŶŮ ūŰŹŷźŴƄŲũŹũŸŪŮůűŻƆŭũųűŵƆųŰŷŻűƀŮźųűŵźųŷŹŷžŷŭŷŵŸŮŹŮŭŴŷ ƁũŭƅƇŵŷŶũŹžűŶű ŚƇůŮŻŸŷŴŷŻŶũŸŹŷŴűūũŮŻźūŮŻŶũűŶŻŮŹŮźżƇƂűŲŶũźūŷŸŹŷź Commedia dell’ Arte ŸŷƈūűŴũźƅŶũŪŮŹŮŬũžŖŮūƄŻũųůŮųũųƀŮŹŶŷųŷůűŮ ŭŮŻűbȡŸŷűŵŸŮŹũŻŷŹźųŷŲŸŹűžŷŻű ŉŹũŸƀũŻũmōŷŶŏżũŶ}ŉŴŮųźũŶŭŹűŶźųűŲŻŮũŻŹ  255Pro memoria:   ŻŮũŻŹũŴƅŶƄŮűźŻŷŹűű ŘŷųŷŴŮŶűŮŹŷůŭŮŶŶŷŮūbȡŮŬŬūřŷźźűűbȡűůűŻŮŴűźŻŷŴ űſ űŸŹŷūűŶſűũŴƄbȡźŹŮŭűźũŵƄžŭŷŹŷŬűžŭŮŻźųűžūŷźŸŷŵűŶũŶűŲźŷžŹũ - ŶűŴűŶũűūŶƄŮūŷźŻŷŹŬűŷŻmƀżŭŮź}ŪũŴũŬũŶŶƄžŸũŶŻŷŵűŵŉŖŊŮŶż ũ ŸűźũŴ mŘŷŻŹŮŪŶŷźŻűūƀŮŵŻŷƀżŭŮźŶŷŵ űŪŴŮźŻƈƂŮŵūŸŷŴŶŮŷŻūŮŻű - ŴŷŰŹŮŴűƂŮųŷŻŷŹŷŮƈźŸŷŭŷŪűŴźƈŻŷŬŭũżūűŭŮŻƅūŷŭŶŷŵűŰŪŷŴƅƁ űž ŭŮŹŮūƈŶŶƄžŻŮũŻŹŷūũűŵŮŶŶŷūŻŮũŻŹŮŎŬũŹƉūũūųŷŻŷŹŷŵūźŮŮƂ ŮŸŷ źŻũŹŷŲŻŹũŭűſűűŭũūũŴűźƅũŹŴŮųűŶũŭƄȬ!ŋƄŲŭƈűŰƆŻŷŬŷȦŸŮŹū ŷŬŷ ŵŷŮŬŷŻŮũŻŹũȧƈŪƄŴźŴŷūŶŷżŬŷŹŮŴƄŲũŸũŵƈŻƅŷŪƆŻŷŵŸŷźŮƂŮŶű űŶŮ żŻŹũŻűŴũźūŮůŮźŻűűźűŴƄŭũůŮűŸŷźŮŲŭŮŶƅŦŻŷŵŷŮŸŮŹūŷŮŰŶũ ųŷŵ - źŻūŷźŻŮũŻŹŷŵųũųŻŷŷŰũŹűŴŷŵŮŶƈũūŬŴũūŶŷŮŭŮŲźŻūżƇƂŮŮŴűſ ŷū ŉŹŴŮųűŶũƈŸŹŷźŻŷūŴƇŪűŴźƈŨżůŮŪƄŴŰŶũųŷŵźŴűƀŶŷźŻƅƇŉŹŴŮų űŶũ űƀżūźŻūŷūũŴųƆŻŷŵżŵũźųűŹŷūũŶŶŷŵżŸŷūŮźŮųũųżƇŻŷūŷźžűƂŮŶŶżƇ  ŶŮůŶŷźŻƅŶŷŻżŻƈżūűŭũŴŮŬŷůűūƄŵŭŮŲźŻūżƇƂűŵŸŷŪŮŭŷŶŷźŶƄŵ  űŰŭŮūũƇƂűŵźƈŶũŭūźŮŵűųŻŷźŻũŶŷūűŴźƈŮŵżŸŷŸŮŹŮųŭŷŹŷŬűŕŶŮ ŕũźŴŮŶűſũŚŹűźżŶųũŉŊũŴƅŭŮŹũ 263Pro memoria:   ŻŮũŻŹũŴƅŶƄŮűźŻŷŹűű źũŵŷŵżŰũžŷŻŮŴŷźƅźŭŮŴũŻƅźƈŉŹŴŮųűŶŷŵűƈźŮŹƅŮŰŶŷŵŮƀŻũŴŷŻŷ ŵ ƀŻŷŪƄŸŷŴżƀűŻƅŻũųżƇůŮūŷŴƁŮŪŶżƇŸũŴŷƀųżųũųŻũƀŻŷŸŷŭũŹűŴũ  Ůŵż ŰũƀŻŷ"" ŭŷŪŹũƈűŸŹŮųŹũźŶũƈŽŮƈŕũŴŷŻŷŬŷƈŭũůŮūŻũŲŶŮ ŷŻ ŵũŵƄŵŷŴűŴźƈŸŹŷźŮŪƈƀŻŷŪƄƆŻũŽŮƈƈūűŴũźƅűźŭŮŴũŴũŪƄŵŶŮŻ ũųŷŲ ŸŷŭũŹŷų} ŐŶũŵŮŶűŻƄŲŪũŴŮŻőŝŚŻŹũūűŶźųŷŬŷmŘŮŻŹżƁųũ} řżźźųűŮźŮŰŷŶƄ   ŴűŪŹŮŻŻŷųŷŻŷŹŷŬŷźŷƀűŶűŴŊŮŶżũ ūźŷũūŻŷŹźŻūŮźųŷŵŸŷŰű ŻŷŹŷŵ űŪũŴŮŻŵŮŲźŻŮŹŷŵ5 ŪŮŰżźŴŷūŶŷűŻŷůűŴƆŻűūŷźŸŷŵűŶũŶűƈűŸŮŹŮūŷŭűŴ ŬŮŶŮŹũŴƅŶƄŮŵŷŻűūƄŪżŭżƂŮŬŷŵűŽũŷ Commedia dell’ Arte ūŶŷūŷŮųũƀŮ - źŻūŷŗŶűźŻũŶŷūűŴűźƅŵũŻŮŹűũŴŷŵūƄźŷųŷŬŷűźųżźźŻūũűūųŴƇƀũŴűź ƅū ŸŹŷſŮźźŸŷűźųũŷźŻŹŷźŷūŹŮŵŮŶŶŷŬŷžżŭŷůŮźŻūŮŶŶŷŬŷƈŰƄųũ ŋŭŹũŵũŻűƀŮźųŷŵŻŮũŻŹŮūźŻŹŮƀũŹŮůűźźŮŹũƆųźŸŮŹűŵŮŶŻũŻŷŹũź ŵũźųũŵűƈŹŵũŹŷƀŶŷŲŸũŶŻŷŵűŵƄŸŹŷűŰŷƁŴũƀżŻƅŹũŶŮŮbȡūŸŷźŴŮŭŶűŮ  ŭŶű ŬŋũŶŻŹŮŸŹűŰŮŋŝœŷŵűźźũŹůŮūźųŷŲŕŮŲŮŹžŷŴƅŭźŻũūűŻ Ŵű- ŹűƀŮźųżƇŭŹũŵżŊŴŷųũmŊũŴũŬũŶƀűų} ŋŷųŷƉŵŮźűŶŮŲŸżźŻŷŻƄźŻŷűŻŸŷźŹŮŭűŸŴũŶƁŮŻũŵũŴŮŶƅųűŲŪŮ - ŴƄŲŻŮũŻŹűųźųŹũźŶƄŵŸŴƇƁŮūƄŵŰũŶũūŮźŷŵŹũźƁűŻƄŵŰŷŴŷŻƄŵű ŰūŮŰŭũŵűŖũŭŶűŵbȡŸũżŻűŶũūŮŹŮūŷųűŸŹŷūŷŴŷųżžŷŭƈƂũƈūūƄźƅ  ŖŮŸŹűųŹƄŻƄŮųŷŴŷźŶűųű""őŴűūũŬűųŷŻŷŹƄŵűźūƄƁŮżŸŹũūŴƈƇŻźƈ ŉŊŮŶżũŨŹŵũŹųũŦźųűŰŭŮųŷŹũſűűŲųũŹŻűŶƄŪũŴŮŻũmŘŮŻŹżƁųũ }  ŝŹũŬŵŮŶŻ ŋũŭűŵŢŮŹŪũųŷū řżźźųűŲŵűŽŷ Commedia dell’Arte ŵũŹűŷŶŮŻųű""ŌŹŷžŷŻŪũŹũŪũŶũőŰŰũŰũŶũūŮźũūƄźųũŴƅŰƄūũŮŻźżŽŴŮ Ź ŭŮŴŷūűŻŷŰũŪűŹũŮŻźƈūźūŷƇŪżŭųżŰũůűŬũŮŻźūŮƀűŕżŰƄųũ mŵżŰƄ ƀųũ źƈŭŷŵ}bȡųũųźųũůŮŻŷŶŮŲŮŮũūŻŷŹŸŷƆŻŕŉœżŰŵűŶ ŐũŶũūŮź ŹũŰ- ŭūűŬũŮŻźƈ ŖũźſŮŶŮŻŮũŻŹűųũŸŷźŻũūŴŮŶŻŹŮžźŻŮŶŶƄŲŸũūűŴƅŷŶźŭūżŵƈ ŭūŮŹƈŵűűŷųŶŷŵūųŷŻŷŹŷŵūűŭŶũŶũŹűźŷūũŶŶũƈŶũŪżŵũŬŮŭũŴƅŜ  ŷųŶũŶũŰŷŴŷƀŮŶŷŵžŹżŸųŷŵźŻżŴƅƀűųŮźűŭűŻŘƅŮŹŷūŪŮŴŷŵŪũŴũžŷ ŶŮ źųŹũźŶƄŵűŸŷŵŸŷŶũŵűŸżŬŷūűſŚųŴŷŶűūŬŷŴŷūżŶũŪŴƇŭŷŸŴŷƉŶŷŬŷ ūŷŹŷŻŶűųũűŷŪūŮŹŶżūŷŭŶŷŲŶŷŬŷŲŭŹżŬżƇŷŶźŵŷŻŹűŻūƆŻżŭũŴƅ ŏŭŮŻ źūŷƇŶŮūŮźŻż ŋŬŴżŪűŶŮźſŮŶƄŽŹŷŶŻũŴƅŶŷźŻŷűŻŭŴűŶŶƄŲźŻŷŴŐũŶűŵŴűſŷŵ ųŸżŪŴűųŮmŵűźŻűƀŮźųŷŮźŷŪŹũŶűŮ}ŝűŰűŷŶŷŵűűūŰūŷŴŶŷūũŶƄōŷŴŬ ŷ źŵŷŻŹƈŻūŰŹűŻŮŴƅŶƄŲŰũŴŰũŻŮŵbȡŶũŸŹũūŷŶũŴŮūŷźŶŷūũŶũŰŹű ŻŮŴƈ řżųűŶũźŻŷŴŮŸũŴƅſƄŭŹŷůũŻűŪŮŬũƇŻŏŭżŻŚŵŮŹŻƅ ŋźŻŹŮƀũŘƅŮŹŷűmŵűźŻűųŷū}źŖŮūŮźŻŷŲbȡŚŵŮŹŻƅƇbȡœŷŴŷŵŪűŶŷŲ ŸŹűŶŮźŮŻűŵŵŶŷŬŷŷůűŭũŮŵƄžŶŮŷůűŭũŶŶŷźŻŮŲŋźŻŹŮƀũŕŮŲŮŹžŷŴƅ - ŭũźŸƅŮźŷŲŊŴŷųũźŻũŶŮŻźŷŪƄŻűŮŵūűźŻŷŹűűŵűŹŷūŷŬŷŻŮũŻŹũŞŞ ū śũųůŮųũųűźŻŷŴųŶŷūŮŶűŮŚŻũŶűźŴũūźųŷŬŷźƀŮžŷūźųŷŲmŠũŲųŷŲ} ŷŶũ ƈūűŻźŷŪŷƇŸŹűŵŮŹŹŷůŭŮŶűƈźſŮŶűƀŮźųŷŬŷƈŰƄųũűŰźŷŭŮŹůũŶűƈű ŖŚũŸżŶŷūŕűźŻűƀŮźųŷŮźŷŪŹũŶűŮ   ŝŹũŬŵŮŶŻ 265Pro memoria:   ŻŮũŻŹũŴƅŶƄŮűźŻŷŹűű ŽŷŹŵƄūŮŴűųŷŲŭŹũŵũŻżŹŬűűŚūŷűŵűźŻűžũŵűűŹŮŵũŹųũŵűŊŴŷųū űŰūŮźŻŶŷŵźŵƄźŴŮŷŪżƀűŻŕŮŲŮŹžŷŴƅŭũŻŷŵżżźŴŷūŶŷŵżŻŮũŻŹżŻŷŲ  źűŵūŷŴűƀŮźųŷŲ ūŷūŻŷŹŷŲŸŷŴŷūűŶŮūŮųũŮŮŶũŰŷūżŻŵŮŻũŽŷŹűƀŮźųŷ Ų  ŵűŰũŶźſŮŶŮųŷŻŷŹżƇŹŮůűźźŮŹŪżŭŮŻŹũŰūűūũŻƅŷŻŻũƀűūũŻƅűźŷūŮ Ź- ƁŮŶźŻūŷūũŻƅūŭũŴƅŶŮŲƁŮŵŷŪŷŬũƂũƈŮƇbȡūŸŹƈŵżƇűŴűŰũŷƀŶŷbȡūź Ůž ŴƇŭŮŲŻŮũŻŹũŵűŶżūƁŮŬŷźŻŷŴŮŻűƈ œŷŶŮƀŶŷŸŹŷŭŷŴůũƈŭūűŬũŻƅźƈŹũŶŮŮűŰŪŹũŶŶŷŲŭŷŹŷŬŷŲŕŮŲŮŹ - žŷŴƅŭźũŵŸŹűƁŮŴŪƄųŷŻųŹƄŻűƈŵmŊũŴũŬũŶƀűųũ}ŐũŴŷŬŷŵŻŷŵżźŴż ůũŻ űŮŬŷŷŸƄŻƄůŮźŻųŷŬŷŭŮŲźŻūŮŶŶŷŬŷŸŷźŻŹŷŮŶűƈźŸŮųŻũųŴŮŲūŸŹŷūű Ŷ- ſűű ŷźŶŷūũŶŶƄŮŶũŻŷƀŶŷŵżƀŮŻŮūŷŰŭŮŲźŻūűƈŶũũųŻŮŹŷūűŸżŪŴűų ż ŵŷŶŻũůũŵũŻŮŹűũŴƅŶƄžŷŪƃŮųŻŷūŰŹŮŴűƂũ űŮŬŷŷŻųũŰŷŻŸŹűŶſűŸũ  můűŰŶŮŸŷŭŷŪűƈ}ūŸŷŴƅŰżmźūŮŹžůűŰŶŮŶŶŷźŻű}źűŵūŷŴűźŻźųŷŬŷŻŮũŻŹ ũ ŸŷƆŻűųũųŷŻŷŹŷŬŷŪƄŴũűŵŹũŰŹũŪŷŻũŶũŮƂŮūŵŷźųŷūźųŷŲŚŻżŭűűŶũ  ŘŷūũŹźųŷŲ   ŐŮŹŶŷūźŮŬŭũūźžŷŭűŻŴűƁƅūŸŷŭŬŷŻŷūŴŮŶŶŷŲŸŷ ƀūŮ ŋŴűƈŶűŮŮźŻƅŸŹŷſŮźźŷŪŶũŹżůŮŶűƈūƀżůŷŵžżŭŷůŮźŻūŮŶŶŷŵŻŮųźŻŮ ŽŷŹŵżŴűŹŷūŷųūŷŻūŷŻŬŷŻŷūƄžźŷŹūũŻƅźƈźźŷŪźŻūŮŶŶƄžżźŻŗŭŶũ ųŷ żźųŷŹŮŶűŮŸŹűŭũŶŶŷŮūŶżŻŹŮŶŶŮŵżŹũŰūűŻűƇŕŮŲŮŹžŷŴƅŭũūźŻŹŮƀŮŲ ź mŊũŴũŬũŶƀűųŷŵ}ŷųũŰũŴŷźƅźŻŷŴƅŵŷƂŶƄŵƀŻŷŰŹŮŴűƂŮųŷŻŷŹŷŮżū ű- ŭŮŴũŸżŪŴűųũŻŮũŻŹũœŷŵűźźũŹůŮūźųŷŲūųũŶżŶŖŷūŷŬŷ ŬŷŬŷ ŭũ ŶũŸŹŷƀƅūƄŴũŵƄūũŴŷźƅűŰŹƈŭũŸŹŮŭƄŭżƂűžźŸŮųŻũųŴŮŲŹŮůűźźŮŹũ ŞżŭŷůŮźŻūŮŶŶƄŲźŵƄźŴźŸŮųŻũųŴƈƈūźŻūŮŶŶŮŮūźŮŬŷƀűŻũŴźƈūŵŮŲ - ŮŹžŷŴƅŭŷūźųŷŵűźŸŷŴŶŮŶűűŹŷŴűŘƅŮŹŷœũųŶŮųŷŬŭũśŹŮŸŴŮūŘƅŮŹŷ ŭũŴ ŕŮŲŮŹžŷŴƅŭżūŷŰŵŷůŶŷźŻƅŴűŹűƀŮźųŷŬŷźũŵŷŹũźųŹƄŻűƈŚŷūŸũŭŮŶűŮ źżŭƅŪƄűŹŷŴűŷųũŰũŴŷźƅŻũųŷūŷƀŻŷŭũůŮŶŮūűŭŮūƁűŲmŊũŴũŬũŶƀű ųũ} ŚŮŹŬŮŲŦŲŰŮŶƁŻŮŲŶūźƇźūŷƇůűŰŶƅŹűźŷūũŴűŷŸűźƄūũŴŕũźŻŮŹũū ŷŪŹũŰŮŪŮŴŷŬŷŸũƈſũŔŷŵųűŲźŸűŹũŴƅƇŰũųŹżƀŮŶŶƄŲűŷŭŶŷūŹŮŵŮŶ - ŶŷūŮźƅźŷźŻŷƈƂűŲűŰżŬŴŷūŘƅŮŹŷŕŮŲŮŹžŷŴƅŭũŸŮƀũŴƅŶŷŶũűŬŹƄūũŴ  ŶũŭżŭŷƀųŮŻŮŵżŷŭűŶŷƀŮźŻūũŵŹũƀŶŷŲŵűŹŷūŷŲŸżźŻŷŻƄūųŷŻŷŹŷŲ  ųŹżŻƈŻźƈbȡųũųźŶŮůűŶųűbȡŷŪŹũŰƄźżƂŶŷźŻűźŻũŴųűūũƈźƅűŹũŰŴŮŻ ũƈźƅ ūŶŷūƅőžŭūűůŮŶűŮžũŷŻűƀŶŷŗŶűŸŷŭƀűŶŮŶƄūŮŻŹżbȡūŶŮƁŶŮŲŻũűŶ - źŻūŮŶŶŷŲźűŴŮźŷūźŮŵŶŮźŷŸŹűŹŷŭŶŷŲűŵŖŮźŴűƈŶŶƄŮūŭūűůŮŶűű  ŷŶűżŵŮƇŻŴűƁƅźŴűŸũŻƅźƈūŵŮŹŻūƄŲųũŹŻŷŶŶƄŲźŶŮŬżŻŹũƀűūũƈűź ųŹż źūŮŻũūŸŷƁŴŷŲźŸŹŮźźŷūũŶŶŷźŻűŪżŭŶŮŲŖũūŰŬŴƈŭźŷźŻŷŹŷŶƄbȡƆ Żŷ ŶŮŵŶŷŬŷźŵŮƁŶŷűŷƀŮŶƅŬŹżźŻŶŷmőżŴƄŪũŮŵźƈŷŻżůũźũűźŵŮŮŵź ƈ ŶũŭźūŷűŵűżŴƄŪųũŵűbȡŶũŸűƁŮŻœőŠżųŷūźųűŲbȡŦŻŷŷƀŮŶƅźŴŷů Ŷũƈ ŷƀŮŶƅżŻŷŶƀŮŶŶũƈƆŵŷſűƈ}6 ŗƀŮūűŭŶŷƀŻŷźŸŷźŷŪŶŷźŻƅųźŻŷŴƅűŰƄźųũŶŶƄŵŸŮŹŮůűūũŶű - ƈŵbȡżŭŮŴŶŮŵŶŷŬűžŊŮƁŮŶƄŲūźŸŴŮźųźŷūźŮŵűŶƄžƆŵŷſűŲŰŹűŻŮŴŮŲ  266ŋũŭűŵŢŮŹŪũųŷū řżźźųűŲŵűŽŷ Commedia dell’Arte ŊũŴũŬũŶƀűųũ}ŕŮŲŮŹžŷŴƅŭūŸŷźŴŮŭźŻūűűƀũźŻŷŻŹũųŻŷūũŴųũųŵŮŻŷ - ŭŷŴŷŬűƀŮźųűŲżŹŷųŎŭűŶŷūŹŮŵŮŶŶŷźŻƅŷūũſűŲűŷŪźŻŹżųſűŲųũŰũŴũź ƅ ŹŮůűźźŮŹżŻŷŲźũŵŷŲűŭŮũŴƅŶŷŲŹŮũųſűŮŲųŷŻŷŹżƇŭŷŴůŶŷūƄŰƄūũŻƅ  ŸŷŭŴűŶŶŷŮŸŹŷűŰūŮŭŮŶűŮŴƇŪŷŬŷűźųżźźŻūũũźſŮŶűƀŮźųŷŬŷbȡūŷźŷ - ŪŮŶŶŷźŻűmŘżźŻƅƀũźŻƅŰŹűŻŮŴƅŶŷŬŷŰũŴũƁűųũŴũŊŴŷųżűŮŬŷũųŻŮ - ŹũŵbȡŸűźũŴŕŮŲŮŹžŷŴƅŭbȡŻŮũŻŹŪƄŴŻŮũŻŹŷŵőŪƄŻƅŵŷůŮŻƆŻŷ Żŷ ŷŪźŻŷƈŻŮŴƅźŻūŷŻŷŮźŻƅŻŷƀŻŷŸżŪŴűųũŷźŵŮŴűŴũźƅŻũųŶŮűźŻŷūŷ źūű - źŻũŻƅŴżƀƁŮūźŮŬŷŭŷųũŰƄūũŮŻƀŻŷŰŭŮźƅżźŻũŶŷūűŴŷźƅŷŻŶŷƁŮŶűŮ ų ŸŹŮŭźŻũūŴŮŶűƇųũųųŸŹŮŭźŻũūŴŮŶűƇŻŮũŻŹũŴƅŶŷŬŷŸŷŹƈŭųũ}řżźźųŷŮ źſŮŶűƀŮźųŷŮűźųżźźŻūŷūŷŰūŹũƂũŴŷźŮŪŮūmŊũŴũŬũŶƀűųŮ}űŰŹƈŭŶŷŸ ŷŭ- ŰũŪƄŻƄŮ ŻŮũŻŹũŴƅŶƄŮ ųũƀŮźŻūũ mŰŮŹŶŷ}ųũůŭŷŲŵũźųűŷźŻũūŴŮŶŷ ŪŮŰ  Pro memoria:   ŻŮũŻŹũŴƅŶƄŮűźŻŷŹűű űŰŵŮŶŮŶűŲűźŷŷŻūŮŻźŻūżŮŻŻŹũŭűſűű;,;źŻŷŴŮŻűƈŗŭŶũųŷŷŪźŻŷƈ - ŻŮŴƅźŻūũűžŪƄŻűƈŸŹŮŭŮŴƅŶŷŸŹűŪŴűůŮŶƄųŷŻŮƀŮźŻūŮŶŶŷŵżŰŹűŻŮŴƇ  ŕŮŲŮŹžŷŴƅŭŸŷŵŮƂũŮŻųŴũźźűƀŮźųűŲŻŹŮżŬŷŴƅŶűųūŵŮƂũŶźųżƇźŹŮŭż  ųŷŻŷŹŷŲžżŭŷůŶűųŖŖŚũŸżŶŷūŸŹűźūũűūũŮŻŷƂżŻűŵŷŹŷźźűŲźųűŮ ŸŹűŵŮŻƄ ōŴƈŕŮŲŮŹžŷŴƅŭũūƆŻŷŵźŸŮųŻũųŴŮŷųũŰƄūũŮŻźƈūũůŶƄŵŸŹũųŻű - ƀŮźųŷŮűźźŴŮŭŷūũŶűŮūŷŰŵŷůŶŷźŻŮŲŵŷŶŻũůũŻŹũŬűƀŮźųŷŬŷűźŵŮƁŶŷŬ ŷ ūƄźŷųŷŬŷűŸŷƁŴŷŬŷŶũŹŷƀűŻŷŸŹűŭżŵũŶŶŷŬŷűżŰŶũūũŮŵŷŬŷŋźŮƀŮ - ŴŷūŮƀŮźųũƈżŶűūŮŹźũŴƅŶŷźŻƅźƇůŮŻũŸŮŹŮųŴűųũŴũźƅŶũƀżūźŻūŮŶŶŷŵ żŹŷūŶŮźŷŸƄŻŷŵźűŭŮūƁűžūŰũŴŮŰŹűŻŮŴŮŲřŮŰųűŮŸŹŮżūŮŴűƀŮŶűƈ źſŮŶűƀŮźųŷŬŷŬŹŷŻŮźųũŷŪŶũŹżůűŴűźŸŷźŷŪŶŷźŻƅŶŮŻŷŴƅųŷŶŮŵŮ - ƁũŻƅźŷŸŮŹŮůűūũŶűƇŶũŷŪŷŹŷŻbȡűžŶŮŶũŻżŹũŴƅŶŷźŻƅżŭűūűŻŮŴƅŶƄŵ ŷŪŹũŰŷŵŸŷŵŷŬũŴũ ųũųŸŷŭŵŮŻűŴŎŉŐŶŷźųŷŊŷŹŷūźųűŲ ŸŷźŻűůŮŶű Ƈ mūŶżŻŹŮŶŶŮŲŸŹũūŭƄ}ŸŹŷűźžŷŭűūƁűžŶũźſŮŶŮźŷŪƄŻűŲ ŘŷŭũūŻŷŹźųűŵŶũŰūũŶűŮŵŸũŶŻŷŵűŵũŪƄŴũŸŷźŻũūŴŮŶũūŕŷźųūŮ œũųűŕŮŲŮŹžŷŴƅŭŉŨśũűŹŷūŷųũŰũŴźƈŶŮźŴűƁųŷŵŭŷūŷŴŮŶŭŹũŵũ - ŻżŹŬűŮŲźſŮŶũŹűƈšŶűſŴŮŹũ ŷŪũŸŹűƆŻŷŵŪŮŰŷŬŷūŷŹŷƀŶŷūŷźžűƂũ - ŴűźƅŵżŰƄųŷŲōŷŶũŶƅű řũŪŷŻũƈŶũŭŸũŶŻŷŵűŵŷŲūŬŷŹŷŭŮŎŹŵŷŴŷūŷ Ų ŷŻŵŮŶŶŷŸŹűżƀŮŶŶŷŵųŸŷŶűŵũŶűƇŷƀűźŻűŻŮŴƅŶŷŲŵűźźűűźŻŹũŭũ - ŶűƈśũűŹŷūŹŮƁűŻŮŴƅŶŷźŭūűŬũŮŻźūŷŲźŸŮųŻũųŴƅūźŻŷŹŷŶżūƄźŷų ŷŲ ŻŹũŬŮŭűűźŻŹũźŻűŋŷŵŶŷŬŷŵŸŷŻŷŵżƀŻŷŶũŹŮŸŮŻűſűƈžmŘŷųŹƄūũŴ ũ ŘƅŮŹŮŻŻƄ}ūŚūŷŪŷŭŶŷŵŻŮũŻŹŮū ŬŸŷźŻũŶŷūƂűųūźŻŹŮŻűŴźūŷ Ƈ ŖřŮŵűŰŷū>řŮŕű@ŉŽűƁũŚũŶųŻŘŮŻŮŹŪżŹŬźųŷŬŷōŷŵũűŶŻŮŹŵŮŭűŲ    ŋũŭűŵŢŮŹŪũųŷū řżźźųűŲŵűŽŷ Commedia dell’Arte źżŭƅŪżbȡŉŌbœŷŷŶŮŶŸŷŭŴűŶŶŷŻŹũŬűƀŮźųżƇũųŻŹűźżŹŮůűźźŮŹźųŷŬ ŷ ŻŮũŻŹũŪżŭżƂżƇŝŮŭŹżűŦŵŵżŊŷūũŹűźūŷűžūŮŴűųűžźſŮŶűƀŮźųűž ŸŹŷűŰūŮŭŮŶűŲ őūźŮůŮŬŴũūŶŷŲŸŹűƀűŶŷŲůũŶŹŷūŷŬŷŭŹŮŲŽũŷŻšŶűſŴŮŹũų šŮųźŸűŹż ũŻŷűųŎūŹűŸűŭż źŻũŴũźŻŹŷŲŶũƈŸŷƆŻűųũŵűŵŷŭŹũŵƄŹũŰŹũŪŷŻũŶŶũƈśũűŹŷūƄŵūŷūŹŮŵƈźŷƀűŶŮŶűƈźſŮŶűƀŮźųŷŬŷŻŮųźŻũ mŘŷųŹƄūũŴũ}ŖũűŪŷŴŮŮūũůŶƄŵűźžŷŭŶƄŵŸŹűŶſűŸŷŵŷŶŸŷźŻżŴűŹżŮŻ ŸŹŷŪŴŮŵżŷŸŹũūŭũŶűƈŵŷŴƀũŶűƈōŴƈŕŮŲŮŹžŷŴƅŭũŮŮŶŮźżƂŮźŻūŷūũŴ ŷ ūŷūźŮbȡũųŻŮŹƄŪŮŰŵŷŴūźŻūżƇŻŸŷźųŷŴƅųżűŬŹũƇŻŸũŶŻŷŵűŵżśũųŷū ũ żźŴŷūŶŷźŻƅŸŹŮŭŴũŬũŮŵŷŲŰŹűŻŮŴƇŽŷŹŵƄ śũűŹŷūůŮŸŷŴũŬũŴŶŮŷŪžŷŭűŵƄŵŹũŰƃƈźŶűŻƅźŮŪŮűũųŻŮŹũŵ mŸŮŹŮ - ůűūũŶűƈũųŻŮŹũŵŷŬżŻūƄŴűūũŻƅźƈŴűŪŷūźŴŷūŮŴűŪŷūůŮźŻŮŸŷŶ űŵũƈ ŸŷźŴŮŭŶűŲūźũŵŷŵƁűŹŷųŷŵźŵƄźŴŮźŴŷūũŐŭŮźƅŻŷŮźŻƅūŵűŵŷŭŹ ũŵŮ ůŮźŻƈūŴƈŮŻźƈŶŮűŴŴƇźŻŹũſűŷŶŶƄŵũ źũŵŷŭŷūŴŮƇƂűŵ ŗŶbŶŮƆųūűūũ - ŴŮŶŻźŴŷūũŷŶŻũūŶŮƁŶƈƈŽŷŹŵũūųŷŻŷŹżƇūŭũŶŶŷŵźŴżƀũŮŻŷŴƅ ųŷű ŵŷŬŴŷūƄŴűŻƅźƈŸŮŹŮůűūũŶűŮũųŻŮŹũ}ōŴƈŶŮŬŷŵŷŴƀũŶűŮźŻũŶŷūűŻźƈ źŴŮŭźŻūűŮŵmŵũųźűŵũŴƅŶŷŬŷŶũŸŹƈůŮŶűƈƀżūźŻū}ŬŮŹŷŮūźŸŮųŻũųŴƈ ŘŮŹŮźŵũŻŹűūũƈŭũŶŶƄŮŮŵżšŶűſŴŮŹŷŵŵũźųűśũűŹŷūŹŮƁű - ŻŮŴƅŶŷŷŻųũŰƄūũŴźƈŷŻůűŻŮŲźųŷŬŷŸŹũūŭŷŸŷŭŷŪűƈűŭŮŴũŴűžŸŮŹ - źŷŶűŽűųũſűƈŵűźŻŹũźŻŮŲŦŻŷŸŷŰūŷŴűŴŷŹŮůűźźŮŹżŶũŲŻűźūŷŮŷŻ - ųŹƄūũƇƂŮŮŸŷƀŻűŶŮűźƀŮŹŸũŮŵƄŮūŷŰŵŷůŶŷźŻűŹŮƁŮŶűŮŸŹŷŪŴŮŵƄ mŘŷųŹƄūũŴŷŘƅŮŹŮŻŻƄ}ŘŹŷŴŷŬ ŚūŷŪŷŭŶƄŲŻŮũŻŹ  Pro memoria:   ŻŮũŻŹũŴƅŶƄŮűźŻŷŹűű mŷŹŬũŶűƀŮźųŷŬŷ}ŵŷŴƀũŶűƈŚŭŮŴũūŵŮŹűŴŷŵmŷŹŬũŶűƀŶŷźŻű}źŻŮŸŮŶƅ  źŻŹũźŻŮŲűźŸƄŻƄūũŮŵƄžŬŮŹŷƈŵűŸŴũźŻűƀŮźųŷŬŷŭŮŲźŻūũśũűŹŷūŸŮ ŹŮ- ūŮŴūŶŮƁŶűŮżźŴŷūűƈųŷŻŷŹƄŮżźŻũŶũūŴűūũŴűŻũŪżŶũźŴŷūŷūŷūŶżŻŹƅbȡū źŽŮŹżŸŮŹŮůűūũŮŵƄžũųŻŮŹŷŵƀżūźŻūŋƆŻŷŵźŴżƀũŮŵŷŴƀũŶűŮźŻũŶŷ ūű- ŴŷźƅmŷŹŬũŶűƀŶƄŵ}ŷŸŹũūŭũŶŶƄŵūŴƇŪŷŲźűŻżũſűűųŷŬŭũźŴŷūŷżů Ů ŸŹŷźŻŷŶŮŵŷůŮŻūŵŮźŻűŻƅųűŸŮŶűŮźŻŹũźŻű ŋŹŮŰżŴƅŻũŻŮŸŹűŵŮŶŮŶűƈƆŻŷŲŻŮŷŹűűųźƇůŮŻżšŶűſŴŮŹũśũűŹŷū źŷŰŭũŴźŸŮųŻũųŴƅŶűƀŮŵŶŮźžŷŭŶƄŲźŵŮŲŮŹžŷŴƅŭŷūźųűŵmŚūŷŪŷŭŶ ƄŲ ŻŮũŻŹŰũŻżƁŮūũŴūźŮŪƄŻŷūŷŮűūƄŻƈŶżŴȦŘŷųŹƄūũŴŷȧūūƄźŷŻżbȡŸ űźũŴ ŦŕŊŮźųűŶbȡŭũŴŮŬŷźžŮŵżŮŬŷŬŷŻűųżŮŬŷŷźŻŷūőŷŻŻŷŬŷŷ ŶŷūƄ űŬŹũŴŷūũŪźŻŹũųŻŶŷŲůżŻűūƄűŬŹũŴŷūūŮƀŶŷŵūŵżŰƄųŮūŻŹũŬű ƀŮ- źųŷŲŸŮźŶŮ} ŘũŶŻŷŵűŵũŖŖŎūŹŮűŶŷūũmŠŮŻƄŹŮŵŮŹŻūŮſũŝƅƈŵŮŻŻƄ} œŹűūŷŮ ŰŮŹųũŴŷ  ŻũųůŮŵŷůŮŻŪƄŻƅŷŻŶŮźŮŶũųžżŭŷůŮźŻūŮŶŶƄŵźŷŪƄ - ŻűƈŵŸŹŮŭƄźŻŷŹűűŵűŽũŷ Commedia dell’ Arte ŎŮŷŪŹũŰŶũƈźŻŹżųŻżŹũ źŻŹŷűŴũźƅŶũűŹŷŶűƀŮźųŷŲŻŹũųŻŷūųŮŻŹũŭűſűŷŶŶƄžŵũźŷųźŻũūƁűž ƀũźŻƅƇůűŰŶűūųũƀŮźŻūŮųũŹŶũūũŴƅŶƄžŷŭŮůŭŔűƀűŶƄŘƅŮŹŷűŉŹ - ŴŮųűŶũŰŭŮźƅŸŹŮůŭŮūźŮŬŷƀũźŻƅųŷźŻƇŵũbȡŸżźŻũƈŽŷŹŵũųŷŻŷŹżƇ  ūźƈųŶũŸŷŴŶƈŮŻźūŷűŵűźŻŹũźŻűƁųũŵűŎūŹŮűŶŷūūűŹŻżŷŰŶŷŹũŪŷŻũŮŻ  ūƆŻŷŵźſŮŶũŹűűźŷůűŭũŶűƈŵűųżŴƅŻżŹŶŷŲŸżŪŴűųűųũůŭƄŲŹũŰűž ŹŮƁűŻŮŴƅŶŷŶŮŷŸŹũūŭƄūũƈ mŘŷųŹƄūũŴŷŘƅŮŹŮŻŻƄ}ŲũųŻ ŚūŷŪŷŭŶƄŲŻŮũŻŹ  ŋũŭűŵŢŮŹŪũųŷū řżźźųűŲŵűŽŷ Commedia dell’Arte ŗŭŮŻƄŲūųŷźŻƇŵŘƅŮŹŷŸŷŹŻŶŷŲŚűŴƅūűŷŹŮūŶżŮŻźūŷƇůŮŶż ŝƅƈŵŮŻŻżőŵƈůŮŶƄŸŷƁűūŷƀŶƄžŭŮŴŵũźŻŮŹũŷŻźƄŴũŮŻŶũźųŬŮŹŷűŶ Ů ŊŷųųũƀƀŷźŻũūƁŮŲźűŵūŷŴŷŵŪŮźųŷŶŮƀŶŷŲŶũŭŮůŭƄŗŭŶũųŷżŎūŹŮ - űŶŷūũźűŵūŷŴƆŻŷŻŭŮŵŷŶźŻŹũŻűūŶŷźŶűůŮŶbȡŮŬŷŝƅƈŵŮŻŻũŷŻųŹƄŻũ żžũůűūũŶűƈŵŵŶŷŬűžśŹŷŮŸŹŮŻŮŶŭŮŶŻŷūŶũŪŴũŬŷźųŴŷŶŶŷźŻƅųŹũźũ - ūűſƄƈūŴƈƇŻźƈƀŮŹŮŰŪũŴųŷŶŶŷŮŷųŶŷūŮŮųŷŵŶũŻżŋźŮūųŷźŻƇŵũž  ŘƅŮŹŷbȡūŮŭƅŶũżŴűſŮſũŹűŻŹűŵźųűŲųũŹŶũūũŴŗŸƈŻƅŸŮŹŮūŮŹŻƄƁ  ŷŪŴűųŵŮŴũŶžŷŴűƀŮźųŷŬŷŶŮżŭũƀŶűųũŸŹűźūŷŮŶūŸŷŴŶŮŸŷŪŮŭűŻŮŴƅ - ŶƄŵűŴƇŪŷūŶűųũŵűŘŷźŴŮŻŷŬŷųũųūźŮŷŶűŬűŪŶżŻŰũŭŷžŶżūƁűźƅ ū ŻŮźŶŷŵźżŶŭżųŮ ųżŭũŝƅƈŵŮŻŻũŸŷŵŮƂũŮŻűžŸŮŹŮŭŸŹűžŷŭŷŵŵżůũ   ŬŮŹŷűŶŮŻŹŮŪżŮŻźƈŶũŲŻűźŸŷźŷŪƆūũųżũſűűŻŹżŸŷūŗŶũŸŹűŬŴũƁũŮŻ ź żŴűſƄŸŷŭūƄŸűūƁŮŬŷŪŹŷŭƈŬżųŷŻŷŹƄŲƈūŴƈŮŻźŮŪƈŸżŪŴűųŮūŷŪűŴƅ Ŷŷ ŹũźſūŮƀŮŶŶŷŵƈŹųűŵűŰũŸŴũŻũŵűųŷźŻƇŵŮŘŷƆŻŷŵżŸŹűŰŶũųżŎūŹŮű - ŶŷūŸŹŮŭŴũŬũŮŻŰŹűŻŮŴƈŵżūűŭŮŻƅūŶŮŵŉŹŴŮųűŶũŮƂŮŶŮżŻŹũŻűūƁ ŮŬŷ ŷŪŴűųŶűƂŮŬŷŪŮŭŷŴũŬűűŰŊŮŹŬũŵŷŋƄŪŹŷźűūŻŹűŷŭűŶũųŷūŷŷŭŮŻƄž  ŻŮŴũūŷųŶŷŸƅƈŶƄŲŉŹŴŮųűŶŰũŷŭŶŷżŪűūũŮŻűƀŮŻūŮŹŻŷŬŷŘƅŮŹŷbȡ  ŵżůũŝƅƈŵŮŻŻƄŖŮŸŷŰŴŷŪŮųŷŶŮƀŶŷŘŹŷźŻŷŮŵżųũůŮŻźƈƀŻŷƆŻ ŷūźŮ ŻŷŻůŮŸŷųŷŲŶűųŷŻųŷŻŷŹŷŬŷŮŵżŶűųũųŶŮżŭũŮŻźƈŷƀűźŻűŻƅŸŷŵŮ ƂŮ- ŶűŮŊŹŷŭƈŬũŸŷŴżƀũŮŻŰŷŴŷŻżƇŵŷŶŮŻżũŬŮŹŷűŶƈbȡźūŷŪŷŭżŵƀũŻƅ źƈŶũ ųũŹŶũūũŴƀŻŷŪƄŭũŹűŻƅŶũŭŮůŭżŵŶŷůŮźŻūżŷŪūŷŹŷůűŻŮŴƅŶƄžŵũźŷų ŋŷŸżŪŴűųŷūũŶŶƄžŽŹũŬŵŮŶŻũžūŷźŸŷŵűŶũŶűŲŊŋŉŴŸŮŹźŭũŮŻ ūŸŷŴŶŮżŶűƀűůűŻŮŴƅŶżƇžũŹũųŻŮŹűźŻűųżŻŷŲmūŷŴűųűŬŹŮ}ųŷŻŷŹżƇ  ŉŔƇŪűŵŷū mŠŮŻƄŹŮŵŮŹŻūŮſũŝƈŵŮŻŻƄ}ŐũŹűźŷūųũŭŴƈůżŹŶũŴũmśŮũŻŹűűźųżźźŻūŷ}  Pro memoria:   ŻŮũŻŹũŴƅŶƄŮűźŻŷŹűű ŬŹŷŵųŷŸŹŷūŷŰŬŴũƁũŴŎūŹŮűŶŷūŘŹŷŻűūŷŸŷźŻũūŴƈƈŮŲźŷŭŮŹůũŻŮŴƅ - ŶŷźŻƅŻŹũŬűƀŮźųűžŸŷŭūŷŭŶƄžŻŮƀŮŶűŲŷƂżƂũūƁűžźƈūŬŹŷŻŮźųũžŕŮ Ų- ŮŹžŷŴƅŭũŉŴŸŮŹźżŻūŮŹůŭũŮŻƀŻŷmżŎūŹŮűŶŷūũūŮŬŷȦűŬŹŮȧŻũűŴ ŷźƅ ŶũƀũŴŷŴżųũūŷŮŶũźŵŮƁŴűūŷűŹŷŶűƀŮźųŷŮżźųŷŴƅŰũƇƂŮŮūŸżźŻŷŻż  ūŶűƀŻŷūŬŴżŵŴűūżƇŬŹűŵũźżŸŹŷųũŰŶűųũ}ŦŻŷźŸŹũūŮŭŴűūŷőūźŮ ůŮŻŹżŭŶŷŶŮūŷźžűŻűŻƅźƈŪŴŮźųżŮŬŷűŶŻŮŴŴŮųŻżũŴƅŶƄžŸŷźŻŹŷŮŶűŲ  *** ŐũŬŷŭŭŷŻŷŬŷųũųśũűŹŷūŸŷźŻũūűŻūŕŷźųūŮźūŷƇūũŹűũſűƇŻŹũ - ŬűƀŮźųŷŲũŹŴŮųűŶũŭƄŕŮŲŮŹžŷŴƅŭūŘŮŻŮŹŪżŹŬŮżůŮŸŹűźŻżŸũŮŻųŹ ũ- ŪŷŻŮŶũŭŵűŽŷŵŷ Commedia dell’ Arte Ś ŬŶũƀűŶũƇŻźƈźŮŵƅŴŮŻ ŻūŷŹŮŶűƈ ŹżźźųŷŬŷ ŷŪŹũŰũźũŵŷŬŷŻŮũŻŹũŴƅŶŷŬŷŻŮũŻŹũ Śŵ ŌŷŴŷūűŶŉ ŧŹƅŮūűmōŷŶŏżũŶ}ŧŕŧŹƅŮū ȡ ŚŪŷŹ - ŶűųŔ ŘŹűŪŷŲ","Commedia dell’Arte - одна из самых успешных и лучших и самых знаменитых европейских и международных кинотеатров. Местные кинотеатры и кинотеатры, где можно было бы сыграть роль режиссера, считают, что его можно будет использовать только для того, чтобы развлечь своих соотечественников."
9,paper_9,"Петербургский исторический журнал № 4 (2015)УДК 93=00(094)«451»(480–25)(=1–5)–054.5
Л. Кангаспуро
Уголовный кодекс Финляндии 1889 г.  
как законодательный источник  европейской интеграции
Ни для кого не секрет, что на сегодняшний день в Финляндии одно из самых развитых и эффективных уголовных законодательств в Ев-ропе, а тюрьмы — одни из лучших в мире. Каким образом Финляндия достигла этого? Ее исторический опыт в создании уголовного законо-дательства и проведении эффективной уголовно-исправительной по-литики явно небесполезен для многих стран и на современном этапе. Будучи по образованию историком и юристом, я попытаюсь предста-вить тему с междисциплинарной позиции.
Уголовное право Финляндии отличается рядом специфических черт, глав-
ной из которых является его исключительная стабильность. В отличие от Уго-ловных кодексов (далее — УК) скандинавских стран XIX в. УК Финляндии 1889 г. действует до сих пор.
Финляндия входила и входит в так называемую скандинавскую правовую 
семью. Всем известно, что после присоединения к Российской империи в Вели-
ком княжестве Финляндском в условиях автономии сохраняли силу ранее дей-
ствовавшие шведские законы. Швеция давно стала мировым лидером в пла-не развития демократии, законности и политических свобод. Финны наравне со шведами приобщались к политической культуре и демократическим нача-
лам. Поэтому в 1809 г. в Финляндии уже существовали и политические партии, 
и выборная система, и охраняемые законом права личности. Кроме того, нуж-но помнить, что в Финляндии, как и в Швеции, никогда не было крепостного права, что, несомненно, явилось позитивным фактором в деле формирования 
Saint-Petersburg Historical Journal N 4 (2015)219
Л. Кангаспуро
общественных традиций и нравов. Как выразился русский юрист и дипломат 
Б. Э. Нольде, «Великое княжество Финляндское строили согласно русскому 
плану, но при этом из шведского строительного материала» 1. История Фин-
ляндского государства в значительной степени объясняет особенности его пра-вовой системы, сложившейся к настоящему времени.
Особого внимания заслуживает составление, принятие и введение в дей-
ствие в конце XIX в. нового финляндского Уголовного кодекса. Значительный вклад в изучение истории его создания внес Р. Н. Дусаев 
2. Проанализировав 
как формировавшуюся законодательную базу княжества, так и его политиче-скую систему, он подробно изучил архивные и публицистические источники 
того времени.
Наибольшее освещение в отечественной историографии получило составле-
ние общей части указанного кодекса. Однако вторая часть финского Уголовно-го уложения 1889 г. содержала нормы, регулировавшие исполнение уголовных 
наказаний в автономии. Эта часть кодификации осталась в тени исследований. 
Однако, как считает финский исследователь Алпо Юнтунен, «предпосылкой обновления уголовного кодекса была <…> тюремная реформа» 
3, так как в сере-
дине XIX в. места лишения свободы в автономии, как и во всей Европе, нахо-
дились в плачевном состоянии. Однако тюрьма постепенно реформировалась. Например, уже в 1848 г. была введена классификация арестантов по характеру 
и степени преступления, одиночное заключение для подследственных и т. д. 
4
Однако в первые десятилетия становления автономии не было соответству-
ющей законодательной базы, а тем более национальной уголовно-правовой школы, способной разработать новые нормы, касающиеся преступления и на-казания, что было вполне закономерно для государственного развития авто-номии. Ситуация изменилась лишь в связи с бурным развитием капитализма в середине XIX в., с образованием национального рынка, ростом самосозна-ния 
5, культуры, в том числе и правовой, с оживлением работы Сейма. Народ 
стал понимать и интересоваться общественными делами. Генерал-губернатор князь И. М. Оболенский писал: «Я уважаю финляндцев за их преданность сво-
ей Родине и внутреннему общественному порядку» 
6.
1 Нольде Б. Э. Очерки русского государственного права. СПб., 1911.
2 См. напр.: Дусаев Р. Н. 1) Уголовное уложение Великого княжества Финляндского: исто-
рия создания, основные институты. Л., 1988; 2) Уголовное уложение Великого Княжес-
тва Финляндского. История создания, основные институты. Л., 1988; 3) Кодификация уголовного законодательства Финляндии XIX в.: Автореферат дис. … д. ю. н. СПб., 1992.
3 Юнтунен А. Ссылка финнов в Сибирь из автономного Великого Княжества Российской империи и ссыльные в Сибири. Хельсинки, 1984. С. 6.
4 Гротенфельт А. Тюремное дело в Великом Княжестве Финляндском. Отчет, представ-ленный финляндским Тюремным Управлением в апреле 1890. Гельсингфорс, 1890. С. 6.
5 Юссила О. и др. Политическая история Финляндии. М., 1998. С. 45.
6 Финляндия. Обзор периодической печати. Вып. 12 (с мая по ноябрь 1904). СПб., 1904. С. 129.
Петербургский исторический журнал № 4 (2015)220
Уголовный кодекс Финляндии 1889 г.
В середине XIX в. по инициативе правительства было впервые предпри-
нято исследование тюремного дела в крае. С возникновением реальной воз-
можности созыва земских чинов автономии появились надежды на осущест-вление многих важных законодательных реформ, в том числе на издание нового Уголовного уложения. Мнение о том, что уголовные законы устаре-ли, разделяло всё финское общество. К этому времени следует отнести на-чало пенитенциарной реформы в Финляндии, так как изменения имели ха-рактер коренного преобразования тюремного дела в крае. Под руководством 
юриста и государственного деятеля Адольфа Гротенфельта в 1860-х гг. был разработан обширный план по обновлению тюрем по лучшим западноевро-пейским образцам.
Вскоре выяснилось, что к сессии Сейма 1863 г. проект нового Уголовного 
уложения подготовлен не будет. Поэтому финляндский Сенат постановил утвердить частичное обновление наиболее устаревших норм действовав-шего тогда шведского Уложения 1734 г. Чтобы сократить сроки подготов-
ки и избежать больших трудностей в проведении реформ, глава судебного департамента Сената Иоганн Бергбум рекомендовал перенять шведский опыт, где «Отделы о преступлениях и наказаниях» в указанном уложении уже были обновлены. Однако он настаивал на изучении принципов, а не на 
копировании правовых норм. Бергбум утверждал, что основным видом в си-стеме наказаний должны стать не устрашающие членовредительские нака-зания, а обыкновенная рабочая тюрьма, где карательные функции сочета-
лись бы с перевоспитанием преступников. Этот принцип был взят за основу. В специальную комиссию, возглавленную Бергбумом, вошли как теорети-ки: К. Г. Эрштрем (профессор уголовного права Хельсинкского универси-
тета), А. Гротенфельт (секретарь университета), так и юристы-практики: 
И. Д. Даль (асессор надворного суда), К. Леопольд (геральдский судья, т. е. 
судья первой инстанции). Результатом ее работы стало принятие в 1866 г. 
«Постановления о исполнении наказаний лишением свободы» 
7. Оно было 
основано на современных принципах уголовно-исполнительного права того времени и определило только два вида наказания: денежные взыскания и ли-шение свободы. Постановление вступило в силу в 1870 г. и представляло 
собой переход от устаревшего шведского к новому финляндскому кодексу, проект которого уже составлялся. Комиссия Бергбума считала, что проверка эффективности этих нововведений на практике послужила бы гарантией це-лесообразности данного направления работ комиссии и являлась основной задачей своего рода переходного периода — от мелких новшеств к глобаль-ным реформам. А также она полагала, что за сравнительно недолгий переход-ный период общественное мнение Великого княжества подготовится к вос-
приятию многих новшеств: отмене смертной казни, высылки из страны и др.
7 Сборник постановлений Великаго Княжества Финляндскаго. 1865–1866. Гельсингфорс, 
1867. №  27. С. 9–18.
Saint-Petersburg Historical Journal N 4 (2015)221
Л. Кангаспуро
«Постановление о исполнении наказаний лишением свободы» от 26.11.1866 г. 8, 
основанное на современных принципах уголовно-исполнительного права того 
времени, определило только два вида наказания: денежные взыскания и лише-ние свободы. Оно вступило в силу с 01.01.1870 г., восполнив давно ощущавшийся 
пробел в пенитенциарном законодательстве Финляндии. Таким образом, в Фин-
ляндии была введена новая по тем временам прогрессивно-поступательная ир-ландская система исправления преступников. Администрация мест лишения свободы совместно с судебными органами следила за степенью воспитательного воздействия наказания. Если оно воздействовало и исправляло преступника, то наказание постепенно смягчалось, он получал бонусы и в конечном итоге до-срочно освобождался. Но основной целью переходной реформы являлось при-ведение мест заключения в соответствие с применением новых уголовных и пе-нитенциарных законов 
9. Что и было достигнуто за следующие три десятилетия 10.
Первый проект кодекса, 1875 г., разрабатывался членами той же комиссии, 
которую возглавлял Бергбум. Проект включал в себя научные достижения формировавшейся в то время национальной финской школы уголовного права, лидером которой являлся проф. Эрштрем. Наказания в виде лишения свободы были признаны основными. Современниками было отмечено сильное влияние на проект иностранных источников: УК Швеции 1864 г., Дании 1866 г., Фран-
ции 1810 и Германии 1871 г. Некоторые участники создания кодекса учились 
в Германии. Это свидетельствует о параллельном историко-правовом развитии государств Западной Европы, в которых эволюция права происходила на ос-нове теоретических позиций классической школы уголовного права. В 1880 г. 
из-за острой политической борьбы между шведоманским и финнофильским движением за приоритет в создании кодификации была создана новая комис-сия. Окончательный вариант кодекса был передан на обсуждение земским чи-
нам на Сейме 1888 г. и в главных чертах одобрен. В него вошло Постановление 
об исполнении наказаний. В 1889 г. новый финляндский Уголовный кодекс 
получил императорское утверждение, но затем его введение в действие (наме-ченное на 1 января 1891 г.) было приостановлено манифестом в 1890 г.
Этот исключительный в истории законодательства факт был вызван тем 
обстоятельством, что, по мнению российских законодателей, составители уложения определили Финляндию как самостоятельное государство, а Рос-сию по отношению к ней как иностранную державу. Это не соответствовало официальной точке зрения Российской империи. Это стало не только делом законодательным, но и идеологическим, и политическим. Нужно отметить, что внутренняя полемика вокруг создания и принятия первой редакции фин-ляндского Уголовного уложения велась на шведском языке. Лишь конечный 
8 Сборник постановлений Великаго Княжества Финляндскаго. 1865–1866. Гельсингфорс, 
1867. №  27. С. 9–18.
9 Вопрос подробно изложен в работах Р. Н. Дусаева.
10 Вопрос подробно изложен в статьях Л. Кангаспуро (Л. В. Орфинской).
Петербургский исторический журнал № 4 (2015)222
Уголовный кодекс Финляндии 1889 г.
результат в виде самого уложения 1889 г. был переведен на русский язык для 
Высочайшего утверждения. И только после его опубликования развернулась 
«борьба» между финляндскими и российскими юристами и государственными деятелями, которая получила широкое освещение в различных русскоязычных периодических изданиях и прессе.
Резкий поворот в обсуждении в прессе нового УК происходит в 1890 г. 
Особенно выделяется своим негативным отношением к Финляндии основан-
ный в том же году журнал «Юридическая летопись» 
11 (правда, просущество-
вал он только до конца 1892 г.). Именно его издатель, известный российский 
юрист и государственный деятель, первый председатель окраинного общества Н. Д. Сергеевский 
12 опубликовал известную статью Н. С. Таганцева о финлянд-
ском Уголовном уложении 13. Придерживавшиеся имперской позиции авторы 
не ограничились статьями в периодических изданиях. Вопрос создал целую литературу, выделяясь главами в монографиях современников: «Одним из по-следних и самых выдающихся свидетельств того, что финляндские политики 
считают свою страну самостоятельным гос[ударст]вом… служит уголовное уложение В. Княжества 1890 г.» 
14
Этот вопрос привлек больше внимания российской прессы, чем когда- либо 
раньше 15. К концу XIX в. княжество стало объектом всеобщего внимания об-
щественности России. У одних это вызывало восхищение, у других — зависть, часть русских считало Финляндию передовой страной, другие же рассматри-вали ее как опасный пример для национальных меньшинств империи. Статьи на эту тему публиковались в таких популярных газетах и журналах, как «Но-
вое время» 
16, «Свет» 17, «Вестник Европы» 18, «Право» 19, «Журнал Министер-
11 Законодательная хроника об уголовном уложении В. К. Финляндскаго // Юридическая 
летопись. 1891. Ч. 1. С. 130.
12 Сергеевский Н. Д. 1) К вопросу о коренных законах в. к. Финляндского. СПб., 1899; 
2) К вопросу о финляндской автономии и основных законах. СПб.: Гос. тип., 1902.
13 Таганцев Н. С. Великое Княжество Финляндское: Выдержка из лекцій по русскому уго-
ловному праву. Изд-е 2-е. [Б. м.], 1902. Т. И. С. 245–252. Переиздана отдельной книгой 
в 1910 г.
14 Еленев Ф. Финляндский современный вопрос по русским и финляндским источникам. СПб., 1891. С. 158.
15 Саблина М. А. Восприятие Финляндии в России (конец XIX — начало XX в.) // Между-
народные отношения и диалог культур: Сборник научных статей. 2012. №  1. СПб., 2013. С. 359.
16 Тюремная реформа. Корреспондент из Гельсингфорса // Новое время. 1898. №  7904. 28.02.
17 О пребывании в Финляндии членов тюремного конгресса // Свет. 1890. №  141. 22.06.
18 Финляндское уголовное уложение, в связи с общим финляндским вопросом // Вестник Европы. 1891. №  3. С. 452–464.
19 Германсон Р. Статья 2-я российских основных законов и финляндская конституция // 
Право. 1908. 20.04. № 16.
Saint-Petersburg Historical Journal N 4 (2015)223
Л. Кангаспуро
ства Юстиции» 20, «Журнал гражданского и уголовного права» 21, «Юридиче-
ская летопись» 22 и др. Неизвестный автор как нельзя лучше охарактеризовал 
общественное мнение по поводу так называемого финляндского вопроса: «На-
падения на Финляндию и финляндские порядки всё больше и больше входят 
в обиход известных органов печати. В “Московских Ведомостях”, например, они сделались почти такой же еженедельной рубрикой, как метеорологический бюллетень или список театральных представлений. Чрезвычайно редкое явле-ние составляет наоборот, газетная или журнальная статья, относящаяся к Фин-
ляндии дружелюбно или хотя бы беспристрастно» 
23.
Появление второй редакции Уложения было вызвано не столько теорети-
ческими просчетами авторов редакции 1889 г., сколько политической борьбой 
вокруг государственной автономии Великого княжества. В Петербурге были приняты все меры к тому, чтобы парализовать вступление Уложения в силу. В конце октября 1890 г. специально для разработки нового проекта Уголовно-
го уложения Финляндии при Минюсте империи была образована совместная российско-финляндская комиссия под председательством известного русско-го юриста и государственного деятеля Н. С. Таганцева. Комиссия состояла 
из представителей Минюста, финляндского Сената и Статс-секретариата кня-жества 
24. Поскольку в теоретико-правовом отношении финляндская уголовная 
кодификация 1889 г. была одной из самых передовых среди европейских стран 
того времени, то царскому правительству пришлось удовлетвориться лишь не-значительными изменениями, которые основывались на поправках, разрабо-танных членами этой комиссии.
Измененное Уложение получило утверждение и вступило в действие 
в 1894 г. Но было бы слишком смело утверждать, что оно было переработано 
коренным образом. Сам Таганцев утверждал, что этот пересмотр имел харак-тер «штопанья, хотя и нового, но оказавшегося дырявым платья, и притом што-панья наиболее бьющих в глаза прорех» 
25. Поэтому не следует переоценивать 
20 Случевский В. К. Столкновение русских и финляндских законов // Журнал Министер-
ства Юстиции. 1908. №  5. С. 105; Отчет о деятельности Высочайше утвержденного по-
стоянного Бюро съездов состоящих под покровительством Государя Императора рус-ских исправительных заведений за 1904 год // Журнал Министерства Юстиции. 1905. №  10. С. 250.
21 Новое уголовное уложение Финляндии // Журнал гражданского и уголовного права. 
1890. №  7. С. 57.
22 Коркунов Н. М. Финляндское Великое Княжество // Юридическая летопись. 1890. 
Апрель; Законодательная хроника об уголовном уложении В. К. Финляндскаго // Юри-
дическая летопись. 1891. Ч. 1. СПб., 1891.
23 Из общественной хроники // Вестник Европы. 1890. №  5. С. 422.
24 Случевский В. К. Столкновение русских и финляндских законов // Журнал Министер-
ства Юстиции. 1908. № 5. С. 115.
25 Законодательная хроника об уголовном уложении В. К. Финляндскаго // Юридическая 
летопись. 1891. Ч. 1. С. 130.
Петербургский исторический журнал № 4 (2015)224
Уголовный кодекс Финляндии 1889 г.
их значение, так как большинство норм осталось не затронуто изменениями, 
сохранив свой самобытный характер. Обращает на себя тот факт, что в Рос-сийской империи оно именовалось Уложением 1894 г., хотя в Финляндии 
продолжали его называть Уложением 1889 г. Что это было? Финны пытались 
не придавать существенного значения второй редакции УК или таким спосо-бом выражали «пассивное сопротивление» давлению, оказанному со стороны имперской власти?
В силу значительного сопротивления всех политических партий и боль-
шинства государственных деятелей Финляндии эти попытки не увенчались существенным успехом. Эволюция карательной системы в Финляндии во мно-гом была определена становлением ее государственной автономии в рамках Российской империи, но несмотря на это уголовное право России не оказало заметного влияния на изменение соответствующих положений финского уго-ловного законодательства.
Историко-правовой анализ Уголовного уложения Финляндии и уложений 
Российской империи (Уложения о преступлениях и наказаниях 1845 г. в поре-форменной редакции 1885 г. и Уголовного уложения 1903 г., проект которого 
был уже создан к 1885 г.) выявил разный подход к решению сходных проблем, 
хотя как финские, так и русские законодатели того времени были в основном сторонниками классической школы права. Это объясняется разными историко- правовыми традициями, уровнями развития правовой культуры, различиями в форме правления, разными темпами развития производительных сил в импе-рии и княжестве, более быстрой сменой производственных отношений в кня-жестве (где уже были отменены сословные привилегии) по сравнению с им-перией, а также общей ориентацией финляндского национального движения 
на общедемократические, общечеловеческие ценности, а не на феодально-абсо-лютистские принципы официальной России.
По истечении трех десятилетий, начиная с 1860-х гг. Финляндия приобрела 
тюремную систему, отвечающую мировым стандартам того времени. К концу XIX в. завершилась эпоха крупных и коренных преобразований финляндской тюремной системы. Собственное уголовно-исполнительное законодательство только ускорило этот процесс. Наказание лишением свободы стало основным. Повышению его роли способствовало введение в княжестве системы прогрес-сивно-поступательных стадий заключения. Финляндская прогрессивная пе-нитенциарная система заключалась в том, что арестант, пройдя все разряды и заслужив улучшение положения своим поведением и прилежанием, мог рас-считывать на ходатайство об условно-досрочном освобождении. В России по-добное освобождение было введено законом лишь в 1909 г. 
26
По мере увеличения общей безопасности и изменения в нравах общества 
кодификация уголовного законодательства Финляндии XIX в. отразила общие 
26 Полное Собрание Законов Российской империи. Собр. 3. Т. XXIX. 1909. Отд. 1. № 31330–
32882 и Дополнения. СПб.: Государственная типография, 1912. 1112 с., №  32241.
Saint-Petersburg Historical Journal N 4 (2015)225
Л. Кангаспуро
закономерности развития уголовного права европейских стран, постепенного 
законодательного утверждения общечеловеческих ценностей. Она свидетель-ствует также о взаимопроникновении, синтезе правовых культур многих стран Западной Европы. Сохранение же определенной самобытности финляндской кодификации было обусловлено относительно ранним развитием собственно финляндской национальной правовой культуры, основанной на гуманистиче-ских принципах. В целом же тюремные преобразования в Финляндии носили опережающий характер по сравнению с изменениями, проводившимися в Рос-сии. То, что финляндская тюремная система создавалась под влиянием евро-пейской науки и практики, признавалось русскими тюрьмоведами уже тогда 
27. 
Гуманистическая и демократическая направленность финляндской уголовно-исполнительной кодификации и ее практическая эффективность вызывали восхищение прогрессивной части как специалистов, так и всего российского общества. Либерально настроенные русские эксперты посещали финские тюрь-мы и перенимали опыт. Эта традиция, заложенная еще в конце XIX в., продол-
жается и по сей день 
28.
Подводя итоги выше сказанного, можно смело заявить, что европейская ин-
теграция финского не только уголовного, но и уголовно-исправительного зако-нодательства состоялась. Оно было признано одним из самых передовых среди европейских стран того времени.
ReferencesDusaev R. N. Kodifikaciâ ugolovnogo zakonodatel’stva Finlândii XIX v.: Avtoreferat dis. … d. û.n. SPb., 
1992.
Dusaev R. N. Ugolovnoe uloženie Velikogo Knâžestva Finlândskogo. Istoriâ sozdaniâ, osnovnye instituty. 
L., 1988.
Elenev F. Finlândskij sovremennyj vopros po russkim i finlândskim istočnikam. SPb., 1891.Germanson R. Stat’â 2-â rossijskih osnovnyh zakonov i finlândskaâ konstituciâ // Pravo. 1908.20.04. 
№ 16.
Grotenfel’t A. Tûremnoe delo v Velikom Knâžestve Finlândskom. Otčët, predstavlennyj finlândskim 
Tûremnym Upravleniem v aprele 1890. Gel’singfors, 1890.
Korkunov N. M. Finlândskoe Velikoe Knâžestvo // Ûridičeskaâ letopis`. 1890. Aprel`.
Nol’de, B. È. Očerki russkogo gosudarstvennogo prava. SPb., 1911.Sablina M. A. Vospriâtie Finlândii v Rossii (konec XIX — načalo XX v.). // Meždunarodnye otnošeniâ 
i dialog kul’tur: Sbornik naučnyh statej. № 1 (2012). SPb., 2013.
Sergeevskij N. D. K voprosu o finlândskoj avtonomii i osnovnyh zakonah. SPb.: Gos. tip., 1902.
Sergeevskij N. D. K voprosu o korennyh zakonah v. k. Finlândskogo. SPb., 1899.
Slučevskij V. K. Stolknovenie russkih i finlândskih zakonov // Žurnal Ministerstva Ûsticii. 1908. № 5.
Tagancev N. S. Velikoe Knâžestvo Finlândskoe: Vyderžka iz lekcìj po russkomu ugolovnomu pravu. 
T. I. Izd. 2-e. 1902.
Ûntunen A. Ssylka finnov v Sibir» iz avtonomnogo Velikogo Knâžestva Rossijskoj imperii i ssyl’nye 
v Sibiri. Hel’sinki, 1984.
27 Владимиров С. Организация тюремного дела в Финляндии // Тюремный Вестник. 1912. 
№  1. С. 203.
28 07.06.2013. Новости. Российские СИЗО станут похожими на европейские. Директор 
ФСИН Геннадий Корниенко находится с рабочим визитом в Финляндии. Уже подписан 
ряд соглашений с зарубежными коллегами.
Петербургский исторический журнал № 4 (2015)226
Уголовный кодекс Финляндии 1889 г.
Список литературы
Германсон Р. Статья 2-я российских основных законов и финляндская конституция // Право. 1908. 
20.04. № 16.
Гротенфельт А. Тюремное дело в Великом Княжестве Финляндском. Отчет, представленный фин-
ляндским Тюремным Управлением в апреле 1890. Гельсингфорс, 1890.
Дусаев Р. Н. Кодификация уголовного законодательства Финляндии XIX в.: Автореферат дис. … 
д. ю. н. СПб., 1992.
Дусаев Р. Н. Уголовное уложение Великого Княжества Финляндского. История создания, основные 
институты. Л., 1988.
Еленев Ф. Финляндский современный вопрос по русским и финляндским источникам. СПб., 1891.Коркунов Н. М. Финляндское Великое Княжество // Юридическая летопись. 1890. Апрель.
Нольде Б. Э. Очерки русского государственного права. СПб., 1911.
Саблина М. А. Восприятие Финляндии в России (конец XIX — начало XX в.) // Международные 
отношения и диалог культур: Сборник научных статей. № 1 (2012). СПб., 2013.
Сергеевский Н. Д. К вопросу о коренных законах в. к. Финляндского. СПб., 1899.
Сергеевский Н. Д. К вопросу о финляндской автономии и основных законах. СПб.: Гос. тип., 1902.
Случевский В. К. Столкновение русских и финляндских законов // Журнал Министерства Юсти-
ции. 1908. № 5.
Таганцев Н. С. Великое Княжество Финляндское: Выдержка из лекцій по русскому уголовному пра-
ву. Изд-е 2-е. [Б. м.], 1902.
Юнтунен А. Ссылка финнов в Сибирь из автономного Великого Княжества Российской империи 
и ссыльные в Сибири. Хельсинки, 1984.",2025,"18 Финляндское уголовное уложение, в связи с общим финляндским вопросом // Вестник Европы. Историко-правовой анализ Уголовного уложения Финляндии и уложений Российской империи (Уложения о преступлениях и наказаниях 1845 г. в поре-форменной редакции 1885 г. и Уголовного уложения 1903 г., проект которого был уже создан к 1885 г.) выявил разный подход к решению сходных проблем, хотя как финские, так и русские законодатели того времени были в основном сторонниками классической школы права. Дусаев Р. Н. Уголовное уложение Великого Княжества Финляндского.","Уголовное право Финляндии 1889 г. является одним из самых эффективных и эффективных в Европе, а тюрьмы — одни из лучших в мире. В Петербургском историческом журнале я попытаюсь рассказать, каким образом Финляндия достигла этого."
